user_id,product_id,category,subcategory,brand,price,discount,final_price,rating,review_count,stock,seller_id,seller_rating,purchase_date,shipping_time_days,location,device,payment_method,is_returned,delivery_status
U356787,P39256,Electronics,Mobile,H&M,33090.51,10.46,29629.31,4.9,43,71,S2679,4.3,2025-03-04,6,Bangalore,Tablet,UPI,True,Returned
U198246,P38657,Sports,Outdoor,Samsung,9368.97,5.32,8870.73,3.9,13,119,S9279,4.9,2025-12-12,1,Delhi,Tablet,UPI,True,Returned
U539898,P38893,Sports,Fitness,H&M,14756.85,26.0,10919.43,4.2,46,229,S5557,4.9,2024-04-25,1,Chennai,Mobile App,Credit Card,True,Returned
U325772,P54118,Beauty,Makeup,Sony,668.83,24.81,502.91,3.8,6,52,S2519,3.1,2025-12-18,2,Mumbai,Web,UPI,False,In Transit
U865179,P70217,Home,Decor,Sony,10881.29,48.63,5589.58,4.0,48,274,S3045,2.6,2024-05-16,5,Delhi,Web,UPI,False,Delayed
U705397,P35203,Home,Decor,HP,6155.63,17.64,5069.65,3.3,22,360,S2139,5.0,2025-07-13,5,Bangalore,Mobile App,Credit Card,True,Returned
U498591,P46434,Home,Furniture,Adidas,1104.92,37.81,687.2,3.4,14,232,S6977,3.3,2026-02-10,1,Delhi,Mobile App,Debit Card,False,In Transit
U738720,P93227,Clothing,Kids,Sony,1899.42,63.23,698.36,3.3,18,87,S9751,4.3,2024-05-27,5,Delhi,Tablet,Credit Card,False,Delivered
U330283,P99733,Beauty,Makeup,Sony,3611.18,24.77,2716.69,3.9,17,166,S1916,3.8,2024-11-03,1,Chennai,Mobile App,UPI,False,In Transit
U694731,P51245,Beauty,Makeup,Apple,3826.65,8.46,3502.76,3.4,12,108,S9179,3.2,2024-12-27,1,Mumbai,Web,Cash on Delivery,False,Delivered
U665158,P44438,Home,Furniture,Adidas,5150.37,19.6,4141.13,3.7,8,382,S8019,3.1,2025-11-02,6,Chennai,Tablet,Cash on Delivery,True,Returned
U617488,P21915,Home,Furniture,Nike,17353.88,23.78,13226.52,3.8,15,386,S1771,2.9,2025-11-29,4,Chennai,Mobile App,Credit Card,False,Delayed
U166613,P60432,Clothing,Kids,Boat,3011.46,24.81,2264.24,4.4,54,195,S8668,2.6,2025-08-17,5,Chennai,Tablet,Debit Card,False,Delayed
U887352,P44973,Electronics,Mobile,Zara,50717.33,13.38,43928.98,4.3,6,393,S6573,4.2,2024-09-01,6,Chennai,Mobile App,Debit Card,False,In Transit
U624902,P33416,Clothing,Women,Samsung,1569.37,48.01,815.89,3.4,21,259,S2743,3.8,2026-03-05,1,Bangalore,Tablet,Debit Card,False,Delayed
U492077,P31174,Sports,Cycling,Adidas,10811.67,41.43,6332.66,3.5,15,276,S9689,3.5,2024-06-29,1,Mumbai,Mobile App,Debit Card,False,In Transit
U351083,P17592,Electronics,Mobile,LG,75254.75,35.71,48383.63,5.0,5,123,S2290,3.8,2024-09-16,2,Bangalore,Mobile App,Cash on Delivery,False,Delivered
U676510,P31643,Sports,Fitness,Nike,13298.23,13.49,11504.06,4.4,6,135,S9645,3.5,2026-03-09,3,Hyderabad,Tablet,Cash on Delivery,False,Delivered
U847581,P50857,Sports,Cycling,H&M,10200.33,31.13,7024.88,4.2,17,204,S7118,2.9,2025-02-26,1,Mumbai,Web,Cash on Delivery,True,Returned
U454508,P12757,Electronics,Laptop,Adidas,46155.03,13.3,40014.69,4.8,8,301,S4770,3.9,2024-09-15,2,Delhi,Tablet,Credit Card,False,Delivered
U132938,P53309,Electronics,Mobile,Adidas,12025.61,18.76,9769.8,4.1,45,36,S9423,4.1,2024-05-23,1,Delhi,Mobile App,Debit Card,False,Delayed
U858490,P84847,Beauty,Skincare,Lenovo,2596.13,39.58,1568.45,2.9,15,295,S8744,2.5,2025-11-09,5,Mumbai,Mobile App,Cash on Delivery,False,In Transit
U471507,P65519,Clothing,Men,Apple,2426.83,27.67,1755.4,4.3,14,210,S8651,3.9,2025-07-22,3,Hyderabad,Tablet,UPI,False,Delayed
U939482,P24322,Electronics,Mobile,Boat,75211.61,39.65,45388.79,4.6,6,127,S4139,4.6,2025-01-23,2,Bangalore,Mobile App,Cash on Delivery,False,Delivered
U361941,P19880,Beauty,Skincare,Sony,1623.25,16.53,1354.94,3.4,24,226,S2604,3.0,2025-05-26,1,Hyderabad,Mobile App,UPI,False,Delivered
U604740,P38016,Clothing,Men,Boat,2285.53,44.73,1263.17,4.8,10,442,S7570,3.9,2024-12-15,3,Hyderabad,Mobile App,Credit Card,False,In Transit
U399105,P65444,Electronics,Camera,Sony,26490.59,17.61,21826.48,4.1,6,356,S8973,4.9,2025-07-29,5,Hyderabad,Mobile App,Credit Card,False,In Transit
U163918,P51104,Clothing,Men,HP,4289.1,18.3,3504.14,3.2,2,29,S1821,2.6,2024-12-21,2,Chennai,Tablet,Cash on Delivery,True,Returned
U632496,P20500,Sports,Cycling,Nike,3012.77,12.04,2650.04,4.0,4,435,S4044,3.2,2026-01-13,1,Delhi,Mobile App,UPI,False,Delayed
U358175,P85880,Clothing,Women,Apple,3820.54,24.86,2870.61,4.5,9,304,S1651,2.7,2025-03-06,1,Chennai,Tablet,UPI,False,In Transit
U373432,P36772,Sports,Cycling,Lenovo,748.84,39.35,454.16,3.5,60,342,S6147,3.5,2025-04-27,6,Bangalore,Mobile App,Debit Card,False,In Transit
U579434,P51441,Clothing,Kids,Zara,3357.92,40.19,2008.43,4.0,49,475,S2188,4.9,2025-11-10,4,Bangalore,Mobile App,Cash on Delivery,False,Delayed
U323508,P76307,Sports,Fitness,Apple,10318.94,30.8,7140.55,4.0,15,135,S3170,3.5,2024-05-24,3,Chennai,Web,UPI,False,Delivered
U974244,P81200,Home,Kitchen,Nike,4720.03,5.82,4445.33,4.0,10,360,S5956,3.5,2024-06-11,1,Hyderabad,Tablet,UPI,False,Delayed
U240814,P44664,Sports,Outdoor,Zara,10546.91,20.68,8366.32,4.1,18,59,S2753,4.4,2026-01-20,3,Delhi,Tablet,Credit Card,False,In Transit
U313487,P93130,Home,Decor,Adidas,8839.74,20.34,7042.08,4.7,12,436,S5325,3.4,2024-09-15,1,Bangalore,Tablet,Cash on Delivery,False,In Transit
U969634,P46265,Electronics,Mobile,Zara,45074.56,6.87,41977.04,4.4,17,22,S1058,4.1,2024-08-25,4,Hyderabad,Web,Credit Card,False,Delayed
U678478,P66057,Home,Furniture,H&M,7244.63,40.62,4301.78,3.5,19,287,S1158,4.7,2024-08-23,2,Hyderabad,Mobile App,UPI,False,Delayed
U710805,P82420,Clothing,Kids,Samsung,1026.8,16.07,861.82,3.9,12,75,S8041,4.7,2025-11-11,2,Bangalore,Mobile App,UPI,False,In Transit
U815198,P42706,Home,Furniture,LG,5431.33,44.62,3008.08,4.0,16,341,S2684,3.4,2025-04-29,4,Mumbai,Web,Cash on Delivery,False,Delayed
U532322,P13248,Clothing,Men,Nike,3997.16,16.67,3330.76,3.7,19,91,S6442,4.4,2024-10-04,3,Mumbai,Web,Credit Card,False,In Transit
U140605,P71694,Clothing,Kids,Apple,4202.56,34.01,2773.13,3.4,19,113,S4269,4.9,2024-10-17,1,Hyderabad,Web,Debit Card,False,In Transit
U517821,P53025,Clothing,Men,Samsung,4864.45,69.58,1479.87,3.9,9,142,S2137,2.9,2024-12-31,3,Mumbai,Web,Debit Card,True,Returned
U447235,P13617,Sports,Outdoor,Zara,6070.93,38.17,3753.68,3.8,11,59,S5279,2.9,2024-06-15,4,Chennai,Mobile App,Debit Card,False,Delivered
U557592,P89457,Electronics,Camera,LG,53513.63,14.1,45969.15,4.1,19,261,S2894,4.5,2025-03-04,1,Bangalore,Web,Credit Card,False,In Transit
U945687,P80575,Electronics,Camera,Samsung,56354.84,30.4,39222.87,3.7,125,351,S4228,2.6,2025-02-05,6,Chennai,Web,Cash on Delivery,False,Delivered
U854717,P49363,Home,Decor,LG,16400.51,31.74,11195.66,4.1,18,259,S6067,2.7,2025-12-10,2,Delhi,Tablet,Cash on Delivery,False,In Transit
U233470,P35144,Beauty,Haircare,Sony,561.72,29.05,398.57,4.0,24,215,S7211,4.4,2024-07-15,5,Chennai,Tablet,Credit Card,False,Delayed
U974224,P10053,Sports,Outdoor,Boat,4483.61,14.33,3841.32,4.0,32,155,S5700,2.8,2024-08-11,2,Chennai,Mobile App,Cash on Delivery,False,Delayed
U563246,P67954,Sports,Cycling,LG,12856.63,29.84,9020.75,4.4,23,345,S4501,3.7,2025-01-14,1,Hyderabad,Tablet,Cash on Delivery,False,Delayed
U640490,P97012,Clothing,Kids,Apple,4031.01,47.04,2134.99,3.9,25,324,S6491,3.6,2025-02-17,2,Bangalore,Mobile App,Credit Card,False,Delayed
U125611,P16057,Home,Furniture,Adidas,10765.8,32.99,7213.74,3.1,19,125,S8784,3.7,2024-06-25,4,Mumbai,Tablet,UPI,False,In Transit
U853240,P60328,Beauty,Haircare,HP,564.14,10.76,503.43,3.3,32,253,S7547,3.7,2025-09-22,1,Mumbai,Mobile App,Credit Card,False,Delayed
U284430,P77889,Electronics,Mobile,Boat,55066.83,14.75,46944.11,4.3,7,237,S1822,2.8,2024-07-08,1,Mumbai,Tablet,Credit Card,False,Delivered
U686075,P88047,Beauty,Skincare,Puma,2509.5,28.02,1806.22,3.6,6,162,S8251,4.5,2025-12-04,1,Chennai,Tablet,Cash on Delivery,False,Delayed
U571932,P43972,Beauty,Skincare,H&M,1978.27,32.82,1328.97,3.5,2,384,S5050,2.9,2025-06-27,5,Hyderabad,Tablet,Debit Card,True,Returned
U387936,P67654,Sports,Outdoor,Zara,941.85,44.02,527.2,3.2,3,39,S5681,3.0,2025-10-13,1,Mumbai,Mobile App,Debit Card,False,In Transit
U258157,P40311,Home,Decor,Apple,2694.88,20.43,2144.27,2.7,13,196,S3503,2.7,2025-09-16,1,Mumbai,Tablet,Credit Card,False,Delivered
U588557,P64496,Beauty,Makeup,LG,2271.97,17.77,1868.24,4.5,5,31,S4388,3.7,2024-05-27,2,Chennai,Web,Cash on Delivery,False,Delayed
U468845,P49139,Electronics,Camera,Puma,29776.14,22.07,23203.55,4.5,23,385,S7389,3.7,2025-09-04,5,Delhi,Web,Credit Card,False,In Transit
U130434,P60968,Clothing,Women,Boat,4193.88,60.31,1664.34,3.4,38,172,S7624,2.8,2024-04-04,4,Hyderabad,Tablet,Credit Card,False,In Transit
U513160,P87580,Clothing,Kids,Lenovo,1798.84,41.96,1044.13,3.7,13,288,S1444,3.9,2025-12-01,1,Delhi,Mobile App,Cash on Delivery,False,Delivered
U497519,P52906,Beauty,Skincare,Samsung,866.36,10.25,777.55,5.0,10,108,S8449,4.8,2024-04-13,3,Bangalore,Web,Debit Card,False,In Transit
U593152,P12540,Home,Kitchen,Sony,3361.65,13.16,2919.41,3.9,17,383,S9837,4.5,2024-04-18,5,Delhi,Mobile App,Debit Card,True,Returned
U890870,P14067,Clothing,Kids,Apple,3877.26,24.14,2941.23,4.2,25,486,S5051,3.5,2025-12-12,1,Delhi,Mobile App,UPI,False,Delayed
U801978,P24993,Clothing,Men,Nike,2476.11,54.86,1117.8,3.0,20,288,S4571,3.8,2025-12-12,1,Hyderabad,Web,Debit Card,False,In Transit
U915573,P31465,Clothing,Kids,HP,1530.61,53.83,706.64,3.4,33,493,S6096,4.4,2024-10-11,4,Delhi,Mobile App,UPI,False,In Transit
U849747,P35995,Sports,Cycling,Boat,11789.29,11.44,10440.51,4.2,8,38,S4978,3.4,2024-08-18,5,Hyderabad,Mobile App,Debit Card,False,Delayed
U464069,P79827,Sports,Fitness,HP,6260.67,40.88,3701.42,3.6,11,219,S7071,2.5,2024-12-24,3,Delhi,Mobile App,Debit Card,False,Delivered
U479781,P93307,Beauty,Makeup,Apple,3075.34,48.16,1594.31,3.2,10,456,S8532,2.9,2025-05-24,2,Hyderabad,Tablet,Credit Card,False,In Transit
U745830,P80539,Clothing,Kids,Lenovo,2776.5,65.93,946.03,4.7,36,396,S8921,2.9,2024-05-05,5,Bangalore,Web,Cash on Delivery,False,Delayed
U971084,P21359,Sports,Outdoor,LG,14048.32,46.65,7494.7,3.4,17,142,S8385,3.0,2025-12-31,4,Mumbai,Mobile App,Cash on Delivery,False,Delayed
U130094,P74789,Sports,Cycling,Boat,9314.47,22.07,7258.88,3.5,38,435,S6325,3.3,2026-02-26,1,Bangalore,Mobile App,Cash on Delivery,True,Returned
U393243,P88139,Clothing,Women,Sony,2918.28,54.25,1335.11,3.1,15,359,S5526,3.1,2025-11-01,4,Bangalore,Tablet,UPI,False,Delayed
U612311,P82768,Clothing,Men,Adidas,1244.81,26.66,913.0,3.5,10,388,S4937,4.9,2026-01-11,1,Hyderabad,Tablet,Cash on Delivery,False,Delayed
U408528,P39045,Beauty,Makeup,Samsung,4985.0,31.79,3400.15,3.9,19,207,S4986,3.4,2024-10-09,2,Delhi,Web,Debit Card,False,In Transit
U882169,P82140,Sports,Cycling,LG,9018.08,18.23,7373.9,4.0,123,169,S6764,3.5,2025-06-30,6,Hyderabad,Tablet,Cash on Delivery,False,In Transit
U856321,P35242,Home,Kitchen,Adidas,4456.63,21.8,3485.13,4.3,5,161,S2958,4.9,2024-04-21,3,Delhi,Tablet,Credit Card,False,Delivered
U859782,P87278,Clothing,Kids,Puma,4401.47,21.77,3443.41,5.0,23,500,S9595,2.9,2024-05-26,1,Bangalore,Tablet,Debit Card,False,Delivered
U288158,P49618,Clothing,Women,Adidas,1571.82,61.34,607.64,3.6,64,7,S9751,3.5,2025-01-17,5,Bangalore,Mobile App,Debit Card,False,Delivered
U768854,P74340,Electronics,Headphones,H&M,29299.25,9.3,26575.24,4.3,47,52,S1200,4.5,2025-04-13,1,Mumbai,Tablet,Debit Card,False,In Transit
U153872,P43092,Beauty,Makeup,LG,3033.42,33.09,2029.76,4.5,2,481,S8827,3.0,2025-10-03,1,Mumbai,Mobile App,UPI,False,In Transit
U259097,P29555,Beauty,Skincare,HP,2915.73,26.2,2151.87,3.8,5,415,S5978,3.9,2026-03-03,1,Delhi,Mobile App,Credit Card,False,Delivered
U929151,P91057,Sports,Outdoor,HP,14773.83,28.66,10540.23,3.7,9,115,S9561,3.8,2024-09-18,3,Chennai,Web,Cash on Delivery,False,In Transit
U696251,P91399,Home,Decor,Boat,2276.33,37.41,1424.78,3.4,8,30,S2625,4.0,2024-05-04,3,Bangalore,Mobile App,Credit Card,False,In Transit
U678805,P19838,Electronics,Laptop,Adidas,54877.75,23.16,42166.9,4.2,24,80,S1043,2.7,2026-01-22,3,Mumbai,Web,Cash on Delivery,False,Delayed
U342720,P47762,Sports,Outdoor,Sony,9350.87,47.72,4888.75,4.2,17,361,S5632,3.0,2024-06-05,5,Delhi,Tablet,Cash on Delivery,False,Delivered
U793300,P35928,Clothing,Women,Zara,1680.19,45.81,910.49,4.4,9,217,S2880,3.4,2025-01-24,5,Chennai,Tablet,Credit Card,False,Delayed
U162535,P31747,Clothing,Women,Nike,3672.16,14.67,3133.6,4.3,11,405,S6039,4.9,2024-08-02,1,Delhi,Tablet,Debit Card,False,In Transit
U833723,P62757,Electronics,Camera,H&M,38450.43,33.23,25673.49,4.8,58,482,S5460,4.8,2025-07-15,6,Bangalore,Tablet,Cash on Delivery,False,In Transit
U733039,P42816,Electronics,Mobile,Boat,53499.87,25.59,39809.66,3.4,15,13,S2496,3.0,2025-06-01,5,Bangalore,Mobile App,UPI,False,Delayed
U593355,P78021,Home,Decor,Samsung,16111.49,25.48,12006.05,5.0,28,333,S8245,3.1,2025-01-20,5,Mumbai,Web,Credit Card,False,Delayed
U592841,P55607,Beauty,Haircare,Puma,1831.4,7.94,1685.97,4.0,2,209,S6460,4.3,2026-01-13,4,Delhi,Web,UPI,False,Delivered
U402218,P96846,Home,Kitchen,H&M,17656.64,49.57,8905.06,4.3,16,483,S7561,3.4,2025-03-22,3,Hyderabad,Tablet,UPI,False,In Transit
U221552,P62976,Electronics,Headphones,Sony,62539.12,39.44,37871.86,4.2,85,442,S9431,3.1,2026-01-27,4,Bangalore,Mobile App,Cash on Delivery,False,In Transit
U752878,P75338,Electronics,Laptop,Lenovo,13285.56,6.47,12425.55,3.0,6,320,S8242,4.9,2025-01-19,4,Bangalore,Mobile App,Credit Card,False,In Transit
U832168,P73532,Sports,Fitness,Sony,14198.61,26.03,10502.28,3.4,29,62,S1472,3.5,2024-07-28,4,Hyderabad,Tablet,Credit Card,True,Returned
U679077,P63476,Clothing,Women,Lenovo,1537.56,33.05,1029.47,4.0,33,47,S4681,4.7,2026-03-09,5,Delhi,Mobile App,Cash on Delivery,False,Delivered
U633590,P45838,Clothing,Women,H&M,4977.09,51.76,2400.89,4.0,13,212,S8905,4.4,2025-08-26,6,Bangalore,Web,Credit Card,False,In Transit
U728492,P76616,Sports,Fitness,Boat,6171.96,17.28,5105.25,3.6,19,382,S3236,4.5,2024-08-20,1,Mumbai,Mobile App,Debit Card,False,In Transit
U396578,P49132,Home,Decor,Sony,2652.75,16.69,2210.03,3.8,120,428,S9022,2.8,2024-10-02,5,Delhi,Mobile App,Cash on Delivery,False,Delayed
U899929,P81228,Beauty,Makeup,LG,4437.95,45.79,2405.67,4.8,45,193,S8460,4.3,2025-11-26,3,Chennai,Web,Credit Card,False,Delayed
U997594,P63841,Clothing,Kids,Boat,4406.72,30.04,3082.92,4.0,10,22,S6213,4.7,2025-03-20,3,Mumbai,Tablet,Cash on Delivery,False,Delayed
U619389,P14852,Beauty,Makeup,Zara,818.58,38.46,503.77,4.0,13,64,S9229,3.1,2025-08-11,5,Mumbai,Tablet,Debit Card,False,Delivered
U116093,P28894,Beauty,Skincare,Lenovo,2887.25,21.95,2253.46,3.6,10,209,S3529,4.6,2024-04-08,2,Hyderabad,Mobile App,Cash on Delivery,False,In Transit
U781403,P20527,Home,Decor,H&M,15320.28,39.69,9239.9,4.3,53,436,S6383,4.1,2026-03-07,6,Hyderabad,Tablet,Cash on Delivery,False,In Transit
U171744,P40771,Beauty,Haircare,Samsung,4850.61,10.85,4324.13,4.6,18,323,S5708,2.9,2025-02-10,2,Chennai,Mobile App,UPI,True,Returned
U565230,P31805,Beauty,Skincare,Zara,4300.21,42.17,2486.96,4.3,12,355,S5906,2.8,2024-11-18,5,Delhi,Mobile App,UPI,False,In Transit
U551607,P29080,Electronics,Headphones,LG,70104.07,35.01,45562.32,3.6,11,125,S9702,3.1,2025-11-05,2,Bangalore,Web,Credit Card,False,Delivered
U749813,P99539,Clothing,Men,HP,640.1,38.39,394.35,4.0,31,123,S9153,4.4,2025-11-10,3,Hyderabad,Tablet,Credit Card,False,Delivered
U367729,P97404,Beauty,Haircare,Sony,4620.07,40.84,2733.04,3.3,19,4,S8622,3.1,2025-09-08,1,Hyderabad,Web,Credit Card,False,Delivered
U769975,P65615,Beauty,Makeup,HP,3327.29,31.56,2277.13,4.0,19,353,S5097,2.7,2026-01-08,1,Bangalore,Web,Debit Card,True,Returned
U348728,P59986,Clothing,Women,Puma,2659.72,61.61,1021.14,3.3,19,292,S6881,3.9,2025-07-06,1,Delhi,Tablet,Debit Card,False,Delayed
U387813,P11061,Home,Furniture,Zara,4996.64,47.36,2630.45,3.9,9,289,S1803,2.6,2025-03-27,1,Hyderabad,Tablet,Cash on Delivery,False,In Transit
U767542,P34920,Clothing,Kids,LG,2286.15,58.04,959.38,3.6,12,317,S5106,2.8,2025-07-10,1,Mumbai,Tablet,Credit Card,False,Delayed
U134985,P85965,Electronics,Mobile,Sony,72216.6,37.73,44967.79,4.6,33,186,S3153,4.5,2024-05-27,4,Hyderabad,Mobile App,Debit Card,False,In Transit
U924718,P80701,Beauty,Skincare,Adidas,4123.03,33.96,2722.81,4.7,24,448,S6994,4.0,2025-10-26,2,Mumbai,Tablet,Debit Card,False,Delivered
U943298,P25095,Home,Kitchen,Sony,12699.1,38.49,7810.89,3.8,56,239,S2233,2.6,2025-08-26,3,Bangalore,Mobile App,Credit Card,False,Delayed
U929090,P61717,Beauty,Haircare,LG,2567.73,23.15,1973.38,3.6,4,7,S5332,2.9,2024-06-21,1,Delhi,Tablet,UPI,False,In Transit
U712955,P59941,Home,Decor,H&M,17078.66,39.55,10324.46,5.0,28,421,S7086,3.6,2024-06-25,3,Bangalore,Mobile App,Credit Card,False,In Transit
U779112,P18285,Electronics,Headphones,HP,59394.32,14.69,50669.9,4.8,24,325,S8606,3.7,2025-12-14,3,Mumbai,Tablet,Debit Card,False,Delayed
U139019,P49893,Beauty,Skincare,Nike,2145.49,33.46,1427.52,3.9,1,252,S2902,3.7,2025-03-17,4,Delhi,Mobile App,Credit Card,False,Delayed
U803055,P80804,Clothing,Women,Puma,4418.37,45.58,2404.61,3.7,6,214,S3531,4.6,2024-08-04,1,Bangalore,Web,UPI,False,In Transit
U823811,P58566,Sports,Outdoor,Sony,3936.9,15.56,3324.31,3.8,54,111,S8264,4.2,2025-10-23,1,Delhi,Web,Credit Card,False,In Transit
U163491,P62184,Electronics,Headphones,Lenovo,15931.74,17.57,13131.93,4.7,4,141,S4109,4.5,2024-11-17,5,Bangalore,Mobile App,Cash on Delivery,False,Delivered
U122394,P16629,Clothing,Kids,Zara,2508.66,12.05,2206.33,3.2,37,402,S6464,3.3,2025-11-22,5,Chennai,Mobile App,Credit Card,False,Delayed
U714867,P38305,Clothing,Men,Lenovo,687.08,10.3,616.34,3.9,31,416,S4817,3.1,2025-04-06,1,Mumbai,Web,Credit Card,False,Delayed
U666456,P42853,Electronics,Headphones,Nike,44129.75,10.02,39706.19,4.3,22,408,S3858,4.3,2025-12-06,1,Mumbai,Mobile App,UPI,False,Delivered
U439498,P12068,Electronics,Headphones,Adidas,16712.29,39.25,10152.37,3.9,19,89,S5347,4.7,2024-08-21,2,Chennai,Mobile App,Credit Card,False,Delayed
U599380,P68756,Beauty,Haircare,Apple,3509.73,14.71,2993.61,3.3,102,398,S6931,3.4,2024-06-07,4,Delhi,Tablet,UPI,False,In Transit
U862569,P96363,Sports,Fitness,HP,14903.39,38.86,9112.04,3.8,12,266,S5941,3.5,2025-10-11,2,Delhi,Web,UPI,False,Delivered
U614084,P68138,Beauty,Makeup,Boat,3858.97,24.6,2909.62,3.8,22,37,S2323,3.3,2025-08-05,5,Delhi,Web,Credit Card,False,Delivered
U674993,P52622,Clothing,Women,HP,3244.24,45.79,1758.73,2.8,117,195,S9692,4.0,2025-02-14,6,Chennai,Web,Cash on Delivery,True,Returned
U931621,P24996,Sports,Cycling,Boat,13018.34,28.36,9326.51,3.7,19,436,S4522,2.9,2024-07-03,1,Delhi,Web,Cash on Delivery,False,Delivered
U536196,P22463,Beauty,Makeup,Puma,2092.95,38.61,1284.87,3.9,124,160,S7992,2.5,2025-12-29,5,Hyderabad,Web,Debit Card,False,In Transit
U195656,P21188,Clothing,Kids,Puma,4541.14,66.07,1540.98,3.5,15,47,S8075,3.8,2025-08-19,4,Delhi,Mobile App,Debit Card,False,Delivered
U688967,P53207,Sports,Fitness,HP,1799.58,37.29,1128.45,4.0,18,343,S3002,3.0,2025-05-08,2,Chennai,Web,Debit Card,False,Delayed
U729575,P50953,Beauty,Haircare,Samsung,3603.42,30.53,2503.33,4.5,18,180,S2697,3.8,2026-02-09,1,Bangalore,Tablet,Credit Card,False,Delivered
U986438,P82910,Beauty,Skincare,Apple,2672.84,40.72,1584.5,3.3,32,188,S2882,4.8,2025-02-21,1,Bangalore,Web,Credit Card,False,In Transit
U127529,P89822,Sports,Cycling,HP,12427.91,24.07,9436.73,3.6,26,475,S5381,3.6,2025-12-16,4,Chennai,Mobile App,Credit Card,False,In Transit
U290217,P28776,Home,Kitchen,LG,17515.93,13.03,15233.59,3.4,9,289,S7566,3.5,2024-08-01,2,Delhi,Mobile App,Credit Card,False,Delayed
U325583,P59308,Electronics,Mobile,H&M,49585.73,19.15,40089.49,5.0,11,214,S8432,3.4,2025-11-18,1,Chennai,Web,Credit Card,True,Returned
U914571,P84395,Home,Kitchen,H&M,7407.32,16.92,6153.98,4.4,111,305,S2391,3.1,2024-09-08,1,Bangalore,Mobile App,Credit Card,False,Delivered
U385320,P68079,Sports,Fitness,Zara,12105.17,15.52,10226.81,4.4,22,338,S7947,3.1,2026-02-09,1,Delhi,Web,Cash on Delivery,False,In Transit
U461939,P66349,Home,Furniture,Lenovo,1994.44,49.8,1001.28,2.8,10,56,S5640,4.9,2024-10-14,5,Delhi,Tablet,Cash on Delivery,False,Delayed
U728437,P17180,Home,Furniture,Adidas,4817.74,25.27,3600.46,3.5,69,3,S4349,3.7,2025-08-19,4,Hyderabad,Web,Credit Card,False,Delivered
U108105,P75193,Home,Kitchen,LG,19509.13,39.59,11786.05,4.4,6,382,S8055,2.7,2024-06-05,3,Delhi,Mobile App,Credit Card,False,In Transit
U685864,P97562,Sports,Cycling,Adidas,10776.8,6.63,10062.6,3.4,8,412,S6802,3.4,2025-03-21,2,Chennai,Mobile App,Cash on Delivery,False,Delayed
U181644,P51033,Electronics,Camera,Samsung,22929.15,35.57,14773.99,4.3,11,294,S8033,3.5,2024-06-17,6,Hyderabad,Tablet,Cash on Delivery,False,Delayed
U121869,P52568,Beauty,Makeup,Apple,3214.16,28.96,2283.29,3.5,30,87,S8538,3.3,2025-07-17,4,Hyderabad,Tablet,Debit Card,False,Delivered
U717476,P62487,Beauty,Skincare,Adidas,4795.15,46.97,2542.73,3.5,278,268,S2288,3.7,2024-12-14,1,Hyderabad,Web,Debit Card,False,Delayed
U180089,P76910,Home,Furniture,LG,4321.93,11.59,3821.16,3.5,16,324,S2868,3.1,2024-05-01,1,Mumbai,Tablet,Credit Card,False,In Transit
U347745,P23474,Home,Decor,Zara,3318.67,44.42,1844.36,4.2,12,74,S5193,4.0,2025-08-20,4,Mumbai,Mobile App,Credit Card,True,Returned
U285751,P92306,Sports,Fitness,Zara,3570.45,26.81,2613.32,4.2,79,252,S8601,2.9,2026-01-18,1,Delhi,Tablet,Cash on Delivery,False,Delayed
U438908,P92210,Sports,Cycling,Zara,10528.46,32.81,7073.83,3.3,37,161,S3473,3.3,2024-09-27,5,Chennai,Web,UPI,False,In Transit
U720148,P17362,Beauty,Haircare,Sony,827.41,25.24,618.57,3.6,6,180,S9312,2.9,2025-07-11,4,Bangalore,Mobile App,Debit Card,False,In Transit
U972097,P47627,Beauty,Skincare,Samsung,842.26,40.57,500.6,4.7,44,39,S2479,2.5,2024-11-26,5,Bangalore,Tablet,Cash on Delivery,False,In Transit
U571579,P84928,Sports,Cycling,H&M,7573.88,9.94,6821.18,2.9,157,333,S4084,2.9,2025-10-12,3,Delhi,Web,Cash on Delivery,True,Returned
U208529,P55015,Sports,Fitness,Samsung,12254.95,32.63,8255.71,3.8,56,365,S2381,4.9,2024-12-15,2,Hyderabad,Tablet,Credit Card,False,Delivered
U649525,P78517,Clothing,Kids,Puma,1919.33,60.45,759.05,4.9,10,312,S3600,3.6,2025-08-07,2,Hyderabad,Web,Debit Card,False,In Transit
U154909,P92691,Beauty,Makeup,LG,4435.81,49.47,2241.31,3.5,18,331,S6482,4.1,2025-03-16,1,Chennai,Mobile App,Debit Card,False,Delivered
U364236,P96057,Sports,Cycling,Boat,6120.13,25.79,4541.89,3.3,3,493,S3463,4.4,2024-12-27,5,Bangalore,Web,UPI,False,Delayed
U235215,P87993,Clothing,Women,Sony,594.25,56.15,260.56,3.1,90,362,S2388,3.1,2024-10-12,2,Hyderabad,Web,Cash on Delivery,True,Returned
U197992,P94675,Home,Furniture,Zara,19236.7,19.5,15485.6,4.0,6,343,S7937,4.0,2025-08-30,2,Chennai,Tablet,Debit Card,False,Delivered
U458332,P73736,Home,Kitchen,Nike,13473.09,46.76,7172.57,3.6,5,98,S4711,3.5,2025-09-24,2,Mumbai,Mobile App,Credit Card,False,Delivered
U975686,P79013,Home,Furniture,Lenovo,18638.03,5.57,17599.49,4.4,14,19,S6517,3.1,2025-09-11,4,Chennai,Tablet,Credit Card,False,Delayed
U971728,P91885,Beauty,Skincare,Nike,3696.76,34.53,2420.37,3.9,5,414,S3712,3.8,2024-08-05,2,Mumbai,Tablet,Cash on Delivery,False,Delivered
U565776,P90031,Beauty,Makeup,Zara,640.98,26.98,468.06,3.6,7,145,S8355,4.0,2025-01-26,5,Mumbai,Mobile App,Credit Card,False,In Transit
U561999,P70513,Beauty,Skincare,LG,3506.65,33.63,2327.25,3.5,32,393,S5616,4.5,2025-10-04,2,Chennai,Web,Cash on Delivery,False,Delivered
U154714,P94040,Clothing,Kids,Nike,4466.53,49.45,2257.67,4.4,8,246,S7081,3.0,2025-07-23,6,Bangalore,Tablet,UPI,False,Delayed
U900185,P31012,Sports,Fitness,Sony,11534.37,6.59,10774.37,3.5,38,139,S8361,4.2,2025-07-20,1,Delhi,Tablet,Credit Card,False,In Transit
U127965,P64381,Electronics,Laptop,Puma,61719.85,18.49,50308.99,5.0,37,27,S7495,3.5,2025-05-30,6,Bangalore,Tablet,Debit Card,False,Delivered
U129556,P51770,Beauty,Skincare,LG,3174.03,40.74,1880.97,3.9,8,476,S2623,4.3,2024-06-12,3,Mumbai,Tablet,Debit Card,False,Delivered
U829884,P28191,Clothing,Men,Sony,1514.47,45.96,818.39,3.7,21,388,S8685,2.7,2024-04-24,3,Hyderabad,Web,UPI,False,Delivered
U675462,P89807,Electronics,Headphones,Adidas,9391.32,23.1,7221.51,3.3,16,270,S7934,2.7,2024-07-22,1,Mumbai,Mobile App,Debit Card,False,Delivered
U540218,P93748,Home,Furniture,Samsung,14977.6,33.92,9897.88,4.9,6,406,S8489,5.0,2025-02-04,2,Mumbai,Mobile App,UPI,False,In Transit
U702980,P41711,Sports,Cycling,Samsung,8700.47,49.08,4429.92,4.1,8,367,S3352,3.2,2025-03-30,6,Chennai,Web,Cash on Delivery,False,Delivered
U536802,P34551,Sports,Outdoor,Adidas,6730.02,44.27,3750.45,3.7,30,340,S2402,4.8,2024-06-07,1,Chennai,Tablet,Debit Card,False,Delivered
U681070,P12665,Sports,Cycling,Lenovo,13686.16,40.11,8196.7,3.7,14,199,S8702,4.1,2025-11-25,1,Chennai,Mobile App,Cash on Delivery,False,In Transit
U926823,P18855,Home,Decor,Samsung,2084.04,16.11,1748.22,3.7,29,176,S4950,4.6,2026-01-30,6,Bangalore,Tablet,UPI,False,Delayed
U672536,P54374,Home,Furniture,Samsung,17208.7,30.29,11996.24,3.3,6,416,S3868,4.7,2024-08-01,3,Bangalore,Tablet,Cash on Delivery,False,Delayed
U166165,P69988,Beauty,Haircare,Nike,2888.81,7.35,2676.44,3.0,11,18,S5807,4.9,2024-09-27,1,Mumbai,Mobile App,UPI,False,Delivered
U517568,P81176,Electronics,Headphones,Sony,15872.38,38.15,9817.66,3.5,17,242,S5150,3.8,2026-03-03,6,Chennai,Mobile App,Credit Card,False,In Transit
U386488,P26315,Home,Furniture,Zara,14733.47,29.46,10393.1,3.9,8,409,S7029,2.9,2025-07-08,1,Bangalore,Web,Cash on Delivery,False,Delayed
U620306,P75211,Beauty,Makeup,LG,4337.54,38.72,2658.14,4.3,10,188,S9507,3.6,2024-07-31,5,Mumbai,Web,UPI,False,Delayed
U962287,P33652,Beauty,Skincare,Boat,1441.38,19.86,1155.13,3.9,101,279,S5813,2.9,2025-10-26,5,Chennai,Web,UPI,False,Delivered
U567576,P88986,Home,Decor,Sony,11643.46,29.86,8166.36,3.8,10,367,S7981,3.7,2024-08-24,4,Bangalore,Mobile App,Cash on Delivery,False,In Transit
U744718,P67008,Beauty,Skincare,H&M,2026.02,48.4,1045.4,3.9,4,140,S1939,3.9,2025-10-02,4,Bangalore,Mobile App,Cash on Delivery,False,In Transit
U132653,P28714,Sports,Cycling,Zara,8228.92,12.11,7232.57,4.4,38,434,S8179,4.7,2024-04-06,2,Mumbai,Mobile App,Credit Card,False,Delivered
U501451,P84349,Clothing,Kids,LG,2781.73,53.96,1280.76,3.6,51,16,S3513,2.7,2024-08-05,6,Bangalore,Tablet,Cash on Delivery,False,In Transit
U244383,P79397,Home,Kitchen,Apple,10598.93,49.28,5375.25,4.5,84,187,S7521,4.9,2025-03-22,4,Chennai,Web,Debit Card,False,Delivered
U623285,P77861,Electronics,Mobile,H&M,54210.05,33.8,35885.13,4.1,5,198,S2929,4.6,2025-05-27,2,Mumbai,Web,Debit Card,False,Delayed
U827691,P74382,Beauty,Skincare,HP,1708.88,41.97,991.6,2.8,10,102,S3009,4.7,2024-04-29,2,Bangalore,Mobile App,UPI,False,In Transit
U949884,P99381,Clothing,Kids,Puma,1599.53,35.21,1036.38,3.9,30,495,S6236,4.1,2025-09-02,1,Delhi,Tablet,Debit Card,False,Delayed
U846385,P93584,Electronics,Headphones,Sony,51569.64,27.19,37545.29,4.5,9,89,S6922,2.5,2024-09-10,1,Mumbai,Tablet,Credit Card,False,Delivered
U127560,P57303,Clothing,Men,Adidas,1252.09,14.62,1068.98,4.2,13,283,S7044,2.7,2025-09-21,6,Hyderabad,Web,Credit Card,False,Delayed
U851759,P72739,Electronics,Mobile,Sony,62236.65,33.26,41537.45,4.9,28,269,S7730,2.8,2024-07-15,3,Hyderabad,Web,UPI,False,Delivered
U588461,P99143,Home,Decor,Apple,17426.71,48.96,8895.29,3.9,7,264,S6644,2.6,2026-01-16,1,Hyderabad,Mobile App,Credit Card,False,Delivered
U643269,P30056,Beauty,Haircare,Samsung,4869.33,36.47,3093.52,4.4,157,155,S3697,3.2,2024-12-13,3,Delhi,Mobile App,Debit Card,False,Delayed
U987025,P20336,Clothing,Women,Lenovo,1006.61,24.51,759.85,3.8,14,128,S4216,2.7,2026-02-23,1,Bangalore,Tablet,Debit Card,False,Delivered
U626986,P94015,Home,Decor,Lenovo,12377.36,44.48,6872.31,3.3,5,86,S3526,3.2,2024-04-08,4,Delhi,Mobile App,Debit Card,False,Delayed
U772612,P85598,Electronics,Mobile,Apple,37188.69,13.83,32045.21,4.1,4,135,S4453,4.8,2024-08-11,4,Delhi,Tablet,Cash on Delivery,True,Returned
U757629,P81509,Sports,Cycling,Samsung,8002.97,24.37,6052.71,3.6,3,148,S5949,2.9,2024-06-04,1,Hyderabad,Web,Credit Card,False,Delayed
U822063,P17852,Beauty,Makeup,Puma,3986.25,35.44,2573.56,3.7,12,80,S8202,4.1,2025-06-05,3,Delhi,Web,Cash on Delivery,False,In Transit
U427766,P51853,Clothing,Women,HP,3202.93,14.26,2746.32,3.5,5,375,S6658,4.8,2025-02-14,3,Mumbai,Web,Credit Card,False,In Transit
U353480,P71141,Sports,Cycling,Apple,9526.54,26.14,7036.45,3.3,1,62,S5382,2.5,2025-02-19,1,Bangalore,Web,Credit Card,False,Delivered
U745270,P64805,Electronics,Mobile,Sony,5574.8,33.09,3730.07,4.1,308,127,S3616,3.2,2024-04-17,3,Hyderabad,Web,Debit Card,True,Returned
U589491,P75373,Clothing,Men,Puma,1780.53,44.49,988.43,3.8,11,450,S6055,3.5,2024-09-04,6,Chennai,Web,UPI,True,Returned
U352422,P38199,Electronics,Camera,Lenovo,59739.52,15.39,50548.32,4.7,30,298,S6781,3.1,2024-06-30,6,Hyderabad,Mobile App,UPI,True,Returned
U399628,P80345,Home,Kitchen,HP,14045.21,25.53,10459.38,3.5,14,4,S2761,4.8,2025-01-06,4,Hyderabad,Web,Credit Card,False,In Transit
U520040,P16705,Home,Kitchen,LG,15247.16,34.09,10049.36,4.1,50,291,S4189,4.8,2025-07-11,5,Delhi,Web,Debit Card,False,Delivered
U393308,P91689,Beauty,Haircare,Puma,778.68,7.99,716.46,3.2,22,348,S2946,3.8,2024-04-23,1,Chennai,Mobile App,UPI,False,In Transit
U891638,P28909,Home,Kitchen,Lenovo,8588.01,14.72,7323.66,4.6,17,101,S9341,4.2,2024-08-12,6,Bangalore,Web,UPI,False,Delivered
U943019,P72094,Electronics,Laptop,H&M,37244.83,20.62,29563.2,4.4,32,265,S8487,4.4,2024-07-06,4,Bangalore,Mobile App,Credit Card,False,In Transit
U746447,P49221,Sports,Outdoor,Nike,897.59,22.68,693.98,4.5,440,303,S6511,2.9,2025-01-25,4,Hyderabad,Tablet,Cash on Delivery,False,Delayed
U486251,P53416,Sports,Outdoor,Puma,9864.42,33.66,6544.0,3.6,16,344,S2795,2.8,2024-09-24,5,Delhi,Web,Debit Card,False,Delayed
U705693,P39824,Electronics,Camera,Sony,68535.46,8.68,62583.79,3.9,22,369,S1841,2.6,2024-12-03,2,Chennai,Tablet,Cash on Delivery,True,Returned
U912233,P59832,Clothing,Kids,Zara,1220.11,27.35,886.35,3.8,25,75,S4968,4.6,2024-12-28,6,Chennai,Mobile App,UPI,False,Delivered
U258787,P64127,Electronics,Camera,LG,78800.99,16.91,65472.95,4.0,23,353,S4340,2.9,2025-12-21,1,Hyderabad,Web,Cash on Delivery,False,Delayed
U688132,P52604,Electronics,Laptop,Lenovo,23518.06,11.2,20883.81,5.0,21,339,S8837,3.9,2025-07-29,4,Mumbai,Tablet,Cash on Delivery,False,In Transit
U672808,P56437,Clothing,Women,Lenovo,3112.1,39.33,1887.99,4.0,49,346,S5331,3.7,2025-10-31,1,Bangalore,Tablet,Cash on Delivery,False,Delivered
U335790,P49008,Clothing,Women,Lenovo,1165.93,17.94,956.73,4.6,95,394,S5735,4.7,2024-11-03,6,Bangalore,Tablet,Credit Card,False,Delayed
U687713,P45842,Beauty,Makeup,Puma,4012.21,44.47,2228.02,4.0,19,147,S2996,3.7,2024-12-05,4,Bangalore,Tablet,Cash on Delivery,False,In Transit
U401602,P20358,Home,Furniture,Sony,10926.44,32.26,7401.68,3.8,39,177,S8247,5.0,2026-03-08,1,Delhi,Tablet,Debit Card,False,Delayed
U384303,P83664,Beauty,Skincare,Adidas,2952.94,14.02,2538.9,4.4,16,356,S5450,3.1,2025-12-03,3,Chennai,Mobile App,UPI,False,Delayed
U802371,P79604,Sports,Fitness,Adidas,11557.65,46.82,6146.75,5.0,31,115,S4814,4.5,2026-02-09,4,Delhi,Mobile App,UPI,False,In Transit
U814281,P28018,Home,Decor,Puma,19191.51,35.46,12386.78,3.7,47,2,S3587,4.6,2025-10-01,2,Delhi,Web,Cash on Delivery,False,In Transit
U777273,P17754,Clothing,Women,LG,1142.83,55.97,503.22,4.0,58,464,S2465,3.2,2025-10-25,1,Bangalore,Tablet,Credit Card,False,Delayed
U138105,P62034,Electronics,Laptop,Boat,56555.48,25.2,42305.52,4.0,28,403,S9116,4.3,2025-02-28,1,Mumbai,Mobile App,Debit Card,False,Delivered
U212512,P53914,Electronics,Headphones,HP,8766.95,14.84,7466.36,4.3,16,145,S8444,4.6,2024-08-03,5,Chennai,Tablet,Cash on Delivery,False,Delivered
U948102,P24764,Sports,Outdoor,Sony,6533.76,39.18,3973.67,4.2,8,169,S3662,4.6,2025-07-26,5,Mumbai,Tablet,Cash on Delivery,False,Delayed
U872399,P54185,Home,Decor,Nike,10999.29,18.64,8948.61,4.2,3,404,S5833,4.4,2024-06-01,3,Delhi,Tablet,Credit Card,False,Delivered
U640310,P52982,Sports,Cycling,Boat,9628.59,7.44,8911.75,3.5,61,44,S7567,2.6,2025-03-20,1,Hyderabad,Tablet,UPI,False,Delivered
U107161,P44181,Clothing,Women,LG,3681.39,24.81,2768.06,3.4,61,196,S4858,2.8,2024-07-13,2,Mumbai,Web,Debit Card,False,In Transit
U111991,P44282,Home,Decor,H&M,11864.37,24.01,9016.05,4.2,16,334,S6890,4.2,2024-10-05,3,Chennai,Tablet,Credit Card,True,Returned
U267475,P63138,Electronics,Mobile,Puma,42036.05,10.84,37477.93,4.7,69,351,S9233,2.8,2026-01-25,1,Bangalore,Tablet,Debit Card,False,Delayed
U331577,P38721,Electronics,Headphones,LG,55708.12,39.98,33435.28,4.4,7,490,S3188,3.7,2026-03-20,4,Chennai,Web,Credit Card,False,In Transit
U593699,P80453,Sports,Outdoor,Boat,12954.87,13.37,11222.67,2.8,76,410,S4578,4.1,2024-09-12,2,Chennai,Mobile App,UPI,True,Returned
U181896,P83946,Sports,Outdoor,Lenovo,9312.41,18.29,7609.3,4.1,8,57,S2011,4.9,2025-04-29,2,Bangalore,Tablet,Credit Card,False,Delayed
U995993,P78202,Sports,Fitness,Nike,1737.45,6.94,1616.95,4.3,33,226,S2904,3.2,2024-11-14,6,Bangalore,Tablet,Credit Card,False,Delayed
U567122,P17292,Sports,Outdoor,Apple,780.25,10.6,697.57,3.7,1,232,S3161,4.0,2025-02-25,6,Chennai,Tablet,Cash on Delivery,False,In Transit
U805448,P50392,Sports,Fitness,Lenovo,10324.36,19.03,8359.23,4.3,41,370,S1356,2.8,2026-01-28,4,Hyderabad,Web,Debit Card,False,Delivered
U544278,P55158,Clothing,Kids,Apple,3965.71,11.05,3527.37,4.3,9,358,S2044,4.1,2024-11-30,1,Delhi,Tablet,UPI,False,Delivered
U288724,P27750,Beauty,Skincare,Sony,2832.23,35.4,1829.59,4.5,24,392,S7887,3.0,2024-03-31,1,Hyderabad,Web,Cash on Delivery,False,In Transit
U239449,P95660,Beauty,Makeup,Apple,4699.42,26.3,3463.33,3.9,12,440,S6697,4.9,2026-02-13,4,Chennai,Mobile App,Credit Card,False,Delayed
U975373,P10455,Beauty,Haircare,Nike,4821.29,21.46,3786.85,3.5,11,387,S1372,4.6,2024-11-08,1,Mumbai,Web,Cash on Delivery,False,Delayed
U963355,P40102,Sports,Outdoor,Lenovo,13643.1,12.37,11954.81,4.5,33,126,S8546,4.3,2024-04-28,4,Hyderabad,Web,Credit Card,False,In Transit
U948799,P96533,Clothing,Kids,Apple,772.83,39.84,464.94,3.0,9,214,S1256,3.8,2024-08-04,1,Delhi,Mobile App,Credit Card,False,Delivered
U804667,P16380,Electronics,Mobile,Puma,55971.52,24.13,42465.48,4.1,18,125,S1724,3.7,2025-02-11,6,Chennai,Web,Cash on Delivery,False,Delivered
U628373,P47914,Sports,Fitness,Samsung,8144.87,22.63,6301.39,3.5,27,119,S6224,5.0,2025-01-07,3,Mumbai,Tablet,Debit Card,False,Delivered
U331780,P64206,Home,Furniture,Zara,11821.26,31.71,8072.71,4.0,10,153,S5508,4.6,2025-10-01,2,Chennai,Mobile App,Credit Card,True,Returned
U461145,P94320,Beauty,Haircare,Puma,2096.99,48.52,1079.59,4.3,14,343,S7244,3.1,2026-01-09,5,Delhi,Tablet,Debit Card,False,Delayed
U494747,P34101,Beauty,Makeup,Nike,2912.41,27.45,2112.94,4.1,16,386,S9813,2.6,2026-02-24,2,Bangalore,Web,Credit Card,False,Delivered
U160423,P83713,Home,Decor,Nike,10778.99,16.06,9047.74,4.3,16,211,S7824,3.2,2024-05-08,5,Hyderabad,Tablet,Credit Card,False,In Transit
U778120,P20363,Clothing,Women,Adidas,4637.89,32.3,3139.69,4.6,11,472,S8369,3.6,2024-11-16,3,Bangalore,Web,UPI,True,Returned
U381502,P59436,Sports,Cycling,Adidas,8820.7,23.7,6730.0,3.5,42,344,S1647,4.7,2024-09-19,1,Delhi,Mobile App,Credit Card,False,Delayed
U449138,P49739,Sports,Fitness,Puma,8911.29,28.25,6393.72,3.5,52,489,S1251,4.8,2026-03-21,3,Mumbai,Mobile App,Credit Card,False,Delayed
U837954,P36805,Electronics,Camera,Adidas,68438.72,24.06,51973.94,4.2,9,203,S4921,2.6,2025-09-20,3,Chennai,Tablet,Debit Card,False,In Transit
U423404,P44283,Beauty,Makeup,Lenovo,4421.58,9.28,4011.37,4.3,42,184,S9401,3.8,2024-04-25,2,Bangalore,Web,Cash on Delivery,False,Delivered
U428122,P64254,Beauty,Makeup,Adidas,4668.85,29.6,3286.8,5.0,47,23,S4625,2.6,2026-03-01,4,Bangalore,Tablet,Credit Card,False,Delivered
U854987,P64732,Home,Decor,HP,6779.78,5.07,6436.29,4.2,6,151,S3497,3.6,2024-04-05,1,Chennai,Mobile App,Debit Card,False,Delivered
U677390,P95800,Beauty,Haircare,Adidas,4120.54,21.69,3226.7,4.6,3,483,S6530,3.5,2025-07-25,1,Hyderabad,Web,Cash on Delivery,False,Delayed
U277487,P28344,Beauty,Makeup,Nike,2684.46,33.28,1791.08,2.7,14,368,S9954,2.8,2025-04-19,4,Bangalore,Web,Credit Card,False,Delayed
U901467,P10836,Electronics,Mobile,Apple,47006.88,20.71,37272.47,4.1,13,211,S3252,2.8,2024-10-31,2,Delhi,Tablet,Credit Card,False,Delivered
U578160,P58916,Clothing,Men,Adidas,4327.12,18.53,3525.29,4.2,6,30,S8916,4.3,2025-02-16,5,Chennai,Tablet,Cash on Delivery,False,Delivered
U655134,P46010,Electronics,Camera,Samsung,59529.26,10.71,53155.92,4.7,46,274,S5697,4.5,2025-03-01,1,Delhi,Mobile App,Cash on Delivery,True,Returned
U256130,P41584,Clothing,Men,Apple,4088.96,43.54,2308.67,4.8,20,98,S9625,2.6,2024-06-19,1,Chennai,Web,Debit Card,False,In Transit
U581294,P84055,Beauty,Skincare,LG,1060.43,29.87,743.66,3.3,15,124,S4700,4.2,2025-06-19,2,Hyderabad,Web,UPI,False,Delayed
U495490,P82443,Electronics,Mobile,Boat,51877.19,15.95,43602.67,4.3,22,243,S1919,2.6,2024-04-20,4,Hyderabad,Tablet,UPI,False,Delayed
U776234,P53420,Clothing,Men,Puma,1794.35,30.04,1255.27,3.5,93,289,S2562,3.4,2026-03-10,6,Hyderabad,Tablet,UPI,False,Delivered
U384263,P16102,Clothing,Kids,HP,2000.58,32.89,1342.66,3.5,28,473,S2218,4.0,2024-07-20,3,Hyderabad,Tablet,Debit Card,False,Delayed
U991737,P51220,Sports,Cycling,Samsung,666.47,25.26,498.15,4.0,20,8,S4394,4.3,2024-09-07,1,Mumbai,Tablet,Credit Card,False,Delayed
U691353,P41519,Beauty,Skincare,Sony,1468.53,26.74,1075.89,3.4,7,290,S7375,2.9,2024-08-31,1,Mumbai,Tablet,Debit Card,False,In Transit
U625119,P55332,Clothing,Kids,H&M,1274.5,51.75,614.97,3.4,18,27,S2600,2.5,2025-04-19,1,Delhi,Web,Credit Card,False,Delivered
U515973,P52778,Home,Decor,HP,13844.5,19.08,11202.85,4.3,4,15,S5478,2.8,2025-06-09,5,Chennai,Web,Cash on Delivery,False,Delivered
U294760,P99088,Home,Decor,Boat,5048.62,39.75,3041.61,3.1,83,299,S7227,2.5,2025-10-31,5,Hyderabad,Mobile App,Debit Card,False,Delivered
U498458,P93086,Electronics,Mobile,Sony,48719.45,34.39,31963.34,4.6,7,78,S7383,2.5,2024-04-30,5,Mumbai,Web,Debit Card,False,Delivered
U477400,P45358,Electronics,Mobile,Sony,37518.71,14.05,32245.49,5.0,12,52,S3170,3.1,2025-03-16,2,Hyderabad,Mobile App,Credit Card,False,In Transit
U527865,P23538,Beauty,Haircare,Lenovo,1179.32,41.83,686.05,3.8,15,13,S2468,3.1,2025-04-19,6,Chennai,Web,UPI,False,Delayed
U406024,P64238,Sports,Outdoor,Boat,10256.64,8.65,9369.26,4.2,32,198,S2387,4.5,2024-11-30,2,Delhi,Tablet,Credit Card,False,Delayed
U277735,P28198,Sports,Fitness,Zara,4726.69,39.68,2850.98,3.2,14,137,S5933,3.2,2025-07-06,3,Hyderabad,Web,Cash on Delivery,False,Delivered
U541557,P49289,Electronics,Laptop,Boat,32633.67,27.06,23803.44,4.5,7,247,S2260,3.8,2025-12-27,2,Bangalore,Web,Debit Card,False,Delivered
U580102,P24021,Beauty,Haircare,HP,2600.38,31.95,1769.61,4.0,5,69,S5991,2.6,2024-12-23,4,Mumbai,Mobile App,Cash on Delivery,False,In Transit
U450996,P66441,Sports,Outdoor,LG,6427.27,46.58,3433.37,3.9,7,417,S3230,4.2,2026-01-12,1,Hyderabad,Web,Debit Card,False,Delayed
U517584,P51830,Clothing,Women,LG,4163.57,28.59,2973.27,3.9,3,149,S9044,3.4,2024-10-15,1,Mumbai,Tablet,Credit Card,False,In Transit
U219420,P83905,Beauty,Makeup,Boat,4586.18,19.7,3682.55,3.9,2,102,S9939,4.8,2025-03-25,1,Bangalore,Mobile App,UPI,False,Delayed
U936433,P48185,Beauty,Haircare,Adidas,2703.68,44.8,1492.51,3.6,2,425,S2133,4.0,2024-08-21,6,Hyderabad,Web,Cash on Delivery,False,Delivered
U849979,P65460,Home,Furniture,Sony,4405.81,10.29,3952.46,4.3,50,404,S7176,3.9,2025-07-13,1,Mumbai,Mobile App,Cash on Delivery,False,Delayed
U631221,P64827,Beauty,Haircare,Boat,4431.98,33.56,2944.66,3.4,24,278,S1602,3.1,2025-06-18,2,Chennai,Web,UPI,False,Delivered
U274418,P94803,Clothing,Kids,Zara,2259.65,46.98,1198.11,2.8,82,313,S1725,4.2,2025-12-22,6,Bangalore,Tablet,Cash on Delivery,False,In Transit
U371306,P39098,Beauty,Skincare,Samsung,1772.25,30.89,1224.74,3.8,138,261,S9499,2.9,2025-02-05,4,Delhi,Tablet,Credit Card,False,In Transit
U823975,P75597,Home,Kitchen,Puma,8445.33,27.85,6093.2,3.7,19,77,S6651,4.2,2024-05-14,1,Chennai,Mobile App,Cash on Delivery,False,Delivered
U971699,P28569,Home,Kitchen,Apple,5216.11,37.91,3238.72,4.4,45,178,S6110,4.6,2024-12-13,4,Delhi,Web,Cash on Delivery,False,Delivered
U202365,P67431,Sports,Outdoor,LG,3159.91,43.47,1786.18,3.8,55,369,S8412,4.1,2025-01-28,5,Hyderabad,Web,UPI,False,In Transit
U779445,P24334,Electronics,Mobile,Samsung,6163.12,11.36,5462.97,4.2,31,346,S3692,2.7,2024-07-07,4,Bangalore,Tablet,Credit Card,False,Delayed
U687044,P65885,Clothing,Kids,Nike,4117.17,29.27,2912.09,3.5,6,490,S8570,3.4,2025-04-02,3,Bangalore,Mobile App,Cash on Delivery,False,Delayed
U514798,P13826,Clothing,Men,Zara,703.94,59.88,282.41,3.6,57,377,S4232,2.8,2025-03-19,4,Hyderabad,Web,Cash on Delivery,True,Returned
U315780,P46483,Beauty,Skincare,H&M,2830.56,20.76,2242.96,4.4,43,385,S2025,4.1,2024-11-14,2,Mumbai,Tablet,UPI,False,Delayed
U579776,P24936,Clothing,Women,LG,1264.46,64.49,448.96,4.1,84,134,S9019,3.9,2025-11-01,1,Mumbai,Tablet,Debit Card,False,Delayed
U219781,P55603,Beauty,Haircare,Boat,3638.71,14.1,3125.6,3.3,9,180,S8501,4.7,2025-07-20,3,Chennai,Tablet,Credit Card,False,Delayed
U804758,P27556,Home,Decor,HP,11600.62,24.97,8703.52,4.2,18,160,S2931,4.2,2024-07-27,1,Delhi,Mobile App,Debit Card,False,Delivered
U635638,P60916,Clothing,Women,H&M,4725.81,21.46,3711.86,3.3,40,214,S3258,2.7,2025-12-13,3,Mumbai,Tablet,Cash on Delivery,False,In Transit
U827117,P94575,Clothing,Women,Zara,4197.42,56.42,1829.25,3.5,31,476,S3838,3.2,2025-09-09,1,Chennai,Tablet,Credit Card,False,In Transit
U982885,P69113,Home,Furniture,Nike,16662.21,40.27,9952.38,3.3,14,317,S1878,4.2,2025-12-25,5,Bangalore,Web,UPI,False,In Transit
U629990,P95599,Clothing,Men,Boat,3866.02,59.6,1561.91,4.1,56,253,S7703,3.1,2025-02-28,3,Chennai,Tablet,Cash on Delivery,False,In Transit
U692862,P14044,Beauty,Makeup,Nike,307.64,40.27,183.76,2.9,38,407,S4613,2.5,2025-11-12,4,Delhi,Web,UPI,True,Returned
U276379,P69942,Home,Furniture,Lenovo,15483.75,32.88,10392.9,5.0,55,289,S9115,3.5,2025-12-09,5,Bangalore,Tablet,UPI,False,Delayed
U668373,P15453,Electronics,Headphones,Lenovo,10199.62,25.26,7623.26,4.4,24,389,S8231,3.4,2024-04-02,3,Bangalore,Tablet,Credit Card,False,In Transit
U571578,P44447,Electronics,Laptop,Sony,44575.81,33.15,29796.93,4.6,99,178,S2425,4.6,2025-10-03,2,Delhi,Web,UPI,False,Delivered
U845279,P89988,Clothing,Kids,HP,4386.39,13.26,3804.6,3.9,21,323,S8015,2.9,2024-06-11,6,Bangalore,Mobile App,Credit Card,False,Delivered
U658136,P46842,Clothing,Men,HP,3196.86,50.07,1596.33,3.7,28,305,S9827,2.6,2024-10-28,4,Bangalore,Mobile App,Debit Card,False,Delayed
U999695,P77425,Home,Kitchen,HP,9642.58,33.76,6387.59,4.5,27,460,S2560,4.0,2024-11-22,2,Bangalore,Mobile App,Cash on Delivery,False,Delivered
U361805,P29168,Home,Decor,Nike,1987.8,8.81,1812.77,4.3,26,364,S6277,3.0,2025-06-14,5,Mumbai,Mobile App,Cash on Delivery,False,In Transit
U758309,P64293,Clothing,Kids,Zara,4487.42,58.16,1877.61,4.0,45,192,S8405,4.6,2024-09-17,1,Bangalore,Mobile App,UPI,False,In Transit
U576782,P73968,Sports,Cycling,Sony,12346.12,43.36,6992.27,3.6,16,167,S1040,3.7,2024-05-16,4,Bangalore,Tablet,UPI,False,Delayed
U991401,P18300,Beauty,Haircare,Zara,2304.59,49.34,1167.54,4.1,5,407,S9756,2.8,2025-11-02,5,Bangalore,Web,Credit Card,False,In Transit
U968581,P47171,Clothing,Women,Sony,2098.94,58.54,870.19,3.6,7,172,S9967,3.3,2025-12-23,6,Bangalore,Tablet,Credit Card,False,Delayed
U148174,P23051,Beauty,Makeup,Zara,2987.36,11.48,2644.31,3.1,43,320,S8529,3.6,2024-06-01,5,Delhi,Mobile App,UPI,False,Delivered
U312146,P27290,Beauty,Makeup,Samsung,1553.21,13.58,1342.24,4.1,2,451,S5945,4.7,2025-09-17,4,Hyderabad,Mobile App,Debit Card,False,Delivered
U796787,P95054,Home,Kitchen,Apple,16962.05,21.72,13278.57,3.9,4,84,S1848,3.7,2026-01-04,1,Bangalore,Web,Debit Card,False,Delayed
U837880,P22475,Clothing,Women,Zara,2126.32,37.24,1334.49,3.6,28,0,S4496,4.5,2025-03-31,4,Delhi,Web,UPI,False,Delivered
U109738,P11056,Sports,Fitness,Lenovo,6340.25,48.66,3255.05,3.9,23,356,S6629,3.9,2025-12-01,3,Hyderabad,Mobile App,Cash on Delivery,False,Delayed
U501677,P21708,Clothing,Women,Apple,1753.89,27.14,1277.84,3.3,25,374,S2678,4.8,2024-10-20,5,Mumbai,Mobile App,Debit Card,False,In Transit
U772741,P98753,Home,Furniture,Boat,14859.81,49.48,7506.66,5.0,193,73,S2120,4.1,2026-01-03,5,Mumbai,Tablet,UPI,False,Delayed
U758589,P29840,Clothing,Women,LG,740.82,43.26,420.34,3.5,7,470,S7745,4.9,2025-10-16,1,Mumbai,Tablet,Cash on Delivery,False,Delivered
U718213,P60335,Electronics,Mobile,Nike,50745.62,32.04,34487.7,4.7,91,179,S8035,4.0,2025-05-20,5,Delhi,Web,Credit Card,False,Delivered
U680278,P88774,Home,Decor,Apple,8559.45,6.37,8014.14,3.6,6,307,S5668,4.8,2025-12-24,2,Mumbai,Tablet,UPI,False,Delayed
U634273,P34726,Home,Furniture,Lenovo,1954.62,24.72,1471.48,3.7,26,382,S7418,3.0,2024-11-16,3,Chennai,Web,UPI,False,Delivered
U623850,P93634,Beauty,Makeup,Apple,4591.84,46.51,2456.33,4.3,95,304,S2163,4.4,2026-03-17,1,Mumbai,Tablet,UPI,False,In Transit
U541307,P57895,Home,Furniture,Boat,5501.73,46.81,2926.29,3.5,17,279,S3830,3.6,2024-09-17,5,Chennai,Web,UPI,False,Delivered
U326222,P15220,Sports,Fitness,Samsung,5316.98,18.22,4348.23,3.9,13,472,S1990,4.2,2025-08-21,3,Bangalore,Web,Debit Card,False,Delayed
U186431,P93956,Sports,Outdoor,Boat,11216.47,17.49,9255.17,4.4,87,274,S9808,3.2,2024-06-13,6,Hyderabad,Tablet,Credit Card,False,In Transit
U313068,P30365,Electronics,Headphones,Apple,15669.14,23.94,11918.72,3.3,16,274,S6353,2.9,2026-01-31,3,Chennai,Web,UPI,True,Returned
U160718,P42044,Home,Decor,Boat,19393.45,16.1,16271.17,5.0,13,44,S8118,3.2,2024-04-28,1,Mumbai,Mobile App,Cash on Delivery,False,Delayed
U225245,P11660,Sports,Fitness,Sony,11870.99,25.81,8807.37,3.7,35,362,S3248,3.4,2024-07-09,1,Mumbai,Tablet,UPI,False,Delivered
U921021,P43980,Beauty,Makeup,Lenovo,713.87,37.84,443.76,3.9,37,85,S7092,2.8,2024-11-24,4,Chennai,Mobile App,Debit Card,False,Delayed
U385192,P78662,Electronics,Mobile,LG,60119.44,25.86,44570.83,3.8,15,32,S5308,3.4,2025-02-04,1,Hyderabad,Tablet,UPI,False,In Transit
U623879,P84302,Beauty,Haircare,LG,2990.8,44.29,1666.3,4.8,25,85,S7024,4.9,2025-06-02,1,Delhi,Mobile App,Debit Card,False,Delivered
U339499,P76692,Sports,Cycling,H&M,1597.09,21.27,1257.4,3.9,8,1,S1721,4.0,2025-08-16,4,Delhi,Mobile App,Credit Card,True,Returned
U257375,P33456,Electronics,Camera,LG,60415.0,11.04,53746.19,3.5,35,476,S1579,3.6,2025-04-29,5,Hyderabad,Tablet,Cash on Delivery,False,Delivered
U384434,P20208,Home,Furniture,Boat,15858.96,10.21,14240.31,4.0,12,292,S7108,4.0,2025-07-24,6,Bangalore,Mobile App,UPI,False,Delivered
U172274,P70960,Clothing,Kids,Samsung,3099.34,38.64,1901.72,3.2,4,443,S5625,3.0,2024-12-17,1,Hyderabad,Web,Debit Card,False,Delivered
U310418,P48219,Sports,Outdoor,Samsung,3707.96,22.14,2886.85,4.1,31,288,S5979,3.2,2024-11-29,3,Bangalore,Tablet,Credit Card,False,In Transit
U868043,P81638,Home,Decor,Puma,13904.78,32.08,9444.72,3.9,30,389,S5016,4.1,2024-10-21,5,Mumbai,Mobile App,UPI,False,In Transit
U766833,P11257,Electronics,Laptop,Lenovo,77836.32,9.07,70774.58,4.9,23,486,S6488,4.1,2025-10-10,4,Bangalore,Mobile App,Cash on Delivery,False,Delayed
U349736,P65026,Home,Furniture,Adidas,18863.48,24.72,14200.81,4.8,14,251,S1981,4.1,2025-06-28,6,Chennai,Mobile App,Debit Card,False,Delivered
U834891,P58823,Electronics,Laptop,Lenovo,10258.11,6.47,9594.71,3.3,14,234,S2391,2.7,2025-10-31,5,Hyderabad,Tablet,UPI,False,Delayed
U720647,P84425,Clothing,Kids,Boat,4859.04,13.01,4226.74,2.7,10,31,S8126,3.5,2024-09-02,4,Delhi,Tablet,Credit Card,False,Delivered
U834764,P52762,Home,Kitchen,LG,13871.32,42.1,8031.33,4.1,15,162,S8417,3.1,2024-05-17,6,Hyderabad,Web,Credit Card,False,Delivered
U262959,P23848,Clothing,Men,HP,3956.58,42.85,2261.25,4.1,15,84,S8365,2.6,2024-04-22,5,Delhi,Web,Debit Card,False,In Transit
U423284,P70731,Electronics,Headphones,Adidas,25399.9,30.49,17654.71,4.7,6,135,S2964,2.8,2025-05-21,6,Hyderabad,Mobile App,Credit Card,False,Delayed
U142288,P38183,Home,Decor,H&M,9633.66,13.6,8323.39,2.7,5,427,S6370,3.0,2026-01-27,3,Chennai,Mobile App,UPI,False,Delayed
U151328,P98759,Clothing,Women,Boat,1502.04,19.61,1207.44,3.7,5,153,S5262,4.3,2024-05-30,1,Chennai,Mobile App,UPI,False,In Transit
U361989,P22415,Beauty,Haircare,H&M,451.48,20.1,360.72,3.8,18,236,S2669,4.9,2024-04-04,5,Chennai,Mobile App,UPI,False,Delivered
U963684,P62505,Electronics,Laptop,Nike,15159.47,6.77,14132.9,4.0,11,190,S2376,4.3,2026-01-22,1,Mumbai,Tablet,Debit Card,False,Delivered
U948611,P26880,Electronics,Mobile,Adidas,76006.7,17.74,62520.11,4.5,20,47,S6432,4.3,2025-11-16,2,Hyderabad,Mobile App,UPI,False,In Transit
U961599,P61773,Electronics,Laptop,HP,25361.9,19.91,20311.27,4.3,32,254,S1483,3.1,2024-07-31,5,Hyderabad,Web,Cash on Delivery,False,Delivered
U393448,P68459,Home,Furniture,Nike,4671.74,17.93,3834.11,3.4,5,452,S3435,4.4,2026-02-27,5,Bangalore,Mobile App,Credit Card,False,Delayed
U602300,P17992,Home,Kitchen,Boat,14182.31,14.39,12141.98,4.2,15,44,S5583,3.2,2024-04-30,5,Chennai,Web,Credit Card,False,In Transit
U761393,P81258,Clothing,Kids,Lenovo,2338.05,33.51,1554.46,3.4,36,406,S1319,3.4,2026-03-31,5,Mumbai,Web,Debit Card,False,In Transit
U626797,P52153,Sports,Outdoor,LG,9897.52,44.38,5504.97,3.7,28,198,S5430,2.6,2025-07-09,4,Chennai,Mobile App,UPI,False,In Transit
U161437,P71824,Sports,Fitness,Samsung,14851.47,6.35,13908.26,4.1,1,271,S6856,4.5,2024-07-17,4,Bangalore,Tablet,Credit Card,False,Delivered
U379473,P79951,Electronics,Laptop,Zara,54456.72,26.68,39928.4,3.6,3,417,S1916,3.8,2024-07-17,3,Mumbai,Mobile App,Cash on Delivery,False,In Transit
U433451,P57026,Clothing,Men,Adidas,605.9,15.97,509.12,4.1,227,467,S1462,4.7,2024-08-19,4,Chennai,Tablet,Debit Card,True,Returned
U297377,P74517,Sports,Cycling,Nike,4168.88,43.95,2336.64,3.6,49,277,S6063,4.9,2025-12-05,2,Chennai,Mobile App,Cash on Delivery,False,Delivered
U329437,P12612,Electronics,Mobile,Adidas,62437.18,5.64,58913.53,4.8,19,269,S8831,4.4,2024-06-23,1,Chennai,Mobile App,Debit Card,False,Delayed
U941403,P52413,Clothing,Men,LG,769.74,12.7,671.98,3.4,70,30,S1359,3.5,2025-05-03,1,Mumbai,Mobile App,Credit Card,False,Delivered
U838761,P96787,Sports,Outdoor,Apple,12709.23,26.72,9313.06,4.3,60,202,S2655,3.2,2026-02-18,4,Bangalore,Web,Debit Card,False,In Transit
U930307,P93789,Clothing,Men,H&M,4843.86,43.84,2720.55,3.5,20,491,S8982,2.8,2025-06-27,6,Hyderabad,Tablet,Debit Card,False,Delivered
U334081,P97232,Sports,Cycling,HP,14876.08,37.71,9266.65,3.2,48,301,S3872,4.9,2026-02-05,5,Bangalore,Web,Debit Card,False,Delayed
U836109,P85082,Home,Furniture,Nike,6167.14,33.52,4100.1,3.7,21,200,S1530,4.8,2025-12-03,5,Delhi,Mobile App,Debit Card,False,Delayed
U620287,P28434,Clothing,Kids,HP,1073.16,37.64,669.22,2.8,19,169,S2274,4.3,2024-12-17,2,Delhi,Mobile App,Debit Card,False,In Transit
U568325,P11493,Clothing,Kids,Apple,1031.98,25.27,771.21,3.8,14,135,S4435,3.9,2025-08-10,5,Bangalore,Mobile App,UPI,False,In Transit
U150486,P60585,Home,Furniture,H&M,11428.58,22.49,8857.99,3.7,16,224,S7875,2.7,2024-12-26,3,Delhi,Mobile App,Cash on Delivery,False,In Transit
U206355,P72847,Beauty,Makeup,Lenovo,620.72,45.11,340.72,2.8,13,403,S4695,3.5,2026-03-22,5,Hyderabad,Mobile App,Cash on Delivery,False,Delivered
U373812,P23726,Electronics,Headphones,Samsung,55438.04,9.49,50176.19,5.0,40,37,S6600,4.5,2026-03-12,5,Bangalore,Mobile App,Cash on Delivery,False,Delivered
U743453,P73273,Electronics,Mobile,LG,36945.33,31.86,25173.64,4.1,2,360,S1507,3.0,2025-01-24,5,Chennai,Web,Credit Card,False,Delayed
U447177,P36941,Beauty,Skincare,Samsung,2496.76,29.36,1763.67,3.9,8,498,S4112,3.2,2024-10-13,5,Delhi,Web,Debit Card,True,Returned
U152046,P61498,Home,Kitchen,Adidas,6163.94,34.38,4044.61,3.3,23,292,S9043,5.0,2024-08-04,2,Delhi,Mobile App,UPI,False,In Transit
U963918,P96772,Electronics,Camera,Apple,57532.38,30.63,39908.14,4.1,47,320,S8869,3.5,2025-05-10,4,Bangalore,Mobile App,UPI,False,Delivered
U185916,P72071,Clothing,Men,Zara,2543.83,17.23,2105.61,4.0,21,432,S2892,3.7,2024-04-23,2,Bangalore,Web,Cash on Delivery,False,In Transit
U773045,P81319,Beauty,Haircare,Sony,2596.65,10.14,2333.45,4.0,19,198,S4029,4.1,2024-03-31,5,Delhi,Web,Cash on Delivery,False,In Transit
U561101,P70956,Clothing,Women,Samsung,3417.05,48.93,1745.23,5.0,11,134,S4706,4.7,2025-05-15,5,Bangalore,Web,UPI,False,Delivered
U947438,P80968,Electronics,Mobile,Zara,27302.11,29.44,19265.2,3.7,15,211,S4727,3.2,2026-03-31,5,Bangalore,Tablet,UPI,False,In Transit
U700534,P40886,Sports,Outdoor,Lenovo,2995.25,44.54,1661.03,4.4,23,243,S5896,3.8,2025-07-28,4,Hyderabad,Mobile App,Cash on Delivery,False,Delayed
U281276,P31910,Electronics,Laptop,Apple,28934.26,32.7,19472.95,4.0,39,497,S4471,4.9,2025-10-10,2,Hyderabad,Mobile App,Credit Card,False,Delivered
U311727,P92211,Beauty,Skincare,Zara,1050.34,6.81,978.78,4.0,1,75,S5225,4.2,2026-01-29,6,Hyderabad,Web,UPI,False,Delivered
U441968,P46202,Beauty,Haircare,Boat,305.92,8.88,278.77,3.5,46,266,S8506,4.0,2025-01-19,6,Chennai,Mobile App,Cash on Delivery,False,Delivered
U716493,P86372,Beauty,Skincare,Nike,1108.56,38.85,677.93,3.7,5,388,S2641,3.4,2024-05-22,3,Chennai,Mobile App,UPI,False,In Transit
U501650,P95824,Sports,Outdoor,Boat,11873.88,31.94,8081.92,4.2,18,248,S8750,3.5,2025-02-26,6,Bangalore,Mobile App,Credit Card,True,Returned
U738221,P99235,Home,Kitchen,Nike,1399.4,40.45,833.37,4.2,12,355,S7581,2.7,2024-05-16,3,Chennai,Mobile App,Cash on Delivery,False,In Transit
U381631,P58816,Clothing,Men,H&M,1235.15,13.07,1073.73,4.0,1,10,S6535,3.2,2025-11-12,3,Hyderabad,Web,Debit Card,False,In Transit
U339030,P27614,Beauty,Haircare,Zara,323.89,28.42,231.84,3.5,14,153,S8259,4.8,2025-12-23,5,Delhi,Web,Debit Card,False,Delayed
U297064,P67896,Beauty,Haircare,Zara,3028.23,25.32,2261.47,4.2,42,108,S7671,3.4,2025-12-16,5,Delhi,Tablet,Cash on Delivery,False,Delayed
U168804,P50779,Home,Furniture,Lenovo,19030.63,29.96,13328.5,4.6,80,363,S9303,3.5,2024-11-29,2,Mumbai,Web,Credit Card,False,Delayed
U973390,P36309,Sports,Fitness,Nike,1100.71,48.55,566.3,4.1,21,428,S1944,2.9,2025-05-05,5,Mumbai,Mobile App,UPI,False,In Transit
U387286,P58280,Electronics,Headphones,H&M,8823.12,16.62,7356.76,3.7,85,421,S8605,4.6,2026-03-07,1,Mumbai,Tablet,Cash on Delivery,False,Delayed
U612530,P87862,Electronics,Mobile,Adidas,29369.21,27.08,21417.46,4.4,85,228,S3909,4.5,2026-03-02,6,Bangalore,Web,Debit Card,True,Returned
U398916,P13597,Home,Furniture,Sony,8070.28,13.16,7008.62,3.6,160,197,S1813,3.8,2026-02-10,5,Delhi,Mobile App,Credit Card,False,Delivered
U783238,P63674,Clothing,Kids,Adidas,1108.48,19.52,892.06,3.5,6,262,S1328,4.0,2024-07-12,3,Bangalore,Tablet,UPI,False,In Transit
U939767,P11109,Clothing,Kids,Nike,2074.34,28.9,1474.84,3.6,41,114,S5135,4.2,2025-07-10,2,Chennai,Tablet,Debit Card,True,Returned
U581294,P43029,Home,Kitchen,Boat,8835.66,10.87,7874.98,3.0,10,111,S8646,4.0,2025-02-02,6,Bangalore,Web,Cash on Delivery,False,Delayed
U688730,P94848,Electronics,Mobile,Lenovo,43528.09,30.71,30160.05,4.3,14,304,S5631,3.7,2026-03-04,3,Bangalore,Web,UPI,False,In Transit
U390334,P44229,Electronics,Headphones,Sony,11856.65,36.38,7543.19,4.0,58,335,S5895,4.1,2025-01-23,1,Bangalore,Mobile App,Credit Card,False,Delayed
U792616,P51888,Clothing,Men,HP,3252.41,19.88,2605.92,4.1,11,348,S3292,3.9,2025-05-17,2,Hyderabad,Tablet,UPI,False,Delayed
U524252,P60891,Beauty,Makeup,Sony,591.56,12.73,516.24,3.1,22,377,S1578,3.4,2024-07-22,4,Hyderabad,Tablet,Credit Card,True,Returned
U819656,P80075,Home,Decor,H&M,17406.12,16.97,14452.32,4.3,2,326,S8794,3.9,2025-12-27,4,Mumbai,Tablet,Debit Card,False,Delayed
U289934,P48506,Home,Furniture,Zara,18703.07,17.92,15350.55,4.2,15,49,S8713,4.8,2025-06-19,5,Chennai,Mobile App,Debit Card,True,Returned
U786224,P21704,Sports,Fitness,Zara,13720.03,6.81,12785.28,4.9,23,113,S6820,4.9,2025-11-04,4,Bangalore,Mobile App,Debit Card,False,In Transit
U408334,P70786,Home,Kitchen,Sony,6764.33,36.12,4320.75,3.8,30,435,S2929,4.9,2024-12-03,1,Chennai,Web,UPI,False,Delayed
U595158,P35499,Sports,Cycling,HP,2634.79,14.3,2258.12,4.3,4,256,S2963,3.2,2025-04-18,5,Delhi,Tablet,Cash on Delivery,False,Delayed
U244037,P36253,Home,Kitchen,Samsung,18275.8,45.36,9985.02,3.8,29,175,S7704,2.6,2025-10-10,5,Mumbai,Tablet,Cash on Delivery,False,Delivered
U611265,P53598,Home,Decor,Nike,6080.89,32.0,4135.09,5.0,8,323,S3897,4.6,2024-09-25,4,Delhi,Web,UPI,False,Delivered
U704272,P30766,Beauty,Makeup,Adidas,4736.12,19.92,3792.55,5.0,20,250,S2442,3.3,2025-04-01,1,Mumbai,Mobile App,Cash on Delivery,False,Delayed
U501936,P10611,Beauty,Makeup,Boat,2337.97,35.72,1502.86,3.6,40,19,S9745,2.8,2026-02-02,6,Hyderabad,Mobile App,Debit Card,False,Delivered
U809621,P10540,Home,Decor,Adidas,13876.74,12.6,12128.46,4.0,17,320,S5076,2.7,2025-03-12,2,Delhi,Mobile App,Debit Card,False,In Transit
U717265,P50123,Clothing,Men,Boat,4192.48,44.67,2319.71,3.7,2,85,S2069,4.8,2025-05-20,5,Chennai,Mobile App,Debit Card,False,In Transit
U649577,P54280,Beauty,Haircare,Lenovo,3587.05,11.39,3178.49,3.4,13,222,S3192,4.7,2024-05-31,2,Chennai,Web,Cash on Delivery,False,In Transit
U339513,P39402,Clothing,Men,Boat,4826.37,24.93,3623.28,3.8,27,372,S3149,2.5,2025-04-21,4,Delhi,Mobile App,UPI,False,Delayed
U845652,P95267,Sports,Fitness,Apple,5489.33,28.42,3929.02,4.4,17,405,S1612,2.7,2025-06-16,5,Bangalore,Web,Debit Card,False,Delayed
U794125,P24170,Sports,Fitness,HP,8185.91,26.06,6052.73,4.5,14,334,S1323,4.1,2025-12-16,4,Delhi,Mobile App,UPI,False,In Transit
U365015,P72180,Beauty,Makeup,Apple,3810.15,19.44,3069.52,4.2,17,359,S3508,3.0,2025-08-12,3,Chennai,Mobile App,UPI,True,Returned
U794663,P78197,Home,Kitchen,Zara,1004.31,38.4,618.62,3.9,15,138,S3247,4.3,2025-11-11,1,Delhi,Web,UPI,False,Delayed
U922880,P23928,Sports,Fitness,Sony,10809.51,15.55,9128.36,4.0,23,254,S4254,2.6,2025-01-03,5,Delhi,Tablet,Credit Card,False,In Transit
U409698,P31020,Sports,Fitness,LG,5448.04,24.99,4086.67,3.9,154,20,S9980,2.5,2025-04-16,2,Hyderabad,Web,Credit Card,False,Delayed
U113368,P98032,Beauty,Makeup,Adidas,2519.51,38.96,1538.02,3.9,3,45,S2809,4.7,2025-01-10,5,Delhi,Tablet,Cash on Delivery,False,Delivered
U368322,P94454,Electronics,Mobile,H&M,25030.63,9.27,22711.35,3.4,23,118,S8483,3.2,2024-06-24,5,Delhi,Web,Debit Card,False,In Transit
U993647,P48085,Electronics,Mobile,Nike,36304.61,16.56,30294.22,4.1,14,184,S6123,4.2,2024-07-03,1,Delhi,Web,UPI,False,Delivered
U444625,P56861,Electronics,Mobile,Nike,68323.61,5.73,64411.04,4.4,5,457,S8171,2.9,2025-06-17,4,Mumbai,Tablet,Debit Card,False,Delayed
U219361,P62530,Electronics,Headphones,LG,69045.72,36.82,43621.65,4.2,8,204,S8479,3.5,2025-10-13,1,Mumbai,Web,Cash on Delivery,False,Delayed
U218548,P27368,Beauty,Makeup,Zara,1004.32,27.65,726.62,4.1,45,356,S1960,2.8,2025-12-24,3,Mumbai,Mobile App,UPI,False,In Transit
U290065,P90127,Sports,Outdoor,HP,14286.87,14.45,12223.08,4.4,57,194,S6875,2.9,2026-01-25,3,Hyderabad,Tablet,UPI,False,Delayed
U531262,P67761,Clothing,Women,Puma,989.07,30.56,686.86,3.2,32,23,S2037,3.8,2025-04-12,1,Delhi,Web,Debit Card,False,Delivered
U334865,P97797,Sports,Cycling,HP,12394.7,30.28,8641.11,4.2,24,447,S6542,4.0,2024-07-19,2,Chennai,Tablet,UPI,False,In Transit
U255875,P83183,Clothing,Women,LG,2219.56,27.99,1598.22,4.4,107,456,S1894,4.4,2025-03-04,1,Hyderabad,Mobile App,Credit Card,False,Delayed
U887931,P74441,Beauty,Makeup,Nike,2468.07,28.28,1770.14,3.2,13,164,S4946,4.2,2024-05-11,3,Delhi,Web,Debit Card,True,Returned
U522866,P40801,Electronics,Laptop,Lenovo,28707.6,7.82,26462.57,3.9,9,40,S8521,4.6,2024-10-15,1,Hyderabad,Web,Cash on Delivery,False,Delivered
U621533,P95638,Beauty,Makeup,LG,1845.63,30.67,1279.6,4.6,37,9,S2681,4.7,2025-11-02,4,Delhi,Web,Cash on Delivery,False,Delivered
U930244,P89194,Sports,Cycling,Samsung,13789.09,19.75,11065.37,4.6,10,493,S5990,4.3,2025-09-26,3,Delhi,Tablet,Credit Card,False,Delayed
U956255,P39218,Beauty,Makeup,LG,1433.9,15.21,1215.75,4.0,23,432,S8445,3.2,2026-02-27,1,Delhi,Web,Cash on Delivery,False,Delayed
U202170,P96364,Home,Decor,Puma,4616.4,18.47,3763.96,2.9,10,113,S1035,4.6,2025-11-10,2,Delhi,Web,Debit Card,False,Delayed
U836201,P23935,Home,Decor,Lenovo,18878.85,41.23,11095.22,3.8,59,23,S3689,2.7,2025-12-10,1,Bangalore,Web,Credit Card,True,Returned
U305438,P34581,Beauty,Skincare,Sony,3172.18,34.78,2069.0,3.7,15,61,S7437,4.4,2026-01-04,6,Chennai,Mobile App,Cash on Delivery,False,Delivered
U764000,P98098,Home,Furniture,Boat,19378.15,24.22,14684.81,4.5,18,301,S3018,4.0,2026-02-02,3,Delhi,Web,Cash on Delivery,False,Delayed
U104548,P79515,Sports,Cycling,Nike,1279.84,5.99,1203.13,3.1,6,376,S1795,3.9,2025-07-15,1,Hyderabad,Tablet,Cash on Delivery,False,Delayed
U282085,P26827,Beauty,Haircare,Nike,3710.0,48.89,1896.05,2.9,47,53,S7347,3.7,2026-02-10,5,Chennai,Tablet,Debit Card,False,Delayed
U386886,P62149,Beauty,Makeup,HP,3147.84,13.63,2718.85,4.9,81,493,S6617,2.7,2025-07-06,3,Mumbai,Web,Cash on Delivery,False,Delivered
U413433,P81802,Clothing,Women,HP,4313.96,52.4,2053.61,4.9,35,440,S6143,3.8,2025-09-25,5,Chennai,Tablet,Credit Card,False,Delivered
U819964,P55258,Clothing,Kids,H&M,4264.39,28.38,3054.32,4.3,6,471,S3173,3.1,2024-11-24,6,Bangalore,Tablet,Credit Card,False,Delayed
U844858,P25126,Sports,Cycling,Zara,8220.83,30.4,5721.8,3.3,28,389,S6771,4.7,2025-09-08,2,Bangalore,Tablet,Cash on Delivery,False,Delayed
U806995,P79979,Sports,Cycling,H&M,3164.88,19.78,2538.95,3.6,19,146,S7920,3.8,2024-10-15,4,Hyderabad,Mobile App,UPI,False,Delivered
U309612,P44993,Beauty,Skincare,Samsung,4064.84,8.82,3706.18,4.8,9,384,S3636,4.5,2024-04-01,5,Delhi,Web,Debit Card,False,Delivered
U133875,P57013,Electronics,Headphones,Adidas,15263.39,30.36,10628.76,4.0,23,416,S8415,4.8,2025-01-17,6,Chennai,Mobile App,Credit Card,False,Delayed
U922405,P47701,Sports,Outdoor,Adidas,1738.34,48.76,890.71,5.0,29,354,S1769,3.7,2025-10-21,6,Chennai,Web,Cash on Delivery,False,In Transit
U879794,P42943,Home,Decor,Samsung,9679.54,16.49,8083.3,3.7,61,103,S8259,2.8,2025-02-06,1,Delhi,Mobile App,Debit Card,False,Delayed
U913848,P35362,Sports,Cycling,HP,1154.69,24.71,869.42,3.6,40,150,S8353,4.0,2025-02-19,1,Mumbai,Mobile App,UPI,False,Delivered
U495521,P15326,Clothing,Kids,Lenovo,2057.89,63.09,759.6,3.6,4,219,S5572,4.9,2024-04-11,1,Delhi,Tablet,Debit Card,False,Delivered
U446620,P71122,Clothing,Kids,Sony,3203.56,37.34,2007.38,4.6,17,363,S3536,2.7,2024-07-23,5,Delhi,Mobile App,Credit Card,False,In Transit
U984096,P96755,Sports,Fitness,Zara,2886.69,7.87,2659.38,3.3,10,154,S9037,4.4,2024-11-08,3,Chennai,Tablet,Debit Card,False,Delivered
U645895,P18936,Home,Decor,Adidas,11123.71,5.47,10514.71,4.4,14,402,S9276,4.0,2025-04-02,3,Mumbai,Mobile App,Cash on Delivery,False,Delayed
U331942,P37964,Sports,Outdoor,Apple,13539.11,33.06,9063.39,3.7,9,339,S6437,4.2,2024-07-10,2,Bangalore,Web,Debit Card,False,In Transit
U688602,P95105,Clothing,Kids,Lenovo,1841.03,22.54,1426.02,4.0,23,4,S2879,3.1,2026-03-15,5,Hyderabad,Tablet,Debit Card,False,In Transit
U355671,P15226,Clothing,Kids,HP,4312.71,69.15,1330.55,4.0,31,349,S6258,3.6,2025-04-23,2,Chennai,Web,UPI,True,Returned
U125905,P77746,Beauty,Makeup,Lenovo,2784.14,22.46,2158.86,3.7,23,420,S7143,3.6,2025-02-28,6,Bangalore,Tablet,Cash on Delivery,True,Returned
U435872,P77357,Beauty,Skincare,Sony,2257.49,14.68,1926.05,4.2,24,42,S2572,4.5,2025-03-09,2,Mumbai,Mobile App,UPI,False,Delayed
U818699,P65601,Electronics,Laptop,Zara,60390.95,39.4,36595.02,5.0,48,427,S2702,3.1,2025-06-13,1,Mumbai,Mobile App,Cash on Delivery,False,Delayed
U851690,P53478,Electronics,Laptop,Samsung,52165.47,27.88,37624.07,4.6,4,19,S2433,3.6,2024-08-29,5,Hyderabad,Mobile App,UPI,False,Delivered
U961530,P39837,Home,Decor,Apple,2110.7,12.56,1845.58,3.2,3,466,S5237,3.9,2025-08-05,3,Chennai,Web,Cash on Delivery,False,In Transit
U508422,P98250,Beauty,Makeup,LG,4019.17,17.7,3307.61,3.1,34,60,S9762,4.2,2025-10-19,1,Delhi,Mobile App,UPI,False,Delayed
U475075,P75907,Sports,Fitness,H&M,7778.21,45.95,4204.37,4.2,103,54,S5748,3.6,2025-09-28,4,Delhi,Tablet,Debit Card,False,Delayed
U514306,P96602,Electronics,Headphones,Puma,40633.13,35.2,26328.81,3.8,19,15,S8765,4.7,2024-04-18,5,Hyderabad,Mobile App,Credit Card,False,Delivered
U412534,P98773,Beauty,Haircare,Sony,462.13,28.07,332.42,3.7,3,454,S7113,4.0,2024-10-28,4,Mumbai,Mobile App,Credit Card,False,Delivered
U513224,P80405,Electronics,Mobile,HP,18175.41,5.33,17205.93,3.9,10,280,S2394,5.0,2025-06-06,2,Chennai,Web,Credit Card,False,Delayed
U249375,P31096,Home,Furniture,Boat,17931.66,49.27,9097.27,3.5,53,94,S4617,2.7,2024-09-12,5,Chennai,Tablet,Debit Card,False,Delivered
U993650,P17128,Electronics,Laptop,Zara,8529.38,21.0,6738.46,4.1,3,435,S9992,4.7,2025-06-02,5,Chennai,Web,UPI,False,In Transit
U860835,P86099,Electronics,Headphones,Apple,37462.99,36.29,23868.54,4.7,4,249,S6420,3.6,2024-10-11,5,Mumbai,Web,Credit Card,False,Delayed
U173199,P35362,Clothing,Men,Sony,4814.92,26.74,3527.39,3.9,10,162,S8960,4.3,2025-12-03,1,Chennai,Web,Debit Card,False,Delayed
U693024,P84299,Home,Decor,HP,2412.36,26.25,1779.11,3.4,93,186,S6182,4.8,2025-05-05,4,Mumbai,Web,Credit Card,False,Delivered
U390119,P57118,Home,Furniture,Adidas,19019.02,48.23,9845.47,3.8,20,68,S6432,4.2,2025-04-14,2,Hyderabad,Web,Cash on Delivery,False,In Transit
U214119,P33038,Home,Kitchen,Puma,6462.71,23.25,4959.87,3.9,65,330,S2343,3.9,2024-08-03,5,Chennai,Web,Credit Card,False,Delayed
U862760,P19882,Clothing,Women,H&M,2818.25,56.33,1230.75,3.6,6,456,S1305,2.6,2024-12-18,3,Delhi,Tablet,UPI,False,Delayed
U138436,P82298,Sports,Outdoor,HP,10729.61,13.44,9287.8,3.5,43,133,S9904,4.1,2025-05-20,2,Mumbai,Tablet,Cash on Delivery,True,Returned
U909652,P87280,Clothing,Women,Boat,2504.83,18.37,2044.77,4.4,24,375,S5767,4.1,2024-09-19,5,Mumbai,Mobile App,Cash on Delivery,False,Delayed
U626560,P11388,Sports,Fitness,Boat,10913.44,10.6,9756.73,4.5,178,339,S4913,4.7,2025-08-11,6,Bangalore,Tablet,Credit Card,False,Delayed
U693868,P84162,Clothing,Women,Nike,2495.48,26.41,1836.46,3.8,11,337,S3395,2.6,2025-12-10,1,Mumbai,Tablet,Cash on Delivery,False,In Transit
U165914,P44649,Electronics,Laptop,Puma,76139.02,32.28,51563.03,5.0,28,189,S4834,4.2,2025-06-12,1,Mumbai,Mobile App,Credit Card,False,Delayed
U148693,P15230,Home,Kitchen,Puma,2682.99,31.83,1829.09,3.4,39,332,S6309,4.5,2024-08-22,4,Hyderabad,Mobile App,Debit Card,False,Delayed
U282294,P59369,Home,Decor,Lenovo,18818.69,8.1,17294.05,3.2,18,334,S7201,2.8,2024-05-09,5,Chennai,Web,UPI,False,Delayed
U525556,P56255,Home,Kitchen,Adidas,5057.31,14.79,4309.57,3.2,4,418,S6653,3.5,2025-10-17,4,Chennai,Web,Cash on Delivery,False,Delayed
U341162,P20104,Electronics,Laptop,Puma,38329.67,20.13,30614.64,4.3,13,263,S5600,4.2,2025-03-19,4,Mumbai,Mobile App,Credit Card,False,Delivered
U793223,P40191,Clothing,Women,HP,774.07,29.76,543.69,4.3,42,212,S6410,3.2,2025-03-21,2,Delhi,Tablet,UPI,False,In Transit
U269078,P94837,Beauty,Makeup,Adidas,4939.37,34.8,3220.26,4.2,24,426,S7732,3.6,2024-09-22,1,Chennai,Mobile App,Credit Card,False,Delivered
U241268,P92515,Clothing,Kids,HP,509.34,20.45,405.18,4.7,29,262,S1642,3.1,2025-03-18,2,Mumbai,Tablet,Credit Card,True,Returned
U641737,P63143,Electronics,Laptop,Sony,41900.13,14.03,36019.96,3.7,18,306,S1305,2.9,2025-12-21,1,Mumbai,Tablet,Debit Card,False,Delivered
U605065,P32356,Clothing,Women,HP,3294.98,36.32,2098.28,3.8,11,112,S7730,3.6,2024-12-13,1,Hyderabad,Tablet,Credit Card,False,Delayed
U377370,P31983,Clothing,Kids,Zara,654.7,27.56,474.27,3.3,22,370,S6614,2.9,2024-10-27,4,Chennai,Web,UPI,False,Delivered
U117367,P36522,Beauty,Makeup,Nike,2735.31,9.8,2467.19,4.3,28,267,S9263,4.1,2024-12-08,4,Delhi,Tablet,Cash on Delivery,False,Delivered
U744610,P88618,Sports,Fitness,Nike,13541.48,11.01,12050.69,4.5,13,19,S9706,4.3,2024-06-12,5,Hyderabad,Tablet,UPI,False,Delivered
U665482,P10157,Beauty,Haircare,Nike,3267.72,49.9,1637.28,3.4,7,459,S8069,5.0,2024-10-13,4,Chennai,Tablet,Cash on Delivery,False,In Transit
U927909,P59969,Electronics,Camera,Adidas,10622.0,8.21,9749.7,4.3,28,179,S2600,3.1,2024-12-10,3,Hyderabad,Web,Credit Card,False,In Transit
U727354,P81267,Beauty,Skincare,Apple,1220.79,7.89,1124.46,4.4,28,209,S5223,3.7,2024-09-22,1,Bangalore,Mobile App,UPI,False,Delayed
U493247,P95792,Electronics,Mobile,Lenovo,74641.66,39.04,45501.64,4.4,2,105,S6175,4.4,2025-11-10,5,Delhi,Web,Debit Card,False,Delivered
U365953,P44249,Clothing,Women,Zara,1881.19,16.15,1577.34,3.8,29,437,S9783,4.6,2025-02-21,2,Chennai,Web,Debit Card,False,Delayed
U533301,P82365,Home,Decor,Boat,16937.95,29.78,11894.56,3.9,65,401,S8904,4.0,2025-10-20,1,Mumbai,Mobile App,Debit Card,False,Delayed
U705711,P55135,Sports,Outdoor,Sony,3246.93,23.05,2498.46,3.8,35,396,S7522,2.6,2025-03-17,5,Bangalore,Tablet,Credit Card,True,Returned
U205149,P38109,Electronics,Laptop,Puma,47957.77,14.6,40957.16,4.9,127,260,S7562,3.0,2025-05-28,4,Mumbai,Web,UPI,False,Delivered
U963245,P29048,Beauty,Haircare,Samsung,3445.74,48.32,1780.66,3.3,32,241,S8133,4.0,2025-06-07,5,Delhi,Mobile App,UPI,False,In Transit
U139589,P60374,Clothing,Women,Apple,3996.02,50.37,1983.23,4.2,20,476,S7564,3.3,2026-01-03,4,Chennai,Tablet,Debit Card,False,Delayed
U560295,P11403,Sports,Fitness,Nike,10827.19,12.92,9428.85,3.9,4,103,S9489,2.5,2024-04-25,2,Hyderabad,Web,Credit Card,False,Delivered
U745073,P32214,Sports,Cycling,Lenovo,11428.94,16.4,9554.36,4.0,50,345,S1590,4.4,2025-03-24,1,Mumbai,Web,Credit Card,False,Delayed
U917546,P62354,Electronics,Laptop,Apple,28209.69,15.32,23888.36,4.5,2,180,S7474,3.1,2024-07-11,3,Bangalore,Web,Credit Card,False,Delayed
U398313,P83284,Electronics,Mobile,Apple,70905.99,12.81,61824.34,5.0,32,468,S6703,3.7,2024-08-10,4,Chennai,Web,Debit Card,False,Delivered
U702833,P10609,Sports,Fitness,Puma,7964.37,28.1,5726.64,3.8,7,133,S3867,4.6,2025-02-17,3,Hyderabad,Web,UPI,False,Delayed
U941945,P77277,Electronics,Headphones,LG,45873.67,17.81,37705.19,3.9,10,489,S5222,3.2,2024-12-25,3,Delhi,Tablet,Debit Card,False,Delayed
U907369,P41886,Beauty,Makeup,HP,2933.59,49.62,1477.85,4.1,8,387,S6565,4.2,2025-09-13,6,Hyderabad,Web,Cash on Delivery,False,Delayed
U170835,P60157,Electronics,Camera,Apple,21970.8,35.0,14281.37,3.9,74,324,S4610,3.6,2024-12-16,5,Bangalore,Tablet,Credit Card,False,In Transit
U110195,P44517,Beauty,Makeup,Lenovo,4715.6,44.36,2623.6,3.4,47,127,S5706,3.2,2025-03-30,4,Chennai,Mobile App,Cash on Delivery,False,Delayed
U599704,P51139,Home,Furniture,Lenovo,7640.93,35.63,4918.83,3.7,3,181,S4580,3.1,2024-07-05,1,Mumbai,Tablet,Debit Card,False,Delivered
U346269,P41726,Clothing,Women,H&M,2323.39,64.57,823.09,4.2,11,446,S5348,2.7,2024-12-05,1,Mumbai,Mobile App,Credit Card,False,Delivered
U916776,P23983,Clothing,Kids,LG,3554.99,47.81,1855.33,3.9,17,61,S2285,3.2,2026-03-30,2,Mumbai,Tablet,Cash on Delivery,False,Delayed
U750817,P51342,Electronics,Mobile,Puma,66196.68,27.04,48297.81,3.9,14,252,S5501,2.6,2025-07-27,4,Bangalore,Web,Credit Card,False,Delayed
U234475,P17097,Home,Kitchen,Adidas,13501.04,15.97,11345.35,3.9,2,269,S7933,4.3,2024-08-25,2,Chennai,Web,UPI,False,Delayed
U579404,P25776,Home,Kitchen,Zara,13108.74,29.07,9298.56,3.9,23,357,S9490,3.4,2025-04-14,5,Mumbai,Web,Debit Card,False,Delayed
U497859,P86153,Electronics,Mobile,Zara,34272.17,36.86,21640.28,4.3,7,51,S6331,4.7,2025-07-15,3,Mumbai,Web,Debit Card,True,Returned
U382495,P71780,Clothing,Kids,Sony,1451.78,19.75,1165.04,3.7,56,490,S6621,2.5,2025-09-22,2,Mumbai,Web,Credit Card,True,Returned
U834750,P58799,Beauty,Makeup,Adidas,235.82,37.31,147.83,4.6,13,186,S7563,3.4,2025-09-11,2,Hyderabad,Web,Cash on Delivery,False,Delivered
U953740,P23090,Sports,Fitness,HP,11214.49,6.31,10506.56,3.6,21,369,S5422,4.1,2024-05-31,1,Mumbai,Mobile App,Cash on Delivery,False,In Transit
U595962,P11276,Clothing,Men,H&M,4980.4,65.01,1742.87,3.7,80,90,S7906,3.7,2025-10-04,1,Mumbai,Web,Credit Card,False,Delayed
U923481,P73782,Sports,Cycling,H&M,5363.4,47.85,2796.91,5.0,35,153,S5111,3.6,2025-08-14,6,Bangalore,Tablet,UPI,False,In Transit
U953350,P43330,Electronics,Laptop,Samsung,16207.72,6.78,15109.15,4.5,18,243,S2577,3.5,2026-01-25,1,Mumbai,Web,Debit Card,False,In Transit
U949363,P43779,Home,Kitchen,Lenovo,19706.94,31.36,13526.57,4.2,6,176,S1324,3.7,2024-11-06,3,Chennai,Web,UPI,False,In Transit
U781433,P95082,Sports,Fitness,HP,7882.79,6.11,7401.14,3.2,12,275,S3859,4.2,2024-06-23,6,Chennai,Web,Debit Card,False,In Transit
U182216,P59947,Sports,Outdoor,H&M,3897.71,5.88,3668.36,3.2,5,314,S5694,4.6,2024-12-04,2,Hyderabad,Web,Credit Card,False,Delivered
U699405,P63054,Home,Kitchen,Zara,16011.58,33.01,10725.42,3.5,4,434,S2168,3.5,2025-07-09,5,Chennai,Mobile App,Credit Card,False,In Transit
U844943,P45058,Clothing,Women,LG,2329.08,64.47,827.62,4.1,34,309,S7479,4.6,2025-01-03,6,Bangalore,Web,Cash on Delivery,False,In Transit
U275445,P34102,Sports,Cycling,Puma,8294.93,30.91,5730.91,4.2,22,437,S1378,2.5,2024-04-04,5,Hyderabad,Mobile App,Credit Card,False,Delayed
U320800,P31877,Home,Decor,H&M,10480.39,27.64,7583.09,3.9,98,203,S2687,3.8,2025-02-03,1,Delhi,Mobile App,UPI,False,In Transit
U649435,P20911,Sports,Fitness,Samsung,9824.38,39.31,5962.02,3.1,35,53,S5300,4.5,2026-01-18,1,Hyderabad,Tablet,Credit Card,False,Delivered
U873422,P47247,Beauty,Makeup,Adidas,3816.68,29.61,2686.52,3.4,22,226,S3071,2.5,2024-11-01,3,Mumbai,Mobile App,Credit Card,False,Delivered
U589887,P80855,Electronics,Headphones,LG,77232.06,8.57,70616.2,4.6,17,478,S5463,4.5,2024-06-16,4,Hyderabad,Tablet,Cash on Delivery,False,Delivered
U578720,P92712,Sports,Fitness,HP,13168.33,10.71,11758.52,4.1,55,383,S8126,3.6,2024-12-10,4,Chennai,Tablet,Debit Card,False,In Transit
U563324,P50352,Beauty,Haircare,Adidas,2990.34,13.63,2582.9,2.7,13,187,S7753,3.5,2024-05-09,1,Delhi,Web,Credit Card,False,In Transit
U460589,P47586,Electronics,Mobile,Lenovo,68615.23,34.12,45205.12,3.6,7,240,S9767,4.8,2025-01-23,4,Mumbai,Mobile App,Cash on Delivery,False,In Transit
U726003,P40305,Home,Furniture,Boat,11027.48,39.79,6639.36,4.0,14,407,S1118,3.3,2024-05-30,5,Bangalore,Tablet,Debit Card,False,Delivered
U362035,P31400,Beauty,Haircare,Boat,2848.22,25.13,2132.5,3.8,29,366,S7385,3.7,2025-08-17,1,Hyderabad,Web,Credit Card,False,In Transit
U641704,P90375,Electronics,Camera,Zara,25696.16,22.12,20010.94,4.6,7,413,S5454,4.4,2026-01-06,4,Mumbai,Web,Debit Card,False,In Transit
U403662,P24464,Clothing,Men,Nike,4336.44,53.36,2022.47,4.2,15,326,S8460,3.8,2025-06-26,1,Mumbai,Tablet,Cash on Delivery,False,In Transit
U120337,P29942,Sports,Outdoor,Adidas,11154.01,19.47,8982.44,3.9,47,25,S9764,3.2,2025-01-17,3,Bangalore,Mobile App,Credit Card,False,Delivered
U862427,P11075,Home,Kitchen,Nike,3159.27,41.1,1860.74,3.9,89,119,S2477,3.2,2024-08-28,3,Hyderabad,Mobile App,UPI,False,In Transit
U923892,P75325,Clothing,Women,Boat,3903.4,16.14,3273.39,4.2,17,190,S8597,3.7,2025-02-11,3,Bangalore,Tablet,UPI,False,In Transit
U913331,P61435,Electronics,Laptop,Samsung,32124.96,22.93,24758.99,5.0,15,36,S9899,4.2,2025-02-24,3,Bangalore,Web,Credit Card,False,Delivered
U905459,P42631,Home,Kitchen,Samsung,10601.72,38.55,6514.41,4.3,19,197,S8257,4.7,2026-01-04,1,Delhi,Mobile App,UPI,False,Delivered
U798359,P37321,Beauty,Haircare,Apple,2919.29,18.62,2375.78,2.9,14,242,S7375,3.8,2025-06-06,1,Chennai,Tablet,Debit Card,False,In Transit
U880900,P82034,Clothing,Kids,H&M,3027.18,45.61,1646.49,3.7,15,266,S3001,3.1,2024-10-30,3,Delhi,Web,Cash on Delivery,False,Delayed
U799080,P38545,Home,Furniture,LG,2706.62,9.54,2448.34,3.9,53,498,S2850,4.9,2024-08-23,1,Delhi,Mobile App,Cash on Delivery,True,Returned
U713099,P25682,Home,Furniture,Nike,8642.95,10.55,7731.18,3.0,6,202,S4982,3.2,2024-06-08,5,Bangalore,Mobile App,UPI,False,Delayed
U489439,P21728,Beauty,Haircare,HP,3946.75,23.29,3027.6,3.6,66,127,S3583,4.9,2024-06-21,5,Mumbai,Web,UPI,False,Delayed
U162678,P56598,Sports,Outdoor,Zara,557.42,27.55,403.84,4.0,18,330,S3521,4.1,2024-11-01,2,Delhi,Tablet,UPI,False,Delivered
U926867,P94495,Beauty,Skincare,LG,655.28,38.32,404.16,4.1,82,387,S6690,4.3,2024-07-22,5,Chennai,Web,Credit Card,False,Delivered
U362874,P15175,Beauty,Makeup,H&M,1819.89,23.01,1401.05,4.9,49,248,S8168,5.0,2024-10-04,4,Mumbai,Tablet,Debit Card,False,Delayed
U670027,P55569,Beauty,Skincare,HP,1114.77,45.64,606.03,4.2,15,165,S8674,4.8,2025-09-20,2,Mumbai,Web,Credit Card,False,Delivered
U959222,P44517,Sports,Fitness,Puma,4207.16,21.41,3306.6,3.6,31,277,S7014,4.4,2026-01-30,5,Bangalore,Web,UPI,False,Delayed
U119629,P91229,Sports,Outdoor,H&M,6765.69,48.5,3484.56,3.3,17,438,S6965,4.3,2025-08-11,2,Mumbai,Tablet,Credit Card,False,In Transit
U816412,P75214,Electronics,Camera,Adidas,79446.92,18.01,65138.18,4.6,16,392,S3525,3.6,2025-07-14,6,Chennai,Tablet,Debit Card,False,In Transit
U200932,P78576,Beauty,Haircare,LG,4082.24,28.59,2915.07,3.2,48,337,S2092,3.0,2024-10-19,1,Delhi,Mobile App,Credit Card,False,Delivered
U300924,P22943,Electronics,Laptop,Apple,47146.11,17.6,38848.52,4.2,9,16,S7366,3.3,2025-01-07,2,Hyderabad,Tablet,Cash on Delivery,False,Delayed
U151470,P58018,Sports,Cycling,HP,6102.34,17.03,5063.32,3.4,17,113,S2161,3.7,2025-11-13,1,Bangalore,Mobile App,Credit Card,False,Delayed
U478458,P83140,Beauty,Skincare,Puma,3324.66,23.8,2533.49,3.7,14,380,S7814,3.2,2026-02-13,2,Delhi,Web,UPI,False,Delayed
U974991,P49833,Home,Decor,Samsung,1192.17,25.11,892.87,4.1,18,39,S4537,4.2,2025-08-19,1,Delhi,Tablet,UPI,False,Delivered
U302500,P78969,Clothing,Kids,Boat,2595.77,44.93,1429.52,3.3,12,336,S5075,4.2,2025-11-25,1,Mumbai,Tablet,Credit Card,False,Delayed
U903506,P93705,Sports,Outdoor,H&M,1071.55,38.36,660.52,3.9,49,295,S6864,4.1,2024-04-28,3,Delhi,Tablet,Cash on Delivery,False,Delayed
U676680,P62632,Beauty,Skincare,Nike,4960.79,42.49,2852.77,4.8,7,258,S6529,4.2,2026-03-05,3,Mumbai,Tablet,Credit Card,False,Delayed
U676802,P52553,Sports,Outdoor,LG,6888.75,43.56,3887.82,4.2,28,432,S7090,4.9,2024-04-14,5,Bangalore,Web,Cash on Delivery,False,Delayed
U672130,P38039,Home,Decor,Adidas,1448.25,38.66,888.29,3.5,10,192,S5162,3.3,2024-09-05,1,Chennai,Web,Cash on Delivery,False,In Transit
U398301,P88087,Beauty,Skincare,H&M,4027.22,44.93,2217.59,3.6,8,8,S9480,4.3,2026-01-02,5,Delhi,Mobile App,Debit Card,False,Delivered
U122755,P46170,Home,Furniture,Adidas,10365.03,16.35,8670.71,3.5,19,470,S9376,3.9,2025-03-31,6,Bangalore,Tablet,Credit Card,False,Delivered
U245131,P44732,Electronics,Camera,LG,13605.65,30.3,9483.22,4.0,13,187,S5093,4.1,2024-12-22,1,Mumbai,Mobile App,Debit Card,False,In Transit
U869933,P20118,Electronics,Camera,HP,37324.09,6.15,35028.66,5.0,19,370,S6319,3.5,2025-05-22,5,Mumbai,Web,Credit Card,False,In Transit
U139186,P85534,Sports,Fitness,HP,14257.46,17.06,11824.83,3.6,21,195,S2285,4.3,2025-02-11,3,Bangalore,Mobile App,Debit Card,False,In Transit
U883997,P95561,Beauty,Makeup,Apple,2825.9,38.92,1726.07,4.2,184,434,S1187,4.0,2025-11-07,3,Mumbai,Tablet,Cash on Delivery,False,Delivered
U666157,P84044,Home,Decor,Samsung,1190.89,47.77,621.97,3.2,3,76,S6354,2.7,2025-10-18,1,Bangalore,Tablet,Credit Card,False,Delivered
U703198,P76155,Electronics,Camera,Puma,57948.89,19.4,46708.8,4.4,6,46,S4638,2.7,2025-02-10,5,Chennai,Web,Debit Card,False,In Transit
U598969,P84899,Clothing,Men,LG,544.86,64.91,191.2,4.0,46,381,S1807,4.5,2026-01-19,1,Delhi,Tablet,Cash on Delivery,False,In Transit
U911414,P27088,Electronics,Camera,Lenovo,43135.93,10.45,38628.55,3.9,10,390,S3209,4.2,2024-04-29,2,Hyderabad,Web,Credit Card,False,In Transit
U688426,P90739,Beauty,Haircare,HP,584.09,43.63,329.27,3.6,14,376,S9589,2.7,2024-11-13,5,Mumbai,Mobile App,Credit Card,True,Returned
U817999,P85499,Electronics,Headphones,Boat,23776.9,11.6,21019.38,4.0,3,45,S2843,4.2,2026-02-20,1,Bangalore,Tablet,Cash on Delivery,False,In Transit
U461260,P87840,Home,Kitchen,Adidas,15255.16,18.26,12470.0,4.2,3,335,S1396,4.9,2025-06-02,6,Bangalore,Web,Credit Card,False,In Transit
U561859,P15882,Sports,Outdoor,HP,2745.2,21.03,2167.92,4.1,121,473,S4825,4.4,2026-01-18,4,Mumbai,Mobile App,Debit Card,False,Delivered
U354854,P91396,Electronics,Mobile,H&M,46232.34,33.9,30561.37,4.2,11,474,S3419,4.9,2026-03-04,2,Delhi,Web,UPI,False,In Transit
U123853,P53499,Electronics,Headphones,Puma,60467.24,6.72,56403.72,4.7,11,107,S9814,3.5,2024-12-14,6,Hyderabad,Mobile App,Credit Card,False,Delayed
U753306,P28526,Sports,Outdoor,Lenovo,4153.97,46.43,2225.11,4.3,229,355,S1301,3.0,2024-11-16,1,Hyderabad,Web,UPI,False,In Transit
U927524,P90997,Clothing,Men,Sony,2636.25,56.92,1135.8,3.5,23,138,S1869,4.3,2024-11-26,1,Mumbai,Web,UPI,False,Delivered
U213132,P12500,Beauty,Haircare,Sony,3682.25,23.29,2824.78,5.0,6,149,S7332,3.2,2024-12-19,4,Bangalore,Mobile App,Cash on Delivery,False,Delayed
U657381,P21537,Electronics,Headphones,Puma,10333.3,24.23,7829.91,3.9,9,95,S4258,3.6,2024-04-23,5,Chennai,Tablet,Cash on Delivery,True,Returned
U359409,P79391,Sports,Cycling,Samsung,4381.19,23.48,3352.62,4.3,30,156,S6465,3.5,2025-01-11,1,Delhi,Web,Cash on Delivery,False,Delayed
U472640,P91950,Clothing,Men,LG,3135.03,53.76,1449.48,2.8,46,154,S4869,4.4,2025-09-05,3,Bangalore,Tablet,Debit Card,False,Delivered
U393804,P39567,Home,Kitchen,Samsung,7308.01,10.86,6514.05,4.4,11,77,S6599,4.6,2025-01-12,5,Chennai,Web,Credit Card,True,Returned
U755910,P99983,Electronics,Camera,Lenovo,47849.98,14.14,41085.91,4.5,33,116,S7837,4.2,2024-10-12,3,Chennai,Mobile App,Credit Card,False,In Transit
U668573,P27271,Home,Decor,LG,7682.49,40.56,4566.79,4.2,6,105,S3270,3.7,2024-08-22,6,Hyderabad,Tablet,Credit Card,False,Delivered
U241822,P66369,Home,Decor,H&M,12590.82,6.12,11820.43,4.5,15,465,S3378,3.9,2026-03-25,1,Chennai,Tablet,Credit Card,False,In Transit
U980303,P29073,Electronics,Mobile,Nike,54609.97,33.83,36134.84,4.2,59,372,S1483,3.1,2025-06-19,3,Bangalore,Web,Cash on Delivery,False,In Transit
U259338,P34632,Home,Kitchen,H&M,17849.98,6.58,16675.08,4.7,28,54,S3155,4.6,2025-01-29,5,Bangalore,Mobile App,UPI,False,Delayed
U742108,P40266,Sports,Outdoor,HP,2747.63,34.9,1788.7,3.4,35,305,S4804,4.8,2024-11-17,5,Chennai,Mobile App,UPI,False,In Transit
U987240,P89260,Electronics,Camera,Nike,17831.45,39.81,10732.79,3.7,24,240,S7126,3.2,2024-09-20,3,Chennai,Mobile App,Cash on Delivery,False,In Transit
U337264,P14224,Beauty,Skincare,Nike,206.86,42.66,118.62,3.3,7,209,S1245,2.7,2024-09-09,2,Mumbai,Web,Cash on Delivery,False,Delivered
U560623,P90879,Clothing,Men,Apple,2948.13,25.86,2185.8,3.9,3,250,S6323,2.9,2025-11-02,3,Mumbai,Web,Credit Card,False,In Transit
U855185,P51012,Beauty,Skincare,HP,2376.4,7.46,2199.04,3.7,2,201,S9784,3.2,2025-03-30,1,Hyderabad,Tablet,UPI,False,Delayed
U357657,P77987,Electronics,Camera,Puma,35002.22,19.36,28225.7,3.7,13,275,S7481,3.7,2025-04-02,4,Delhi,Tablet,UPI,False,Delayed
U299072,P48165,Beauty,Haircare,Zara,670.61,7.57,619.85,3.7,14,225,S7521,4.5,2025-08-23,2,Delhi,Web,Debit Card,False,In Transit
U157196,P77760,Clothing,Women,Sony,4810.6,15.99,4041.59,3.9,13,462,S3330,2.6,2026-03-22,1,Chennai,Web,Cash on Delivery,False,Delivered
U829928,P81618,Sports,Fitness,Nike,12102.21,46.95,6420.73,4.3,45,69,S7440,3.0,2024-06-18,2,Chennai,Web,Debit Card,False,In Transit
U847251,P36467,Electronics,Laptop,Puma,21015.31,22.9,16202.09,3.8,7,451,S8449,3.2,2025-11-30,3,Chennai,Mobile App,Debit Card,False,In Transit
U195620,P24963,Clothing,Kids,H&M,3161.08,29.86,2217.2,3.6,48,361,S8362,2.7,2025-07-29,4,Delhi,Tablet,Debit Card,False,Delivered
U741804,P30958,Sports,Cycling,Boat,781.32,19.72,627.28,3.1,44,193,S7235,2.7,2024-12-31,3,Chennai,Mobile App,Credit Card,False,In Transit
U251631,P33444,Sports,Cycling,Nike,4898.78,22.68,3787.85,4.0,5,393,S1840,3.6,2025-03-22,3,Mumbai,Web,Debit Card,False,In Transit
U223264,P27245,Beauty,Makeup,Zara,1567.58,13.13,1361.78,4.8,17,491,S4323,3.0,2024-04-11,4,Mumbai,Mobile App,Debit Card,False,Delivered
U946677,P10753,Beauty,Makeup,Puma,4672.31,21.12,3685.52,3.9,6,311,S9084,3.7,2024-03-31,5,Chennai,Mobile App,Credit Card,False,Delayed
U183262,P88802,Beauty,Makeup,Boat,735.85,41.07,433.64,2.9,320,307,S1107,2.6,2024-04-21,5,Hyderabad,Mobile App,Debit Card,True,Returned
U151295,P34227,Sports,Cycling,Lenovo,12127.75,43.32,6874.37,2.6,11,75,S1902,4.8,2025-12-28,4,Mumbai,Tablet,Debit Card,True,Returned
U978721,P89073,Electronics,Laptop,Samsung,53634.12,8.46,49096.37,4.5,25,152,S6424,3.9,2024-10-21,3,Chennai,Mobile App,UPI,False,Delivered
U740774,P96628,Beauty,Skincare,Nike,3315.94,33.72,2197.93,3.5,15,354,S3906,2.6,2026-02-03,4,Bangalore,Web,Debit Card,False,Delivered
U497346,P18869,Electronics,Headphones,LG,38426.88,15.7,32394.74,4.7,210,388,S8001,3.2,2026-03-16,4,Bangalore,Tablet,UPI,True,Returned
U828361,P45968,Home,Kitchen,Nike,14506.99,15.93,12195.66,4.4,18,168,S9635,4.2,2025-07-01,5,Delhi,Web,Credit Card,False,Delayed
U699121,P92441,Clothing,Kids,Samsung,4801.91,48.53,2471.71,3.5,13,270,S2436,4.6,2026-01-31,5,Delhi,Web,Debit Card,False,In Transit
U703080,P91689,Sports,Outdoor,Sony,9818.11,43.24,5572.47,3.5,11,181,S3125,4.4,2025-03-15,6,Chennai,Tablet,Cash on Delivery,False,Delayed
U344026,P48074,Beauty,Makeup,Nike,4687.15,42.91,2675.7,3.5,3,99,S1025,3.4,2025-10-07,1,Chennai,Mobile App,UPI,False,In Transit
U534153,P15962,Electronics,Laptop,HP,69096.43,36.37,43966.16,4.0,2,170,S6728,4.1,2024-11-08,2,Hyderabad,Tablet,Credit Card,False,Delivered
U928580,P18891,Clothing,Kids,Sony,1340.48,32.61,903.37,3.4,10,157,S5919,2.9,2025-07-03,3,Bangalore,Tablet,Debit Card,True,Returned
U457943,P61910,Electronics,Mobile,Zara,50499.61,7.57,46678.96,4.2,28,370,S1477,4.9,2024-08-04,4,Bangalore,Mobile App,Credit Card,False,In Transit
U935981,P14660,Home,Decor,Puma,10373.49,22.26,8064.7,4.1,8,330,S3224,4.1,2026-02-24,2,Hyderabad,Web,Credit Card,False,Delayed
U922072,P64257,Beauty,Haircare,LG,4984.68,43.83,2799.73,4.2,4,475,S1917,2.9,2024-08-08,3,Hyderabad,Tablet,Debit Card,False,Delayed
U318379,P85680,Home,Decor,Lenovo,14860.91,26.92,10860.54,4.0,57,350,S6434,3.2,2025-03-30,2,Delhi,Web,UPI,False,Delivered
U756944,P80028,Home,Furniture,LG,9647.36,25.71,7167.48,4.9,7,431,S3719,3.1,2024-11-19,3,Hyderabad,Tablet,Cash on Delivery,False,Delivered
U844321,P14145,Sports,Fitness,Sony,14607.94,14.97,12421.82,3.9,20,139,S7780,3.7,2025-07-24,4,Bangalore,Mobile App,Cash on Delivery,False,Delivered
U650607,P49625,Home,Kitchen,Sony,13425.89,8.86,12236.26,3.6,29,89,S2838,3.3,2024-08-20,3,Mumbai,Web,UPI,False,Delivered
U937838,P73263,Electronics,Camera,Lenovo,67876.47,39.94,40767.84,4.4,2,463,S9192,4.7,2026-01-02,1,Delhi,Mobile App,Credit Card,False,In Transit
U913205,P52904,Beauty,Haircare,Lenovo,2158.59,28.27,1548.35,3.9,13,73,S2609,4.4,2024-07-29,4,Bangalore,Tablet,Credit Card,False,Delivered
U221462,P10538,Electronics,Camera,Boat,41890.09,7.44,38772.22,3.6,18,159,S1721,3.7,2025-08-04,2,Chennai,Tablet,UPI,False,In Transit
U903398,P96374,Beauty,Skincare,Apple,3744.99,33.18,2502.34,3.4,28,381,S6119,3.7,2024-08-18,3,Chennai,Mobile App,Debit Card,False,Delayed
U400487,P46261,Clothing,Women,Adidas,708.81,40.34,422.88,3.7,12,272,S6228,4.9,2026-02-22,2,Mumbai,Web,UPI,False,In Transit
U115997,P91650,Clothing,Men,Sony,1716.57,28.87,1221.06,4.6,35,286,S9422,3.7,2024-10-21,1,Delhi,Mobile App,Credit Card,False,Delayed
U248433,P47128,Home,Decor,LG,12859.65,17.42,10619.91,4.5,11,293,S5011,3.7,2024-12-25,2,Bangalore,Mobile App,UPI,True,Returned
U565198,P16648,Home,Decor,LG,5000.04,23.43,3828.52,4.2,41,66,S1475,3.7,2025-11-27,2,Chennai,Web,UPI,False,Delivered
U510954,P33459,Beauty,Skincare,Apple,4589.73,39.08,2795.87,4.2,36,360,S8304,2.8,2025-10-12,3,Hyderabad,Tablet,Debit Card,False,In Transit
U182361,P71039,Home,Furniture,H&M,18998.83,28.33,13616.84,3.7,9,290,S3159,4.5,2024-06-18,3,Chennai,Mobile App,Cash on Delivery,False,Delivered
U593403,P40368,Beauty,Makeup,Zara,2643.74,32.52,1783.88,4.7,33,485,S4666,3.9,2025-07-15,4,Hyderabad,Mobile App,Debit Card,True,Returned
U927094,P52567,Home,Kitchen,Nike,11274.39,43.63,6355.24,5.0,88,232,S8987,2.7,2025-11-26,2,Bangalore,Mobile App,UPI,False,In Transit
U986850,P32387,Electronics,Headphones,Puma,62348.27,29.36,44045.4,4.7,10,144,S6711,4.8,2025-09-15,2,Hyderabad,Tablet,Credit Card,False,Delayed
U441699,P82895,Electronics,Camera,H&M,13982.0,35.2,9060.76,4.1,13,332,S2162,4.6,2026-01-28,4,Delhi,Web,Cash on Delivery,False,In Transit
U355528,P81820,Sports,Outdoor,Adidas,14740.96,49.24,7483.12,4.4,11,81,S8903,4.5,2025-03-03,6,Chennai,Web,UPI,True,Returned
U552091,P67062,Home,Furniture,H&M,8338.49,19.43,6718.15,3.9,28,290,S6606,4.7,2026-01-26,2,Chennai,Tablet,Credit Card,False,Delivered
U725030,P70674,Electronics,Camera,Apple,27609.21,6.88,25711.03,4.2,7,166,S2599,3.9,2025-09-28,1,Chennai,Web,Credit Card,False,In Transit
U818807,P88172,Beauty,Skincare,HP,3667.39,9.78,3308.87,3.2,19,394,S7208,4.1,2025-12-31,1,Delhi,Web,Cash on Delivery,False,Delayed
U708979,P93379,Electronics,Mobile,Adidas,31178.93,18.07,25543.68,3.8,24,414,S1003,3.2,2024-11-21,1,Mumbai,Mobile App,Credit Card,False,In Transit
U706005,P68610,Sports,Outdoor,Boat,4897.57,21.32,3853.59,3.9,14,100,S4369,4.7,2025-10-14,1,Chennai,Tablet,Debit Card,False,In Transit
U852658,P55123,Sports,Cycling,Sony,12294.4,38.43,7569.98,3.3,41,45,S1133,3.0,2025-09-07,4,Hyderabad,Tablet,Cash on Delivery,False,Delivered
U155708,P10110,Home,Furniture,LG,10851.37,7.24,10065.72,4.3,5,360,S6885,3.5,2024-08-29,3,Chennai,Mobile App,Debit Card,False,Delivered
U513420,P91948,Clothing,Women,H&M,2701.95,38.25,1668.53,4.0,23,162,S7271,2.5,2025-08-09,5,Chennai,Web,Cash on Delivery,False,In Transit
U597938,P28228,Sports,Fitness,Zara,3053.2,37.25,1915.81,3.3,43,96,S7301,3.9,2026-03-18,3,Mumbai,Web,Cash on Delivery,False,Delivered
U112166,P19403,Home,Decor,Nike,8090.94,13.51,6997.98,4.0,39,331,S1257,3.6,2025-04-06,3,Mumbai,Mobile App,Cash on Delivery,False,Delayed
U773440,P64507,Beauty,Skincare,Apple,1941.28,35.75,1247.18,3.8,148,440,S8471,3.9,2026-03-07,5,Mumbai,Tablet,Cash on Delivery,False,Delayed
U678866,P68988,Clothing,Women,Lenovo,1964.38,35.43,1268.43,3.8,20,196,S6821,3.9,2025-11-04,6,Hyderabad,Mobile App,Credit Card,False,In Transit
U987938,P41031,Sports,Fitness,HP,10499.76,18.56,8550.73,3.4,29,364,S9220,3.4,2025-07-05,6,Hyderabad,Web,Cash on Delivery,False,Delayed
U695748,P73342,Sports,Outdoor,Samsung,9158.19,24.09,6952.14,3.1,14,360,S7038,4.2,2026-01-28,4,Delhi,Mobile App,Cash on Delivery,False,Delayed
U887042,P46624,Electronics,Laptop,H&M,69796.61,20.53,55463.9,4.8,6,238,S9469,3.4,2025-07-11,4,Chennai,Mobile App,UPI,False,Delivered
U817303,P93058,Beauty,Haircare,H&M,3395.77,25.7,2522.9,3.6,11,276,S6119,3.8,2025-05-01,3,Delhi,Tablet,UPI,False,In Transit
U637566,P71503,Sports,Fitness,Puma,11742.31,25.28,8773.65,4.2,31,293,S6431,4.1,2025-01-04,1,Hyderabad,Web,Debit Card,False,In Transit
U885829,P49855,Home,Furniture,Samsung,9305.81,44.21,5191.71,3.2,12,372,S5267,4.6,2025-11-29,3,Chennai,Mobile App,Cash on Delivery,False,Delayed
U948188,P91830,Clothing,Kids,Samsung,680.56,60.07,271.78,4.1,47,13,S5699,2.6,2025-01-13,1,Bangalore,Web,UPI,False,Delivered
U238976,P90713,Sports,Fitness,Sony,10177.53,5.57,9610.19,3.8,57,143,S5509,4.3,2024-05-04,2,Bangalore,Web,UPI,True,Returned
U791174,P68543,Electronics,Laptop,HP,11079.47,38.52,6811.21,4.1,44,189,S3873,3.0,2026-02-10,5,Mumbai,Web,Credit Card,False,In Transit
U188501,P29014,Clothing,Kids,Samsung,2766.29,40.38,1649.23,3.5,39,304,S3525,3.3,2026-01-06,1,Bangalore,Web,Cash on Delivery,False,In Transit
U321099,P85727,Clothing,Kids,Puma,4687.02,16.77,3900.94,4.4,30,375,S6653,4.4,2024-08-14,3,Mumbai,Mobile App,Debit Card,False,Delivered
U599365,P49500,Electronics,Laptop,Puma,63794.64,37.59,39815.41,4.8,48,243,S9724,4.1,2024-12-08,2,Hyderabad,Mobile App,Cash on Delivery,False,Delayed
U656208,P66981,Beauty,Makeup,Sony,1278.0,42.82,730.76,4.3,39,6,S5731,4.6,2025-07-26,3,Mumbai,Web,Cash on Delivery,False,Delayed
U202093,P79637,Home,Decor,Zara,15663.88,48.26,8104.48,3.2,15,326,S6797,4.3,2025-06-01,3,Delhi,Web,Debit Card,False,In Transit
U786128,P86569,Home,Kitchen,Apple,13577.43,25.23,10151.58,4.0,5,200,S8554,4.6,2024-10-31,6,Bangalore,Tablet,Credit Card,False,Delayed
U810638,P33582,Sports,Fitness,Lenovo,6192.52,20.39,4929.8,3.6,43,160,S9972,3.4,2025-02-20,4,Bangalore,Mobile App,UPI,True,Returned
U650779,P23619,Electronics,Mobile,Boat,45672.5,25.33,34104.62,4.5,25,350,S8306,3.4,2025-04-18,3,Delhi,Web,Credit Card,False,Delayed
U124851,P91185,Home,Kitchen,Adidas,14407.53,14.99,12247.31,4.1,64,47,S1931,4.6,2026-02-18,3,Delhi,Tablet,Credit Card,False,Delayed
U236217,P59277,Electronics,Mobile,Apple,59368.46,5.41,56155.26,3.9,33,336,S4027,4.8,2025-12-27,5,Chennai,Mobile App,Credit Card,False,In Transit
U769809,P69433,Home,Kitchen,Zara,15659.82,32.11,10630.98,4.3,14,472,S5528,2.6,2024-12-16,5,Delhi,Web,Debit Card,False,In Transit
U501393,P60933,Clothing,Men,Sony,727.69,50.58,359.6,3.9,12,170,S1984,4.1,2025-03-31,1,Delhi,Web,Debit Card,False,Delivered
U739947,P61463,Beauty,Skincare,Puma,3803.21,32.14,2580.67,3.7,22,91,S9061,2.8,2025-04-16,5,Mumbai,Mobile App,Credit Card,False,Delayed
U563031,P43947,Beauty,Skincare,HP,422.06,14.58,360.52,4.2,72,52,S1571,3.3,2024-10-06,5,Delhi,Mobile App,UPI,False,Delayed
U256085,P95572,Home,Kitchen,Samsung,3801.61,38.86,2324.36,4.3,52,327,S1014,2.9,2025-01-24,5,Hyderabad,Mobile App,Cash on Delivery,False,In Transit
U702553,P10485,Clothing,Kids,LG,3767.85,50.27,1873.63,3.7,65,263,S9039,3.9,2024-03-31,5,Hyderabad,Web,Cash on Delivery,False,In Transit
U822742,P73185,Electronics,Laptop,Samsung,71212.74,38.76,43607.71,4.5,41,62,S9770,4.3,2025-03-18,3,Hyderabad,Web,Debit Card,False,Delayed
U483102,P80074,Home,Kitchen,Samsung,4218.53,30.63,2926.46,3.5,30,436,S6571,4.8,2026-03-01,2,Delhi,Mobile App,Cash on Delivery,False,In Transit
U502824,P96603,Clothing,Men,Lenovo,2364.93,69.8,714.19,4.2,72,97,S5896,4.5,2024-06-11,5,Delhi,Tablet,Cash on Delivery,False,Delivered
U871043,P34833,Home,Kitchen,Apple,10110.87,19.7,8118.93,3.1,12,71,S1584,4.9,2025-04-28,2,Hyderabad,Mobile App,UPI,True,Returned
U166052,P80851,Sports,Fitness,Puma,8533.85,46.89,4532.54,3.8,8,329,S6041,3.8,2024-06-09,3,Hyderabad,Web,Cash on Delivery,False,Delivered
U926045,P15611,Electronics,Headphones,Samsung,15584.46,37.01,9816.41,4.3,6,207,S2936,4.2,2024-12-12,6,Bangalore,Mobile App,Cash on Delivery,True,Returned
U344303,P19441,Sports,Fitness,H&M,6948.96,7.09,6456.31,3.8,6,18,S3319,3.6,2025-11-16,4,Chennai,Web,UPI,False,In Transit
U115063,P32577,Sports,Fitness,Adidas,13431.39,13.84,11572.5,3.6,24,323,S1818,4.1,2025-08-20,2,Mumbai,Web,UPI,False,In Transit
U957525,P23937,Sports,Fitness,HP,10925.83,27.67,7902.11,3.4,46,58,S9145,2.6,2025-04-07,4,Delhi,Tablet,Credit Card,False,Delivered
U439984,P25833,Clothing,Women,LG,4114.87,11.85,3627.28,3.8,39,499,S9943,3.8,2024-06-17,3,Hyderabad,Mobile App,Debit Card,False,Delivered
U226610,P45899,Electronics,Laptop,LG,55917.56,37.69,34843.18,4.1,13,72,S7801,3.1,2026-01-12,5,Delhi,Mobile App,Debit Card,False,Delayed
U142675,P27481,Clothing,Women,Adidas,670.19,16.92,556.81,4.0,11,51,S7162,4.6,2025-07-30,6,Chennai,Mobile App,UPI,False,In Transit
U193471,P95426,Electronics,Mobile,Samsung,22941.74,17.69,18883.84,4.9,70,303,S5648,4.1,2024-04-26,4,Mumbai,Web,Cash on Delivery,True,Returned
U648496,P69037,Clothing,Men,Nike,2934.44,65.77,1004.31,3.7,5,210,S4919,3.0,2024-10-15,4,Bangalore,Mobile App,UPI,True,Returned
U741780,P21537,Sports,Fitness,H&M,7107.08,32.26,4814.59,3.4,92,321,S5934,3.1,2024-11-12,6,Hyderabad,Web,Cash on Delivery,False,Delivered
U655953,P22541,Sports,Fitness,Adidas,3812.84,43.99,2135.6,4.0,8,316,S6929,3.7,2025-11-22,3,Delhi,Tablet,Credit Card,False,In Transit
U218152,P29558,Clothing,Women,Samsung,2347.35,13.32,2034.68,3.1,55,350,S8772,3.4,2024-05-31,3,Mumbai,Web,Credit Card,False,Delivered
U398911,P37471,Electronics,Mobile,Zara,31838.09,36.22,20305.51,5.0,129,222,S5118,3.1,2025-02-22,2,Bangalore,Web,Cash on Delivery,False,Delivered
U265722,P13809,Electronics,Mobile,Lenovo,34147.42,24.75,25697.02,5.0,19,248,S9436,3.7,2025-12-23,2,Mumbai,Mobile App,UPI,False,Delivered
U539422,P36050,Beauty,Haircare,HP,560.97,26.74,410.99,3.1,3,382,S6336,3.1,2025-02-18,3,Bangalore,Mobile App,UPI,False,In Transit
U309668,P59221,Clothing,Men,Adidas,4114.1,57.76,1737.63,3.7,1,456,S4615,4.3,2025-08-03,3,Hyderabad,Mobile App,Cash on Delivery,False,Delayed
U326665,P89879,Beauty,Skincare,Boat,3891.1,26.28,2868.63,3.4,26,232,S3917,2.6,2025-01-03,3,Mumbai,Web,Debit Card,False,Delivered
U382795,P36504,Beauty,Haircare,Adidas,707.84,9.28,642.18,3.9,12,171,S3084,2.6,2025-08-22,5,Bangalore,Mobile App,UPI,False,In Transit
U538539,P32439,Clothing,Men,Puma,1009.11,12.9,878.94,4.8,46,389,S6629,3.5,2025-03-24,1,Hyderabad,Mobile App,Debit Card,False,Delayed
U706204,P82450,Clothing,Kids,HP,3312.25,67.01,1092.62,3.9,10,437,S4763,3.8,2025-01-14,5,Mumbai,Mobile App,Cash on Delivery,False,Delayed
U977646,P70655,Beauty,Skincare,HP,385.24,19.17,311.38,3.8,6,142,S1237,2.6,2025-09-16,5,Hyderabad,Tablet,Cash on Delivery,False,Delayed
U707615,P39151,Clothing,Men,LG,3218.59,25.55,2396.15,3.7,39,456,S3440,4.3,2026-02-01,1,Hyderabad,Tablet,UPI,False,In Transit
U135253,P65797,Electronics,Mobile,Puma,58188.55,20.35,46345.14,4.7,39,271,S7460,4.1,2025-04-15,3,Chennai,Web,UPI,False,In Transit
U889660,P11628,Beauty,Skincare,Apple,3121.2,48.25,1615.21,3.1,41,354,S7662,4.3,2025-12-22,1,Chennai,Mobile App,Credit Card,False,In Transit
U116703,P72886,Home,Furniture,Zara,19830.07,7.81,18281.31,3.8,23,342,S5994,4.1,2026-02-11,5,Delhi,Mobile App,Cash on Delivery,False,Delayed
U909327,P28169,Sports,Fitness,Puma,9457.04,25.53,7042.22,3.9,53,447,S7641,4.0,2025-12-09,3,Hyderabad,Mobile App,Debit Card,False,Delayed
U757776,P19266,Beauty,Haircare,Zara,251.23,41.97,145.78,3.9,11,197,S6454,2.8,2025-06-25,2,Delhi,Tablet,UPI,False,In Transit
U668784,P85396,Beauty,Makeup,H&M,4304.53,48.79,2204.48,3.4,17,406,S4393,4.3,2025-06-02,3,Chennai,Tablet,UPI,False,Delayed
U807424,P57708,Home,Decor,Samsung,14411.77,39.82,8672.85,3.4,12,454,S1844,3.9,2024-06-30,5,Chennai,Mobile App,Cash on Delivery,False,In Transit
U484232,P32972,Beauty,Haircare,Samsung,1014.84,5.67,957.31,2.8,15,331,S2097,3.1,2025-09-01,1,Bangalore,Tablet,Credit Card,True,Returned
U219073,P95070,Clothing,Women,Adidas,3719.46,43.31,2108.58,4.0,113,244,S4437,3.3,2025-12-13,2,Chennai,Tablet,Credit Card,False,In Transit
U390607,P17138,Home,Kitchen,Lenovo,3004.76,47.78,1569.17,4.9,5,32,S7108,3.3,2025-05-03,6,Hyderabad,Web,Cash on Delivery,True,Returned
U593002,P79717,Beauty,Haircare,Lenovo,744.62,41.33,436.86,3.5,78,347,S9730,4.0,2025-03-02,2,Delhi,Web,Cash on Delivery,False,Delayed
U297503,P70014,Home,Decor,H&M,15103.89,18.73,12274.23,3.2,10,44,S2313,2.9,2026-01-25,1,Delhi,Web,Credit Card,False,In Transit
U217466,P29392,Electronics,Mobile,Nike,44737.54,14.92,38064.77,4.6,9,254,S3465,3.7,2024-05-19,2,Bangalore,Mobile App,UPI,False,In Transit
U596925,P55442,Beauty,Haircare,Lenovo,3155.49,23.19,2423.84,3.7,54,215,S8272,3.4,2025-08-10,4,Mumbai,Tablet,UPI,False,In Transit
U975505,P78107,Clothing,Men,Samsung,599.91,25.14,449.12,4.5,23,330,S6503,4.5,2025-11-01,2,Mumbai,Web,Debit Card,False,Delayed
U982804,P81888,Home,Kitchen,HP,8314.22,48.33,4296.35,3.8,7,227,S8503,2.7,2025-01-03,1,Chennai,Web,Credit Card,False,In Transit
U489967,P47767,Clothing,Women,Adidas,4125.67,49.05,2101.95,3.5,9,394,S1775,5.0,2026-03-17,4,Hyderabad,Mobile App,Debit Card,False,In Transit
U846389,P80165,Beauty,Skincare,HP,4367.83,5.08,4145.88,3.5,6,146,S3986,3.1,2025-06-23,3,Mumbai,Mobile App,Credit Card,False,Delivered
U702433,P26577,Clothing,Men,Samsung,2840.72,30.1,1985.65,3.6,5,225,S5266,3.9,2025-10-18,5,Bangalore,Web,Credit Card,False,Delivered
U460549,P29391,Sports,Cycling,Samsung,5970.15,34.88,3887.56,3.6,13,190,S8347,2.9,2025-03-21,1,Bangalore,Tablet,Credit Card,False,Delayed
U623676,P29055,Home,Furniture,Samsung,1300.92,27.79,939.33,2.9,37,485,S8504,4.8,2024-08-11,4,Hyderabad,Web,Credit Card,False,Delivered
U596931,P47988,Sports,Cycling,LG,2939.78,31.17,2023.32,4.0,2,496,S3409,2.7,2025-03-28,5,Bangalore,Tablet,Cash on Delivery,False,In Transit
U810943,P82215,Electronics,Camera,Samsung,46101.61,29.86,32337.48,3.4,7,59,S6047,4.2,2026-02-05,4,Mumbai,Mobile App,Cash on Delivery,False,Delayed
U442220,P17213,Clothing,Women,LG,2258.39,22.25,1755.8,3.6,8,311,S4197,3.0,2025-04-09,4,Delhi,Tablet,Credit Card,True,Returned
U664566,P68387,Home,Furniture,Samsung,16520.68,21.43,12980.43,4.7,48,346,S2431,3.7,2024-12-13,5,Delhi,Tablet,Cash on Delivery,False,Delivered
U636405,P17346,Beauty,Makeup,HP,985.02,11.35,873.22,3.2,29,465,S6915,4.3,2025-06-23,1,Chennai,Web,Credit Card,True,Returned
U112782,P47309,Beauty,Makeup,Boat,4535.85,45.39,2477.08,2.8,3,176,S6756,3.0,2024-12-24,4,Bangalore,Web,Cash on Delivery,True,Returned
U877548,P64474,Sports,Fitness,Adidas,910.89,42.28,525.73,3.5,45,411,S8249,2.6,2024-09-23,6,Hyderabad,Web,Credit Card,False,Delayed
U976097,P86962,Beauty,Haircare,Boat,2208.56,26.45,1624.31,3.0,96,306,S2410,4.4,2024-08-13,2,Mumbai,Mobile App,Credit Card,False,In Transit
U719371,P59253,Beauty,Haircare,LG,3541.86,24.86,2661.52,3.8,61,45,S1108,3.6,2025-05-01,5,Delhi,Web,Debit Card,False,In Transit
U891930,P27947,Clothing,Kids,Puma,3048.33,30.12,2130.16,4.5,132,102,S4047,2.6,2025-11-18,4,Chennai,Web,Debit Card,False,Delayed
U418677,P74762,Beauty,Skincare,Sony,3709.86,9.41,3360.67,4.1,18,286,S8593,3.9,2025-01-06,4,Chennai,Mobile App,UPI,False,Delivered
U230208,P95696,Clothing,Women,Sony,1927.65,19.51,1551.52,3.7,25,340,S5713,4.1,2024-12-18,4,Hyderabad,Web,Credit Card,True,Returned
U129824,P25644,Beauty,Haircare,Zara,4342.26,7.83,4002.32,4.8,15,391,S5541,4.0,2026-02-23,1,Mumbai,Web,UPI,False,Delayed
U557250,P43804,Home,Decor,Puma,5309.9,28.17,3814.01,4.1,7,321,S8799,3.9,2024-09-24,4,Chennai,Tablet,UPI,False,In Transit
U986340,P44018,Sports,Cycling,HP,14365.57,39.5,8690.92,3.0,55,83,S1958,4.9,2024-07-14,4,Delhi,Mobile App,Debit Card,False,In Transit
U385915,P57338,Clothing,Women,Nike,4691.91,22.56,3633.54,2.7,24,214,S6832,5.0,2025-10-03,1,Delhi,Mobile App,Debit Card,False,In Transit
U303229,P92317,Sports,Cycling,Apple,5113.72,12.47,4476.07,3.5,80,93,S2548,3.1,2025-06-01,4,Chennai,Tablet,Credit Card,False,Delayed
U384645,P99842,Home,Kitchen,Zara,6876.09,18.89,5577.3,3.7,14,357,S6939,3.2,2025-12-04,3,Bangalore,Mobile App,Debit Card,True,Returned
U395087,P58891,Clothing,Men,Nike,2389.72,50.16,1191.15,3.9,16,398,S8944,3.5,2025-01-21,5,Chennai,Web,Debit Card,False,Delivered
U331854,P34696,Electronics,Laptop,Nike,18474.45,32.5,12470.56,3.6,28,407,S9612,4.9,2025-12-03,3,Chennai,Tablet,UPI,False,In Transit
U118223,P72851,Beauty,Skincare,Apple,4792.71,48.3,2477.91,3.7,32,178,S6104,3.1,2025-12-10,5,Mumbai,Tablet,Debit Card,False,Delivered
U280572,P49935,Beauty,Haircare,Lenovo,273.27,17.69,224.94,3.2,16,14,S2943,2.7,2024-11-07,3,Bangalore,Mobile App,Credit Card,False,Delayed
U231432,P37504,Clothing,Kids,Adidas,3441.45,65.67,1181.54,3.9,27,66,S2287,4.4,2025-12-20,4,Bangalore,Web,UPI,False,Delivered
U305888,P24131,Electronics,Camera,Boat,6352.84,37.94,3942.59,3.7,40,16,S9412,3.9,2025-07-13,1,Delhi,Tablet,UPI,False,In Transit
U416298,P97501,Electronics,Headphones,Samsung,17760.71,39.03,10829.05,4.2,9,5,S2581,3.4,2026-03-29,4,Delhi,Mobile App,Credit Card,False,Delayed
U130680,P21898,Clothing,Men,Zara,4653.19,12.9,4052.75,3.7,6,74,S5544,3.6,2026-01-27,5,Bangalore,Tablet,Debit Card,False,In Transit
U353569,P76179,Clothing,Kids,H&M,2535.46,42.25,1464.35,3.8,13,291,S2119,4.1,2025-10-13,4,Chennai,Mobile App,UPI,False,Delayed
U280117,P80402,Clothing,Kids,Adidas,927.09,19.13,749.73,3.5,8,2,S2616,4.7,2024-04-14,5,Bangalore,Mobile App,Cash on Delivery,False,In Transit
U289633,P56507,Sports,Fitness,Puma,6271.8,28.11,4508.58,3.6,66,194,S7948,4.9,2025-03-19,3,Delhi,Mobile App,Credit Card,False,In Transit
U215674,P78121,Electronics,Headphones,Apple,76971.96,24.71,57955.69,3.9,8,69,S9123,3.5,2024-12-28,5,Hyderabad,Web,Debit Card,False,Delayed
U221343,P60434,Electronics,Mobile,LG,77405.8,22.07,60319.4,4.1,10,145,S8486,3.5,2024-11-30,4,Hyderabad,Tablet,Debit Card,False,Delayed
U404704,P66093,Beauty,Skincare,Lenovo,535.34,12.78,466.94,3.6,16,96,S2140,3.3,2026-03-22,2,Hyderabad,Web,Debit Card,False,Delivered
U515623,P67417,Electronics,Camera,Zara,12943.68,32.91,8683.4,3.0,29,267,S2392,3.5,2026-01-27,3,Delhi,Mobile App,Credit Card,True,Returned
U206663,P32114,Beauty,Makeup,H&M,2742.29,28.42,1962.84,3.4,122,33,S6959,2.9,2025-01-15,2,Chennai,Mobile App,Debit Card,False,Delivered
U978821,P65666,Sports,Outdoor,Apple,9783.64,44.49,5431.19,4.3,17,371,S9177,4.8,2024-06-17,1,Mumbai,Web,Debit Card,False,Delayed
U524089,P73508,Beauty,Makeup,Puma,2655.11,9.6,2400.22,4.0,62,261,S5569,2.6,2025-08-06,3,Chennai,Mobile App,Cash on Delivery,False,Delivered
U342034,P92361,Electronics,Headphones,Puma,50336.67,28.6,35941.55,3.5,9,482,S3205,4.9,2025-03-27,3,Hyderabad,Mobile App,UPI,False,Delayed
U287795,P60152,Electronics,Mobile,Puma,42865.61,24.13,32521.32,4.1,396,309,S6356,4.0,2025-04-25,4,Delhi,Mobile App,Debit Card,False,Delayed
U904857,P74512,Sports,Fitness,Apple,7743.46,10.04,6965.67,3.4,1,405,S8635,2.9,2025-04-22,4,Chennai,Mobile App,Debit Card,False,Delayed
U668787,P55038,Beauty,Makeup,Lenovo,370.94,29.94,259.89,4.7,33,414,S9856,4.9,2025-03-24,2,Bangalore,Tablet,UPI,False,Delivered
U429839,P59327,Beauty,Skincare,Boat,488.35,11.47,432.36,4.0,124,226,S8531,5.0,2024-05-21,5,Hyderabad,Mobile App,UPI,False,Delivered
U615353,P66450,Sports,Cycling,Sony,6540.59,34.18,4304.77,4.3,4,68,S6119,4.1,2024-06-05,1,Mumbai,Tablet,Cash on Delivery,False,In Transit
U818666,P80699,Electronics,Camera,Zara,24785.46,25.63,18432.58,5.0,7,292,S8697,4.1,2025-01-21,4,Chennai,Web,Credit Card,False,Delayed
U719755,P59518,Electronics,Camera,Sony,63830.61,28.59,45580.13,4.7,5,315,S6779,4.2,2024-09-04,4,Hyderabad,Web,Debit Card,False,Delivered
U465823,P86541,Electronics,Mobile,Nike,36994.39,35.92,23707.03,3.2,19,13,S6591,4.3,2025-09-09,5,Bangalore,Web,UPI,False,In Transit
U159191,P96670,Home,Kitchen,Boat,12844.42,34.58,8402.9,3.4,15,125,S5056,3.6,2024-06-20,2,Bangalore,Mobile App,Debit Card,False,Delayed
U453993,P32253,Electronics,Mobile,Sony,33939.46,25.68,25225.04,3.4,122,10,S9821,4.3,2025-09-16,5,Delhi,Web,UPI,False,In Transit
U379570,P12674,Beauty,Haircare,Lenovo,2507.47,36.85,1583.35,3.4,37,356,S8695,4.9,2025-08-05,1,Hyderabad,Tablet,UPI,False,In Transit
U700350,P22809,Beauty,Haircare,Boat,1207.49,5.88,1136.46,4.0,154,413,S9001,4.0,2025-07-04,1,Bangalore,Mobile App,Credit Card,False,In Transit
U274721,P90586,Beauty,Haircare,Zara,2782.72,43.09,1583.66,3.6,19,153,S6952,4.9,2025-12-22,6,Bangalore,Web,Credit Card,True,Returned
U324479,P47664,Beauty,Haircare,Apple,886.79,18.9,719.2,4.2,134,135,S1778,3.0,2025-04-25,5,Chennai,Web,Cash on Delivery,False,Delivered
U199335,P87576,Sports,Cycling,Apple,9599.56,21.04,7580.06,2.0,21,172,S5478,4.4,2025-12-03,2,Chennai,Mobile App,Cash on Delivery,False,In Transit
U629152,P49309,Clothing,Women,Apple,2663.54,34.89,1734.21,3.7,14,221,S9846,4.1,2026-02-20,3,Bangalore,Web,Credit Card,True,Returned
U640403,P69405,Beauty,Makeup,Sony,1707.41,15.66,1440.09,3.1,51,343,S9971,3.5,2024-07-15,6,Chennai,Mobile App,UPI,True,Returned
U323297,P96613,Sports,Fitness,HP,1392.57,34.49,912.22,3.2,59,492,S8656,4.8,2025-05-05,5,Hyderabad,Web,Cash on Delivery,False,Delayed
U254920,P41506,Electronics,Laptop,LG,8686.89,5.67,8194.65,4.0,22,77,S5919,4.1,2024-09-12,2,Hyderabad,Web,Cash on Delivery,False,In Transit
U963723,P47623,Electronics,Laptop,Boat,9597.41,20.43,7636.97,3.5,25,330,S3631,4.5,2025-03-09,6,Bangalore,Web,Credit Card,False,In Transit
U129049,P42189,Clothing,Men,Nike,3270.31,43.93,1833.55,3.2,74,408,S6087,3.1,2024-12-12,2,Mumbai,Web,Cash on Delivery,False,Delayed
U311802,P30887,Beauty,Makeup,Zara,938.36,46.17,505.1,4.0,13,139,S3235,2.6,2025-01-26,4,Delhi,Mobile App,Debit Card,False,In Transit
U857568,P73680,Sports,Fitness,Zara,10622.7,18.99,8605.05,3.8,12,400,S1326,4.6,2024-10-14,1,Delhi,Mobile App,UPI,False,In Transit
U481088,P98037,Sports,Outdoor,Apple,14162.39,28.73,10094.22,3.5,12,336,S2479,4.4,2024-08-09,6,Hyderabad,Web,Credit Card,False,Delivered
U912767,P78846,Electronics,Mobile,Lenovo,50503.97,39.52,30542.53,4.7,41,128,S9133,2.5,2024-06-24,6,Chennai,Mobile App,Credit Card,False,Delayed
U873048,P61111,Electronics,Headphones,LG,67301.72,8.87,61334.13,4.5,22,412,S4865,2.9,2025-03-28,1,Chennai,Web,Credit Card,False,Delivered
U560823,P63526,Electronics,Laptop,Adidas,49574.88,18.78,40264.63,4.0,12,130,S1916,4.1,2024-04-10,6,Bangalore,Web,Debit Card,False,Delayed
U597920,P99487,Electronics,Headphones,Lenovo,11600.45,18.65,9436.7,4.3,13,126,S5550,5.0,2026-01-25,6,Hyderabad,Mobile App,Debit Card,False,In Transit
U136500,P96798,Home,Kitchen,Samsung,8572.75,39.81,5160.25,3.2,27,409,S1895,3.2,2025-07-11,2,Chennai,Tablet,Credit Card,False,In Transit
U951706,P99816,Sports,Outdoor,Sony,10092.1,31.64,6899.35,4.1,100,62,S9763,4.2,2025-05-14,3,Bangalore,Mobile App,Cash on Delivery,False,In Transit
U194634,P40862,Electronics,Camera,Sony,50578.18,27.59,36624.19,3.8,87,152,S4446,4.1,2025-07-26,5,Bangalore,Mobile App,Cash on Delivery,False,Delayed
U387348,P20498,Home,Decor,Boat,1216.4,47.42,639.61,4.0,69,421,S9055,4.2,2025-11-25,1,Delhi,Web,Cash on Delivery,False,In Transit
U630930,P18698,Beauty,Skincare,Nike,4768.47,21.83,3727.67,3.6,21,180,S7895,4.3,2026-01-15,2,Bangalore,Tablet,Debit Card,False,In Transit
U760766,P68117,Electronics,Mobile,Zara,37703.62,22.43,29244.99,3.3,37,405,S3229,4.1,2025-07-23,5,Mumbai,Mobile App,Cash on Delivery,False,Delivered
U216211,P30686,Home,Kitchen,HP,15639.15,18.16,12798.4,4.5,38,127,S9460,3.3,2025-02-14,3,Delhi,Tablet,Credit Card,False,Delayed
U870883,P27499,Beauty,Makeup,Puma,749.76,24.15,568.69,4.5,7,133,S3842,2.6,2024-12-06,6,Hyderabad,Tablet,Debit Card,False,In Transit
U290724,P61576,Clothing,Men,Boat,2262.97,69.08,699.74,3.7,6,448,S7182,3.6,2025-12-28,2,Bangalore,Tablet,Credit Card,False,Delivered
U307897,P44312,Electronics,Laptop,Apple,7251.52,33.67,4810.02,3.6,21,359,S3764,3.2,2025-12-22,6,Hyderabad,Mobile App,Cash on Delivery,False,Delayed
U193387,P58224,Beauty,Haircare,Sony,1619.06,47.49,850.16,4.1,43,87,S2922,3.8,2026-03-12,5,Mumbai,Mobile App,Cash on Delivery,False,In Transit
U299800,P44891,Beauty,Skincare,Adidas,3808.06,28.27,2731.45,4.5,9,147,S9096,4.3,2025-04-28,3,Mumbai,Web,Credit Card,False,In Transit
U862008,P98760,Clothing,Kids,Adidas,2020.86,29.76,1419.43,3.7,7,96,S7853,2.6,2024-04-06,5,Bangalore,Mobile App,Cash on Delivery,False,Delivered
U747684,P69110,Electronics,Headphones,Sony,33416.53,9.19,30344.26,4.6,18,464,S5068,3.9,2025-06-23,5,Mumbai,Web,Cash on Delivery,False,Delivered
U826687,P62108,Electronics,Camera,Nike,64400.23,10.06,57918.43,4.2,37,351,S4476,4.3,2024-12-19,5,Bangalore,Tablet,Cash on Delivery,False,Delayed
U176604,P22488,Beauty,Haircare,HP,3194.67,23.1,2456.83,4.2,156,285,S1962,3.6,2024-09-12,2,Bangalore,Mobile App,Debit Card,False,Delivered
U844033,P15965,Beauty,Makeup,HP,3652.05,36.02,2336.7,4.8,28,2,S5155,4.4,2025-02-19,6,Chennai,Tablet,Cash on Delivery,False,In Transit
U686741,P15390,Beauty,Haircare,LG,2510.11,23.22,1927.24,4.7,21,297,S3938,3.8,2025-08-19,2,Mumbai,Web,Credit Card,False,Delayed
U194002,P51591,Beauty,Makeup,Puma,1089.7,41.82,633.94,3.1,56,363,S9690,4.0,2025-04-24,4,Mumbai,Web,Credit Card,False,In Transit
U623460,P46831,Electronics,Headphones,Samsung,54461.75,17.9,44713.27,4.2,26,382,S6907,3.2,2024-10-06,1,Mumbai,Web,Debit Card,False,In Transit
U556943,P31624,Sports,Outdoor,Lenovo,9219.71,29.57,6493.23,4.2,23,161,S9049,3.6,2025-09-05,5,Bangalore,Mobile App,Cash on Delivery,True,Returned
U341026,P34004,Electronics,Laptop,Nike,35591.37,30.5,24737.25,4.4,30,18,S8704,3.8,2025-12-29,2,Delhi,Web,Credit Card,False,Delayed
U142773,P67870,Beauty,Makeup,Apple,4408.84,44.38,2452.0,2.6,27,182,S8949,4.2,2025-04-11,6,Hyderabad,Web,Cash on Delivery,False,Delivered
U313630,P47239,Clothing,Men,LG,3123.58,34.14,2057.12,4.3,21,92,S3757,2.7,2026-03-08,5,Delhi,Tablet,Debit Card,False,Delayed
U651567,P84814,Sports,Fitness,HP,13946.81,23.12,10722.65,3.8,47,92,S7822,2.7,2024-08-09,1,Delhi,Mobile App,Credit Card,False,In Transit
U814407,P99212,Electronics,Headphones,Samsung,61809.69,26.88,45195.18,4.0,14,62,S7458,4.2,2024-05-27,4,Bangalore,Web,UPI,False,In Transit
U971051,P96447,Clothing,Men,Apple,3667.71,37.02,2310.07,3.5,7,245,S8439,3.1,2024-12-22,4,Hyderabad,Tablet,Debit Card,False,Delayed
U575111,P52587,Electronics,Headphones,Samsung,27811.64,32.12,18878.53,4.0,6,485,S3118,4.1,2025-04-10,3,Chennai,Mobile App,UPI,False,Delayed
U673734,P88943,Home,Kitchen,Samsung,6632.37,18.01,5437.68,4.0,2,195,S2516,3.3,2025-08-29,5,Delhi,Web,Debit Card,False,Delivered
U993749,P37292,Clothing,Women,Apple,2935.35,66.57,981.15,3.6,25,83,S7365,4.1,2025-07-27,1,Delhi,Web,Debit Card,False,Delayed
U940014,P66670,Clothing,Men,Sony,2603.11,38.04,1612.96,3.0,161,376,S6080,4.7,2025-08-26,6,Hyderabad,Tablet,Credit Card,False,In Transit
U613406,P68385,Electronics,Headphones,Lenovo,65106.26,34.63,42560.8,5.0,20,453,S7358,4.7,2025-07-15,1,Mumbai,Web,Debit Card,False,Delayed
U950389,P58265,Sports,Outdoor,Apple,8547.58,45.69,4642.31,3.8,247,314,S4053,3.4,2024-08-17,1,Hyderabad,Web,Cash on Delivery,False,Delivered
U779068,P99946,Electronics,Headphones,Puma,23740.72,7.6,21936.04,3.5,4,365,S3540,4.3,2025-09-15,1,Mumbai,Web,UPI,False,In Transit
U414985,P29478,Beauty,Makeup,Apple,4884.87,25.74,3627.33,4.1,144,65,S5921,3.5,2025-02-06,1,Hyderabad,Mobile App,Cash on Delivery,False,In Transit
U147285,P77294,Sports,Fitness,Lenovo,6245.42,23.3,4790.35,3.1,28,55,S9366,4.3,2025-09-12,1,Delhi,Web,Cash on Delivery,False,Delivered
U952308,P43211,Beauty,Haircare,H&M,3728.11,10.11,3351.34,4.7,29,181,S5175,4.5,2024-12-09,4,Chennai,Tablet,UPI,True,Returned
U288274,P33882,Sports,Fitness,Apple,9674.09,43.83,5433.98,5.0,14,431,S7438,4.7,2025-06-25,3,Hyderabad,Mobile App,UPI,False,In Transit
U894143,P97852,Home,Kitchen,HP,6712.46,29.07,4761.2,3.7,3,230,S5342,5.0,2025-11-20,5,Hyderabad,Web,Credit Card,False,Delivered
U371914,P98265,Clothing,Men,H&M,3771.41,37.63,2352.08,3.6,19,54,S8107,4.6,2025-07-20,2,Chennai,Tablet,UPI,False,Delivered
U787657,P72537,Beauty,Skincare,Samsung,660.83,7.44,611.65,3.4,24,235,S7637,4.4,2024-07-23,5,Mumbai,Tablet,Cash on Delivery,False,In Transit
U943726,P49669,Sports,Cycling,LG,4333.86,28.74,3088.17,4.2,20,44,S3049,3.5,2026-02-04,2,Hyderabad,Mobile App,UPI,False,Delivered
U128117,P37424,Electronics,Mobile,H&M,76180.97,34.0,50276.89,4.3,32,246,S3378,5.0,2024-06-24,1,Mumbai,Tablet,Credit Card,False,In Transit
U907111,P70742,Sports,Fitness,Apple,2655.75,25.53,1977.63,4.6,9,75,S8765,2.6,2026-03-16,6,Bangalore,Web,UPI,False,Delivered
U608608,P71799,Clothing,Men,H&M,3722.28,47.57,1951.42,3.7,13,10,S8364,4.2,2024-04-19,4,Hyderabad,Tablet,Credit Card,True,Returned
U153395,P53758,Clothing,Women,HP,1871.96,36.89,1181.33,2.9,2,4,S2682,4.8,2024-05-11,1,Hyderabad,Tablet,Cash on Delivery,False,In Transit
U866591,P82653,Beauty,Haircare,HP,2432.17,44.78,1343.05,3.6,37,148,S1606,4.2,2025-01-02,5,Chennai,Web,Cash on Delivery,False,In Transit
U811634,P73950,Sports,Cycling,H&M,1694.06,5.12,1607.3,3.9,1,118,S1994,2.6,2025-04-02,4,Chennai,Tablet,UPI,False,In Transit
U380859,P94974,Sports,Outdoor,Lenovo,7682.11,24.25,5819.5,4.7,22,213,S8755,3.4,2024-10-28,5,Delhi,Mobile App,Cash on Delivery,False,Delayed
U121817,P31146,Home,Kitchen,H&M,12570.98,29.5,8862.05,3.5,21,147,S4149,3.0,2025-08-11,1,Hyderabad,Web,Debit Card,False,In Transit
U818247,P54453,Clothing,Kids,Adidas,3741.45,46.62,1997.05,3.9,31,471,S8675,3.7,2026-02-07,5,Chennai,Mobile App,Debit Card,False,Delayed
U934637,P71908,Beauty,Makeup,Zara,3701.25,12.01,3256.9,3.5,9,409,S3654,4.1,2025-07-19,1,Bangalore,Tablet,Credit Card,False,In Transit
U309174,P30488,Electronics,Camera,Nike,63085.81,17.18,52248.36,3.4,13,310,S9063,2.6,2026-03-14,4,Mumbai,Mobile App,Cash on Delivery,False,In Transit
U149334,P12376,Home,Furniture,Adidas,3197.83,33.69,2120.56,4.4,32,183,S5273,3.8,2025-06-28,2,Chennai,Web,Credit Card,False,Delivered
U551538,P24938,Sports,Fitness,Apple,4107.84,34.76,2680.14,4.4,16,316,S4714,3.5,2026-02-07,1,Bangalore,Mobile App,Credit Card,False,In Transit
U907503,P83010,Home,Kitchen,LG,1975.35,37.31,1238.4,3.5,8,136,S3476,2.5,2026-01-17,5,Delhi,Tablet,UPI,False,Delayed
U211035,P90028,Electronics,Camera,Puma,16506.32,31.85,11248.91,3.6,144,312,S2669,3.5,2024-08-01,5,Delhi,Tablet,UPI,False,Delayed
U315363,P57400,Electronics,Laptop,Zara,24719.32,18.95,20035.61,4.6,39,80,S5786,3.1,2025-10-17,1,Delhi,Tablet,Cash on Delivery,True,Returned
U261790,P94815,Sports,Outdoor,H&M,7017.5,48.74,3597.41,4.1,43,186,S6482,4.3,2024-06-28,5,Delhi,Mobile App,UPI,False,Delivered
U975365,P72084,Beauty,Makeup,Samsung,2070.36,22.39,1606.81,4.3,3,174,S5698,5.0,2024-07-24,5,Mumbai,Tablet,Credit Card,False,Delivered
U478162,P92502,Home,Kitchen,H&M,14079.1,17.4,11629.33,4.6,30,340,S5021,3.8,2026-01-14,3,Hyderabad,Mobile App,Cash on Delivery,False,Delivered
U581037,P77653,Clothing,Women,Boat,1094.73,41.85,636.64,3.2,29,406,S6927,3.1,2024-08-19,1,Hyderabad,Mobile App,Cash on Delivery,False,Delivered
U430096,P62645,Electronics,Mobile,Apple,21866.51,27.46,15862.26,4.1,73,395,S3692,3.4,2025-05-18,2,Bangalore,Web,UPI,False,In Transit
U762288,P96554,Electronics,Laptop,HP,50018.98,18.74,40643.19,4.6,288,448,S9516,2.9,2025-09-02,2,Delhi,Web,Cash on Delivery,False,In Transit
U460875,P11035,Sports,Outdoor,H&M,7857.21,19.8,6301.37,3.7,20,423,S5583,2.6,2024-07-29,1,Bangalore,Tablet,Credit Card,False,Delayed
U670871,P91836,Beauty,Makeup,Zara,1430.93,17.37,1182.44,4.0,9,403,S8244,3.0,2025-04-14,1,Mumbai,Tablet,Debit Card,False,Delayed
U138766,P80442,Beauty,Skincare,Sony,2124.06,13.99,1826.99,4.9,21,171,S7389,2.9,2025-11-12,2,Delhi,Tablet,Credit Card,False,Delayed
U636526,P82323,Sports,Outdoor,Adidas,3226.6,43.68,1817.06,3.4,9,159,S9541,2.5,2025-02-13,4,Delhi,Web,Credit Card,False,Delivered
U861800,P65410,Electronics,Headphones,Adidas,60042.15,23.15,46140.98,4.0,46,258,S2809,4.6,2025-04-12,5,Bangalore,Tablet,UPI,False,In Transit
U229827,P16256,Home,Decor,Lenovo,3387.56,26.13,2502.24,4.2,45,387,S3043,3.8,2024-07-01,2,Bangalore,Web,Debit Card,False,Delayed
U944510,P86230,Electronics,Camera,LG,51647.2,23.12,39707.01,4.6,54,289,S9737,4.1,2024-11-25,5,Mumbai,Tablet,Credit Card,False,In Transit
U805097,P28346,Home,Kitchen,Zara,13301.49,30.88,9193.41,4.2,23,365,S7187,4.9,2024-11-12,3,Chennai,Tablet,Credit Card,False,Delivered
U962813,P57352,Home,Decor,HP,5076.57,49.37,2570.2,4.1,10,232,S2605,3.0,2024-08-23,2,Mumbai,Mobile App,Cash on Delivery,False,In Transit
U236381,P72423,Electronics,Mobile,Samsung,56098.49,19.36,45238.15,4.3,11,109,S8309,4.4,2025-06-06,1,Hyderabad,Mobile App,Debit Card,False,Delayed
U644153,P61744,Sports,Outdoor,HP,4166.4,28.28,2988.01,5.0,33,446,S5320,3.3,2025-05-15,1,Chennai,Tablet,Cash on Delivery,False,Delayed
U867260,P64646,Beauty,Makeup,H&M,4863.12,18.74,3951.73,3.0,10,421,S3668,2.5,2025-12-27,2,Hyderabad,Mobile App,Credit Card,False,In Transit
U654844,P25474,Beauty,Skincare,H&M,599.37,44.5,332.64,2.9,20,355,S4483,4.2,2025-06-06,5,Chennai,Web,Cash on Delivery,False,Delivered
U730823,P63558,Clothing,Kids,LG,2722.94,56.27,1190.79,3.3,114,56,S2980,5.0,2025-04-22,3,Delhi,Web,Debit Card,False,Delivered
U419736,P59081,Sports,Fitness,Apple,11080.64,41.5,6482.65,4.4,7,155,S5816,4.5,2026-01-02,4,Bangalore,Web,UPI,False,Delivered
U419987,P47156,Clothing,Kids,Boat,3303.38,41.65,1927.4,4.2,33,110,S3999,3.7,2025-02-07,5,Delhi,Tablet,Cash on Delivery,False,Delivered
U537859,P73068,Electronics,Headphones,Apple,30197.77,28.29,21653.97,3.4,66,293,S6074,4.4,2026-03-17,4,Delhi,Tablet,Cash on Delivery,False,In Transit
U239260,P28156,Beauty,Makeup,H&M,1024.91,27.33,744.76,4.5,13,258,S8551,4.6,2025-04-15,2,Chennai,Web,Cash on Delivery,False,Delivered
U529526,P60755,Home,Furniture,HP,5127.26,17.55,4227.25,4.0,5,119,S7478,5.0,2025-10-13,5,Chennai,Web,UPI,False,Delayed
U273659,P13251,Beauty,Haircare,Sony,4850.83,14.91,4127.52,4.1,37,292,S6060,2.9,2024-05-19,1,Delhi,Tablet,UPI,False,Delayed
U668154,P85609,Sports,Fitness,Adidas,503.49,12.58,440.14,3.3,180,387,S1866,4.9,2024-06-08,2,Chennai,Tablet,Credit Card,False,In Transit
U288474,P12486,Sports,Fitness,Apple,796.92,28.48,569.92,3.2,38,140,S4371,4.2,2024-05-18,4,Chennai,Mobile App,Cash on Delivery,False,Delivered
U717499,P15896,Sports,Cycling,LG,13523.09,47.87,7049.59,4.6,12,251,S1381,4.7,2025-11-03,1,Hyderabad,Web,Cash on Delivery,False,Delivered
U500567,P43708,Beauty,Skincare,Lenovo,258.46,18.02,211.88,3.4,6,46,S2878,3.7,2024-07-11,6,Bangalore,Mobile App,Credit Card,False,In Transit
U261719,P50212,Clothing,Men,Sony,4676.48,36.57,2966.24,4.4,7,487,S7672,4.9,2025-06-08,4,Delhi,Tablet,Credit Card,False,Delivered
U847949,P17667,Sports,Outdoor,Nike,5755.26,38.19,3557.2,3.3,29,152,S7388,2.7,2026-03-28,5,Delhi,Mobile App,Debit Card,False,Delivered
U967949,P25855,Beauty,Makeup,Sony,2327.62,26.84,1702.87,3.1,73,26,S4318,3.6,2026-02-11,4,Hyderabad,Mobile App,Credit Card,False,In Transit
U382368,P17947,Sports,Cycling,Boat,10293.36,19.56,8279.64,4.0,9,162,S8615,4.5,2024-07-01,1,Delhi,Tablet,Cash on Delivery,False,Delivered
U119527,P45279,Beauty,Skincare,Boat,4744.2,14.77,4043.42,3.1,6,283,S2663,4.4,2025-10-15,4,Mumbai,Mobile App,Credit Card,False,In Transit
U987386,P93335,Sports,Outdoor,Puma,1282.56,39.33,778.08,4.2,100,256,S4333,3.8,2024-10-15,5,Delhi,Mobile App,Debit Card,False,Delayed
U682119,P69210,Clothing,Men,Lenovo,531.31,20.62,421.74,4.0,43,21,S1016,3.8,2024-12-05,6,Hyderabad,Web,Debit Card,False,Delayed
U386578,P88363,Clothing,Men,Samsung,3273.22,28.67,2334.73,4.1,28,128,S7228,2.9,2024-11-29,6,Hyderabad,Web,Credit Card,False,Delayed
U875089,P80004,Sports,Outdoor,Samsung,3865.94,5.04,3671.0,3.8,78,288,S2145,3.8,2024-10-14,4,Mumbai,Web,UPI,False,In Transit
U393033,P66618,Electronics,Laptop,H&M,15268.91,23.79,11636.08,3.7,28,107,S9270,2.9,2024-04-17,2,Chennai,Web,Debit Card,False,Delayed
U357874,P96805,Home,Decor,Puma,15290.94,47.14,8083.49,4.2,63,164,S6597,2.8,2024-04-26,6,Bangalore,Mobile App,Cash on Delivery,False,Delayed
U777844,P10268,Home,Furniture,H&M,11987.48,5.95,11273.89,4.6,8,311,S8807,2.5,2024-04-12,5,Mumbai,Mobile App,UPI,False,Delayed
U899502,P61483,Clothing,Women,Lenovo,783.93,30.88,541.84,4.0,19,275,S2329,4.0,2024-08-19,4,Hyderabad,Tablet,UPI,False,Delayed
U470141,P59332,Electronics,Camera,Zara,59061.22,39.35,35820.9,5.0,7,423,S6864,3.9,2025-05-31,5,Delhi,Web,Credit Card,False,Delayed
U302365,P68271,Electronics,Mobile,Puma,55639.21,5.85,52385.2,3.7,40,4,S4629,4.0,2025-03-15,1,Bangalore,Tablet,UPI,False,In Transit
U755608,P49738,Home,Furniture,Apple,1389.71,37.33,870.88,4.4,19,413,S4623,3.6,2025-04-13,6,Chennai,Mobile App,Cash on Delivery,False,In Transit
U319242,P10935,Electronics,Headphones,Puma,20057.5,26.88,14665.52,4.3,51,100,S7489,4.8,2025-09-16,2,Chennai,Mobile App,Debit Card,False,Delayed
U303182,P96486,Sports,Outdoor,Nike,13378.75,43.46,7563.87,3.9,67,378,S3875,2.6,2024-11-20,5,Chennai,Mobile App,Credit Card,False,Delayed
U997034,P39879,Electronics,Laptop,Sony,64668.64,34.19,42560.32,5.0,53,451,S9570,3.8,2025-12-27,4,Chennai,Tablet,Debit Card,False,Delivered
U575976,P10256,Electronics,Headphones,Zara,7523.77,21.16,5931.42,2.6,8,480,S7997,4.4,2024-08-04,3,Chennai,Tablet,UPI,True,Returned
U227630,P99151,Home,Kitchen,Boat,14824.27,22.46,11495.42,4.7,5,265,S8644,2.7,2025-01-12,4,Bangalore,Web,Debit Card,False,Delayed
U540467,P79784,Electronics,Laptop,Samsung,6006.72,28.8,4276.83,3.8,8,229,S6181,4.4,2024-06-11,4,Bangalore,Mobile App,Cash on Delivery,False,Delivered
U873266,P39573,Home,Furniture,HP,10904.09,19.47,8781.52,3.7,12,500,S7943,4.3,2025-01-29,2,Delhi,Mobile App,Credit Card,False,Delivered
U756403,P91958,Clothing,Women,Sony,2773.52,63.45,1013.73,3.2,20,49,S1456,4.2,2025-04-02,4,Delhi,Web,Cash on Delivery,True,Returned
U213079,P72072,Electronics,Headphones,Sony,59382.2,29.74,41723.32,4.1,35,122,S6583,3.5,2025-08-03,3,Mumbai,Mobile App,Debit Card,False,Delayed
U559831,P22539,Clothing,Men,HP,3414.51,30.82,2362.06,3.7,19,320,S8314,3.8,2026-01-11,4,Chennai,Tablet,UPI,False,Delivered
U988869,P18523,Electronics,Mobile,Boat,30230.79,8.47,27669.33,4.4,16,400,S3089,4.8,2025-02-27,4,Bangalore,Mobile App,Cash on Delivery,False,Delivered
U168986,P23346,Home,Decor,Zara,10526.53,35.67,6771.86,4.5,68,346,S1914,2.7,2025-04-30,1,Hyderabad,Tablet,UPI,False,In Transit
U888490,P63884,Beauty,Makeup,Apple,1929.54,32.52,1302.04,4.2,50,119,S1173,3.7,2024-08-16,1,Chennai,Web,Cash on Delivery,False,In Transit
U456113,P95317,Beauty,Haircare,HP,2266.03,21.86,1770.61,3.4,17,480,S1425,2.6,2025-06-17,5,Delhi,Web,Debit Card,False,Delayed
U724086,P18853,Clothing,Men,Apple,4474.04,56.95,1926.04,3.2,23,303,S4172,4.8,2024-09-20,5,Delhi,Tablet,Credit Card,False,Delayed
U604783,P91376,Sports,Outdoor,LG,11000.97,45.86,5955.75,4.0,16,227,S4046,3.2,2025-03-05,2,Hyderabad,Mobile App,Credit Card,False,Delivered
U557019,P77256,Electronics,Laptop,Sony,73452.58,24.41,55519.66,5.0,14,491,S6861,2.6,2025-08-11,6,Chennai,Web,Credit Card,False,Delivered
U405202,P58343,Beauty,Makeup,HP,1317.11,44.26,734.14,4.1,106,496,S1132,2.9,2024-06-20,6,Bangalore,Tablet,Credit Card,False,Delivered
U542563,P55064,Clothing,Kids,Lenovo,1625.26,17.59,1339.33,3.3,24,100,S4282,4.9,2024-07-27,1,Delhi,Tablet,Credit Card,False,Delivered
U828531,P71263,Home,Furniture,Zara,1152.61,14.06,990.6,4.3,9,307,S6425,2.7,2025-07-26,1,Hyderabad,Tablet,Debit Card,False,Delayed
U209940,P69546,Home,Kitchen,LG,2906.98,44.95,1600.32,3.6,61,448,S1691,2.8,2025-04-23,5,Mumbai,Web,Credit Card,False,Delivered
U754227,P37936,Clothing,Kids,Adidas,2997.19,47.98,1559.14,4.0,50,122,S8876,4.7,2025-04-03,6,Hyderabad,Tablet,Debit Card,False,Delayed
U966212,P10881,Beauty,Skincare,Boat,4367.96,44.89,2407.32,4.9,36,185,S1162,4.4,2026-02-10,3,Mumbai,Mobile App,Debit Card,True,Returned
U561801,P35480,Electronics,Mobile,Nike,42899.9,14.75,36570.03,4.0,12,323,S6896,4.5,2024-04-13,2,Bangalore,Mobile App,UPI,False,Delivered
U374725,P32843,Clothing,Women,Nike,688.87,67.02,227.19,3.7,13,173,S5029,4.2,2025-04-02,3,Mumbai,Mobile App,Credit Card,False,Delivered
U971834,P98795,Clothing,Women,Apple,2382.19,46.06,1284.92,4.4,10,70,S7208,4.4,2024-08-09,5,Delhi,Tablet,UPI,False,In Transit
U487596,P58804,Clothing,Women,Puma,2193.75,50.22,1092.02,3.5,86,338,S3807,3.4,2025-01-02,1,Mumbai,Tablet,Cash on Delivery,False,Delayed
U933511,P34856,Electronics,Mobile,Nike,57030.6,30.06,39885.34,5.0,7,98,S9725,2.5,2025-06-02,1,Mumbai,Web,Debit Card,True,Returned
U148439,P90744,Home,Decor,Boat,17730.42,17.13,14693.56,4.1,6,300,S4098,3.8,2024-11-18,4,Mumbai,Tablet,Debit Card,False,Delivered
U232601,P76619,Home,Furniture,Samsung,18317.63,24.08,13907.11,4.6,11,495,S9011,4.1,2025-09-12,2,Bangalore,Mobile App,UPI,False,In Transit
U506968,P94550,Sports,Fitness,Nike,13700.02,19.7,11000.66,4.2,20,384,S9342,4.2,2026-03-27,1,Chennai,Web,Cash on Delivery,False,Delayed
U651001,P73346,Beauty,Skincare,LG,4274.01,47.17,2257.96,3.1,57,366,S9106,4.5,2025-04-21,2,Bangalore,Web,Debit Card,True,Returned
U781298,P14797,Sports,Outdoor,Zara,11334.03,25.82,8408.11,4.6,31,106,S4596,4.3,2025-01-13,4,Chennai,Mobile App,Cash on Delivery,True,Returned
U545668,P59425,Clothing,Women,Adidas,4083.35,52.78,1928.08,3.5,13,292,S3575,4.2,2024-11-25,2,Bangalore,Web,Debit Card,False,Delayed
U566097,P78002,Electronics,Laptop,Apple,63519.45,12.84,55365.64,4.5,37,180,S4771,3.6,2024-05-20,3,Bangalore,Tablet,UPI,False,In Transit
U573066,P71282,Sports,Cycling,LG,13435.62,6.39,12577.72,4.4,44,221,S7700,4.0,2025-04-10,2,Hyderabad,Web,Cash on Delivery,True,Returned
U288288,P67892,Home,Kitchen,Boat,2716.05,9.7,2452.46,4.6,39,119,S5351,3.3,2024-04-11,3,Delhi,Tablet,UPI,False,In Transit
U673206,P94365,Electronics,Headphones,Lenovo,54408.96,24.03,41336.78,3.8,18,40,S5528,3.8,2025-12-27,3,Chennai,Mobile App,UPI,False,Delivered
U310036,P53746,Electronics,Headphones,Samsung,12861.7,38.54,7904.96,3.8,15,100,S6394,3.8,2024-09-15,5,Chennai,Web,Debit Card,False,Delayed
U244562,P81188,Home,Furniture,H&M,6890.77,25.69,5120.3,3.6,10,467,S5278,4.1,2024-06-16,6,Chennai,Mobile App,Debit Card,False,In Transit
U894617,P95892,Home,Kitchen,Boat,4490.84,5.44,4246.37,3.7,149,6,S8733,4.7,2026-02-10,4,Chennai,Tablet,Credit Card,True,Returned
U597484,P40634,Beauty,Skincare,Adidas,3204.06,16.43,2677.6,4.0,43,264,S8679,4.2,2025-05-17,3,Mumbai,Tablet,Cash on Delivery,False,In Transit
U907540,P64747,Electronics,Headphones,Adidas,9252.85,16.38,7736.98,3.8,42,107,S8187,3.3,2024-10-20,6,Hyderabad,Web,UPI,True,Returned
U420415,P11268,Home,Furniture,HP,5871.71,41.05,3461.64,3.2,12,255,S6810,2.9,2024-11-06,3,Mumbai,Web,Credit Card,False,In Transit
U414192,P52739,Beauty,Haircare,Boat,4533.33,34.41,2973.31,3.9,69,300,S1380,3.9,2025-05-27,4,Chennai,Tablet,UPI,False,Delivered
U737363,P85219,Clothing,Women,HP,1489.47,36.64,943.78,4.2,45,443,S7404,4.7,2025-09-13,3,Chennai,Web,Credit Card,False,In Transit
U213915,P53101,Electronics,Camera,Adidas,40639.83,34.67,26550.47,4.3,64,291,S8397,3.0,2026-03-08,5,Hyderabad,Tablet,Debit Card,False,Delivered
U286264,P14202,Clothing,Men,Zara,1735.92,53.81,801.74,4.7,22,423,S9005,2.5,2024-09-29,3,Chennai,Mobile App,Credit Card,False,Delivered
U344359,P48155,Electronics,Camera,Sony,23396.76,12.16,20551.53,4.3,27,337,S9591,4.9,2025-12-15,3,Mumbai,Mobile App,Cash on Delivery,False,Delivered
U442645,P63852,Home,Decor,Samsung,7704.67,9.68,6958.81,3.2,11,200,S3572,3.1,2025-12-09,4,Mumbai,Mobile App,Credit Card,False,Delayed
U507888,P37063,Beauty,Makeup,H&M,1126.47,41.43,659.82,3.8,33,66,S4369,2.8,2025-06-20,3,Delhi,Web,Cash on Delivery,False,Delayed
U425387,P87003,Beauty,Skincare,HP,512.03,42.47,294.55,4.4,8,103,S9232,3.2,2024-12-31,2,Chennai,Tablet,Cash on Delivery,False,In Transit
U167077,P62328,Clothing,Men,Nike,3929.32,21.73,3075.66,3.3,41,309,S5044,3.2,2024-06-28,5,Hyderabad,Tablet,Debit Card,False,Delayed
U140983,P21941,Beauty,Makeup,Puma,2717.36,29.88,1905.48,3.9,14,147,S8476,4.6,2025-06-16,3,Chennai,Web,Debit Card,False,In Transit
U288301,P90967,Sports,Fitness,Boat,6212.19,32.51,4192.65,4.0,10,375,S8079,4.7,2024-09-28,5,Mumbai,Web,Cash on Delivery,False,Delayed
U512668,P15723,Clothing,Kids,HP,569.15,49.08,289.81,4.0,7,122,S3587,3.7,2025-01-16,4,Delhi,Web,Debit Card,False,Delayed
U898868,P82459,Electronics,Laptop,Puma,8379.47,13.83,7220.84,4.3,5,62,S7041,3.7,2024-08-31,5,Hyderabad,Mobile App,UPI,False,Delayed
U365045,P37180,Home,Kitchen,Puma,14267.95,14.63,12180.97,4.3,38,259,S1731,3.3,2024-04-16,1,Mumbai,Web,UPI,False,Delivered
U997343,P35480,Beauty,Makeup,LG,3412.79,15.45,2885.45,2.4,29,203,S1618,4.2,2024-11-04,5,Hyderabad,Mobile App,Debit Card,False,Delivered
U608306,P70470,Clothing,Women,Zara,3521.56,48.69,1807.0,4.2,1,34,S2352,5.0,2026-02-08,3,Hyderabad,Tablet,Credit Card,False,Delayed
U982442,P31150,Beauty,Skincare,Puma,3926.68,34.0,2591.75,3.6,27,87,S1295,4.9,2025-08-25,6,Bangalore,Tablet,UPI,False,Delivered
U276636,P20169,Home,Furniture,Lenovo,14722.72,11.06,13094.03,3.5,16,343,S1183,3.8,2024-07-12,1,Hyderabad,Tablet,Debit Card,False,Delivered
U849115,P14514,Beauty,Makeup,Nike,2716.44,10.47,2431.95,3.2,9,457,S9721,2.6,2025-02-19,5,Mumbai,Mobile App,Cash on Delivery,False,Delayed
U565553,P16870,Electronics,Mobile,Boat,47520.94,32.97,31854.44,5.0,68,306,S1076,4.0,2024-10-28,6,Bangalore,Mobile App,Cash on Delivery,False,Delivered
U195825,P12102,Clothing,Women,Adidas,4720.22,47.55,2475.68,3.5,49,215,S1457,4.4,2024-12-05,2,Mumbai,Mobile App,Debit Card,False,Delivered
U859181,P31895,Electronics,Laptop,Apple,43309.4,28.55,30943.65,4.9,15,22,S7810,4.4,2025-06-21,1,Mumbai,Tablet,UPI,True,Returned
U755017,P37147,Home,Kitchen,Lenovo,2251.0,17.64,1853.93,3.7,35,478,S9875,3.5,2025-09-09,2,Mumbai,Web,Cash on Delivery,False,Delivered
U439075,P32756,Clothing,Men,Apple,866.42,22.63,670.31,4.5,34,7,S7588,4.3,2025-07-29,4,Bangalore,Tablet,Debit Card,False,Delivered
U169223,P96240,Beauty,Skincare,Puma,4245.38,28.91,3017.93,3.8,2,417,S5562,3.3,2024-10-23,1,Mumbai,Tablet,Debit Card,False,Delivered
U904829,P88494,Electronics,Laptop,Boat,43578.74,19.41,35119.07,3.0,9,255,S2668,3.0,2026-03-21,5,Bangalore,Tablet,Credit Card,False,In Transit
U810830,P27423,Electronics,Headphones,Zara,37520.45,23.75,28610.65,3.9,172,170,S3872,3.3,2025-08-10,2,Hyderabad,Tablet,Debit Card,False,Delayed
U738093,P86681,Beauty,Skincare,LG,4205.47,30.97,2903.1,3.2,11,229,S7264,4.9,2025-07-13,2,Delhi,Tablet,Credit Card,False,Delayed
U122243,P90786,Sports,Cycling,Samsung,542.96,15.93,456.49,3.9,19,388,S3032,4.2,2024-11-18,2,Mumbai,Web,Credit Card,False,Delayed
U162833,P28029,Beauty,Skincare,HP,4998.43,39.72,3013.07,4.7,9,191,S9171,4.2,2025-12-17,5,Delhi,Web,Credit Card,False,Delivered
U349628,P88390,Beauty,Skincare,Zara,4645.56,12.81,4050.45,3.5,30,484,S8270,3.1,2025-12-17,1,Delhi,Tablet,Debit Card,False,Delivered
U646174,P64380,Home,Kitchen,Zara,9514.45,25.61,7078.12,4.8,38,331,S5726,3.3,2025-06-03,1,Delhi,Mobile App,Credit Card,False,Delayed
U665509,P17087,Home,Kitchen,Adidas,18215.85,16.42,15225.21,3.5,34,464,S5068,3.4,2025-12-10,1,Mumbai,Tablet,Credit Card,False,Delayed
U563849,P92546,Beauty,Haircare,LG,2907.61,11.21,2581.8,3.0,46,3,S2058,4.1,2025-07-21,2,Mumbai,Web,UPI,False,Delivered
U196216,P32764,Electronics,Laptop,Adidas,70768.92,38.61,43445.87,4.8,13,303,S9992,4.8,2026-03-20,5,Mumbai,Mobile App,Credit Card,False,Delayed
U426592,P31516,Electronics,Camera,H&M,34840.89,21.96,27191.03,5.0,4,369,S4236,2.7,2026-01-09,1,Hyderabad,Mobile App,Cash on Delivery,False,Delivered
U704422,P68755,Sports,Fitness,Sony,6560.97,8.85,5980.11,3.7,12,495,S4299,4.8,2026-01-17,6,Bangalore,Web,Cash on Delivery,False,Delivered
U593578,P67852,Home,Kitchen,Boat,14217.16,21.58,11149.54,3.2,3,216,S9278,2.8,2024-06-17,1,Mumbai,Tablet,Cash on Delivery,True,Returned
U548158,P20909,Clothing,Women,Samsung,4110.3,66.23,1388.1,4.1,9,388,S5918,4.3,2025-10-28,1,Hyderabad,Tablet,Credit Card,False,Delayed
U420704,P69454,Clothing,Women,Boat,3430.37,23.47,2625.32,2.8,42,145,S7146,2.6,2025-01-17,4,Hyderabad,Tablet,Cash on Delivery,False,Delivered
U305222,P30280,Home,Furniture,H&M,8756.21,41.86,5090.65,4.6,4,469,S4106,4.8,2025-07-30,6,Hyderabad,Mobile App,UPI,False,Delayed
U513820,P58908,Home,Kitchen,Boat,13286.78,6.8,12383.2,3.8,2,196,S9020,4.0,2025-08-07,3,Hyderabad,Web,UPI,False,In Transit
U270249,P35457,Electronics,Mobile,Boat,5828.54,17.36,4816.95,4.7,6,390,S8148,4.1,2024-09-06,4,Chennai,Web,Debit Card,False,Delayed
U830286,P17563,Beauty,Haircare,H&M,2281.39,44.45,1267.38,3.8,43,333,S7313,4.4,2026-02-08,5,Bangalore,Web,Credit Card,False,Delivered
U831351,P97251,Beauty,Skincare,LG,287.16,42.6,164.83,3.2,2,330,S3422,4.7,2025-08-30,5,Delhi,Web,Cash on Delivery,False,Delayed
U706435,P96848,Clothing,Women,Adidas,4770.39,25.36,3560.66,3.2,83,430,S3644,2.8,2025-03-17,2,Chennai,Mobile App,UPI,False,Delivered
U184251,P77965,Beauty,Makeup,H&M,907.29,5.64,856.12,4.1,35,465,S4093,3.6,2026-01-04,4,Chennai,Web,Credit Card,False,In Transit
U659102,P96309,Home,Decor,Sony,4391.2,48.16,2276.36,3.9,9,453,S7271,4.4,2024-04-01,6,Chennai,Tablet,Debit Card,False,Delayed
U767083,P85053,Beauty,Haircare,Apple,1201.98,8.87,1095.38,4.1,43,397,S6642,4.9,2025-04-13,3,Delhi,Mobile App,Debit Card,False,Delayed
U106732,P32072,Clothing,Kids,Boat,3200.98,53.43,1490.76,4.7,47,417,S9056,4.2,2025-09-21,3,Bangalore,Mobile App,UPI,True,Returned
U786315,P47793,Electronics,Camera,Lenovo,26254.83,26.76,19229.82,3.9,10,375,S8060,4.5,2025-03-17,4,Hyderabad,Mobile App,Credit Card,False,In Transit
U610102,P33853,Clothing,Kids,Nike,2805.95,69.28,862.03,3.8,16,257,S2806,4.8,2026-03-02,1,Mumbai,Web,Credit Card,False,Delivered
U948485,P35150,Clothing,Men,H&M,1312.68,27.63,949.94,4.2,17,132,S7697,3.5,2025-08-31,2,Mumbai,Web,UPI,True,Returned
U496077,P26342,Clothing,Men,Sony,4618.29,66.57,1544.06,3.6,3,141,S2052,4.1,2025-11-22,1,Delhi,Web,UPI,False,Delayed
U109968,P18002,Clothing,Women,Puma,3012.76,42.63,1728.48,5.0,21,136,S1118,3.1,2024-06-08,2,Delhi,Tablet,UPI,False,Delivered
U732275,P78167,Clothing,Kids,Samsung,4832.4,68.26,1533.88,3.9,26,492,S5355,3.4,2025-09-02,6,Hyderabad,Web,Cash on Delivery,False,In Transit
U814982,P54967,Sports,Outdoor,LG,8414.96,20.22,6713.75,4.2,4,161,S4925,3.0,2024-11-24,4,Bangalore,Web,Cash on Delivery,False,In Transit
U945435,P23130,Sports,Fitness,LG,8669.06,10.12,7791.81,3.7,9,1,S8486,4.5,2026-02-21,3,Bangalore,Tablet,Cash on Delivery,False,Delayed
U656405,P46630,Clothing,Men,HP,1681.18,62.78,625.68,3.4,2,486,S5072,4.8,2025-06-29,5,Delhi,Web,Cash on Delivery,False,Delayed
U103281,P93633,Beauty,Haircare,Boat,1419.37,42.54,815.53,3.4,3,490,S6278,3.0,2025-09-21,1,Mumbai,Mobile App,Debit Card,False,Delivered
U736237,P73509,Home,Decor,Puma,1439.03,11.4,1274.94,3.6,23,204,S2333,4.9,2025-08-08,4,Mumbai,Web,Cash on Delivery,False,In Transit
U304553,P28764,Electronics,Camera,Sony,75862.66,38.15,46922.52,5.0,126,445,S9520,2.5,2025-11-15,5,Chennai,Tablet,UPI,False,Delivered
U589478,P32027,Beauty,Skincare,Sony,3877.38,42.19,2241.59,4.3,6,458,S8311,2.9,2025-12-04,4,Chennai,Mobile App,Cash on Delivery,False,Delayed
U278711,P96474,Sports,Fitness,Adidas,6351.08,22.93,4894.49,3.7,6,358,S2465,3.7,2025-06-26,3,Mumbai,Mobile App,Cash on Delivery,False,Delayed
U903533,P46747,Electronics,Laptop,LG,13657.07,11.48,12088.64,3.9,31,112,S5220,2.8,2024-06-06,3,Hyderabad,Tablet,Cash on Delivery,False,Delayed
U194835,P53620,Electronics,Laptop,Lenovo,13290.6,20.01,10631.16,3.6,75,446,S4666,3.5,2025-12-11,3,Hyderabad,Tablet,UPI,False,Delayed
U785684,P94161,Home,Kitchen,H&M,18512.82,40.92,10937.38,4.4,17,401,S8159,4.7,2025-05-05,1,Hyderabad,Mobile App,Credit Card,False,In Transit
U193469,P54595,Electronics,Headphones,Apple,58100.85,5.65,54818.62,3.9,73,379,S4082,4.5,2024-08-07,4,Delhi,Tablet,UPI,True,Returned
U498663,P85617,Sports,Outdoor,Nike,9961.64,32.54,6719.77,3.6,44,377,S1027,3.3,2025-06-10,2,Bangalore,Web,UPI,False,Delayed
U435169,P57844,Sports,Fitness,Boat,6607.28,42.78,3780.65,3.2,29,408,S3069,4.6,2025-09-11,6,Hyderabad,Tablet,Credit Card,False,Delivered
U431272,P28966,Beauty,Skincare,Lenovo,4149.27,8.95,3777.74,4.2,115,417,S5863,3.8,2025-11-14,3,Hyderabad,Mobile App,Cash on Delivery,False,Delayed
U252956,P97208,Beauty,Skincare,HP,2744.42,21.43,2156.37,4.0,10,434,S1562,3.6,2024-04-11,4,Bangalore,Tablet,Debit Card,False,In Transit
U988845,P85231,Sports,Cycling,Apple,9705.12,44.91,5346.47,3.0,8,244,S4534,3.2,2025-04-21,6,Bangalore,Web,Debit Card,False,Delayed
U968100,P37605,Beauty,Skincare,LG,2524.22,45.32,1380.21,3.7,19,434,S4687,3.2,2024-07-16,4,Mumbai,Tablet,UPI,False,Delivered
U954602,P96409,Beauty,Haircare,Boat,3310.96,15.37,2801.91,5.0,5,467,S3608,2.7,2026-03-09,1,Bangalore,Mobile App,Cash on Delivery,False,In Transit
U894520,P61296,Beauty,Haircare,Puma,354.17,35.89,227.07,4.0,13,200,S2176,2.9,2024-07-06,2,Bangalore,Tablet,Debit Card,False,In Transit
U202046,P27157,Clothing,Kids,Lenovo,2931.32,57.01,1260.08,3.3,24,165,S1886,3.9,2024-06-09,4,Hyderabad,Tablet,Debit Card,False,In Transit
U829762,P73234,Clothing,Kids,Nike,1244.91,55.67,551.91,4.2,19,149,S3372,4.5,2024-09-04,1,Hyderabad,Mobile App,Credit Card,False,Delayed
U479821,P85455,Clothing,Kids,Zara,2961.63,69.96,889.67,4.2,14,52,S3418,4.7,2024-08-26,3,Delhi,Web,Cash on Delivery,False,Delayed
U596894,P33544,Clothing,Men,Apple,991.68,47.27,522.89,3.2,3,483,S1859,3.4,2024-11-21,6,Bangalore,Mobile App,Debit Card,False,Delayed
U356902,P14455,Beauty,Skincare,Zara,3492.1,14.73,2977.7,3.9,9,60,S4946,3.1,2025-03-14,2,Hyderabad,Web,Cash on Delivery,False,In Transit
U913537,P97914,Sports,Fitness,Zara,2231.31,40.24,1333.44,3.2,10,337,S2468,3.8,2024-08-07,2,Hyderabad,Web,Cash on Delivery,False,In Transit
U222292,P20831,Beauty,Makeup,Samsung,783.25,26.66,574.46,2.7,4,62,S9015,3.9,2024-05-19,4,Delhi,Tablet,Credit Card,False,Delivered
U387021,P22393,Sports,Cycling,HP,10347.37,32.31,7003.98,4.5,24,406,S3967,3.3,2025-06-14,5,Hyderabad,Web,Cash on Delivery,False,Delayed
U204271,P52628,Beauty,Makeup,HP,606.28,9.99,545.69,4.3,3,32,S9806,3.8,2024-08-13,4,Mumbai,Mobile App,Cash on Delivery,False,Delayed
U921532,P79479,Electronics,Camera,Lenovo,59315.74,38.18,36670.29,3.5,38,250,S2047,3.1,2024-07-15,3,Chennai,Tablet,UPI,False,Delivered
U105582,P82708,Electronics,Laptop,HP,72090.41,6.56,67361.65,4.9,58,228,S6149,3.3,2025-05-13,4,Mumbai,Mobile App,UPI,False,Delivered
U192086,P83727,Sports,Fitness,Zara,2690.82,36.53,1707.82,4.0,17,131,S1573,4.5,2024-05-27,1,Mumbai,Mobile App,UPI,False,Delayed
U543601,P96266,Home,Kitchen,Lenovo,7677.39,22.36,5960.94,3.8,28,0,S5068,3.4,2025-06-15,4,Mumbai,Web,UPI,False,Delayed
U246648,P85637,Home,Decor,Lenovo,6833.0,18.2,5589.32,4.1,74,251,S6127,4.4,2025-04-25,6,Hyderabad,Tablet,Debit Card,True,Returned
U821347,P22977,Sports,Cycling,Lenovo,13705.9,37.21,8606.56,3.8,41,339,S1732,4.2,2025-12-17,4,Mumbai,Mobile App,UPI,False,Delivered
U731394,P82361,Clothing,Women,Adidas,4261.93,63.13,1571.31,4.1,1,110,S6882,4.5,2026-01-21,1,Mumbai,Web,Credit Card,True,Returned
U367352,P44167,Sports,Outdoor,Apple,13400.56,32.39,9059.99,3.2,7,195,S3675,4.7,2025-02-22,4,Chennai,Web,Cash on Delivery,False,Delivered
U661936,P36707,Home,Decor,Boat,1828.3,47.8,954.37,4.0,33,36,S5413,2.6,2025-03-27,1,Mumbai,Tablet,Credit Card,False,Delayed
U734330,P31501,Home,Decor,Zara,12720.8,12.39,11144.59,3.9,4,214,S3514,4.5,2024-11-05,4,Chennai,Web,Cash on Delivery,False,In Transit
U230674,P79660,Electronics,Laptop,Apple,13879.76,11.06,12344.29,4.3,13,56,S9984,3.3,2025-02-27,4,Bangalore,Web,UPI,False,In Transit
U253437,P39591,Electronics,Headphones,LG,39819.98,22.34,30923.07,4.0,9,140,S1161,4.9,2025-10-23,6,Bangalore,Mobile App,Cash on Delivery,False,Delivered
U652049,P50180,Beauty,Skincare,Apple,4310.08,36.03,2757.14,3.2,13,301,S9021,2.8,2025-09-07,1,Mumbai,Mobile App,Debit Card,False,Delayed
U736975,P22984,Sports,Outdoor,Lenovo,11531.52,7.7,10643.97,4.2,12,459,S1785,2.8,2025-02-13,3,Bangalore,Mobile App,Debit Card,False,In Transit
U678469,P87937,Clothing,Women,H&M,1439.77,52.51,683.68,4.6,72,451,S7597,3.3,2025-07-14,5,Chennai,Web,Credit Card,False,In Transit
U249600,P59650,Electronics,Laptop,Zara,37849.83,5.2,35883.23,4.2,7,290,S5380,4.4,2025-10-01,4,Mumbai,Mobile App,Debit Card,False,Delayed
U841119,P70003,Clothing,Kids,HP,4711.42,66.66,1571.0,3.4,20,93,S8191,3.1,2024-05-29,3,Hyderabad,Web,Cash on Delivery,False,Delayed
U853367,P39984,Home,Kitchen,Boat,5882.73,6.0,5529.93,3.5,9,156,S2424,2.6,2025-06-30,2,Chennai,Web,Cash on Delivery,False,In Transit
U198181,P31641,Electronics,Mobile,Apple,17007.21,29.65,11963.86,3.7,26,294,S1940,3.9,2025-07-25,3,Mumbai,Mobile App,Debit Card,False,Delayed
U866296,P27881,Beauty,Skincare,Boat,227.13,13.23,197.08,4.3,18,245,S9156,2.8,2024-08-15,3,Chennai,Tablet,UPI,False,In Transit
U848851,P65702,Electronics,Laptop,H&M,34630.72,39.82,20841.3,4.3,11,359,S9754,4.3,2025-05-29,4,Delhi,Tablet,Debit Card,False,Delivered
U736877,P68805,Sports,Cycling,HP,8597.86,41.74,5009.08,3.6,6,493,S3761,2.7,2025-04-07,3,Delhi,Tablet,Credit Card,False,Delivered
U470453,P16672,Electronics,Headphones,Nike,37263.94,9.57,33697.09,3.8,9,216,S9118,3.6,2026-02-06,6,Chennai,Web,Credit Card,True,Returned
U972128,P80663,Home,Furniture,LG,18471.08,31.49,12654.35,3.9,23,435,S2931,4.0,2024-12-31,1,Mumbai,Web,Debit Card,True,Returned
U102342,P92729,Beauty,Makeup,Sony,1934.64,6.38,1811.3,3.7,35,291,S7449,3.9,2024-11-16,4,Mumbai,Mobile App,Debit Card,False,Delayed
U989561,P73998,Sports,Fitness,Puma,11492.87,45.98,6208.73,3.9,16,29,S6828,3.6,2024-11-27,6,Chennai,Mobile App,Cash on Delivery,False,In Transit
U466709,P34400,Home,Kitchen,Apple,1631.84,44.89,899.31,3.5,13,205,S6808,3.0,2026-01-24,3,Delhi,Mobile App,UPI,False,In Transit
U639302,P30147,Beauty,Skincare,Apple,733.27,18.4,598.32,2.8,68,210,S3029,3.6,2025-12-18,5,Chennai,Web,UPI,False,Delivered
U492491,P49227,Home,Furniture,Puma,5575.27,30.23,3889.75,4.1,51,186,S8017,4.2,2025-10-02,3,Hyderabad,Mobile App,Debit Card,False,Delivered
U246668,P56365,Beauty,Haircare,Puma,3943.82,24.34,2983.71,3.2,31,382,S8110,5.0,2025-11-10,5,Mumbai,Mobile App,Debit Card,False,Delayed
U142211,P27521,Clothing,Men,Adidas,4990.03,23.86,3799.59,4.2,13,202,S7898,4.6,2024-10-25,1,Bangalore,Tablet,Debit Card,False,Delivered
U797557,P44838,Clothing,Kids,Adidas,2831.01,36.4,1800.51,4.5,11,60,S7899,2.7,2024-05-01,2,Hyderabad,Web,Cash on Delivery,False,Delayed
U861260,P60967,Clothing,Women,Boat,908.77,65.48,313.74,3.6,54,67,S2797,2.8,2024-05-29,5,Chennai,Mobile App,UPI,False,Delivered
U904661,P99710,Clothing,Women,Lenovo,3577.48,60.69,1406.13,3.5,15,121,S1852,4.8,2024-04-24,4,Delhi,Tablet,Debit Card,False,In Transit
U603518,P47940,Sports,Cycling,Samsung,8447.74,25.39,6303.23,4.3,8,144,S8961,4.7,2025-09-10,1,Hyderabad,Mobile App,Cash on Delivery,False,Delivered
U295937,P42698,Sports,Fitness,H&M,910.7,36.29,580.23,4.1,58,143,S2884,3.5,2025-05-11,4,Chennai,Web,Credit Card,False,Delayed
U835203,P75841,Beauty,Skincare,Puma,2176.58,6.53,2034.36,4.3,32,312,S3968,4.9,2024-12-13,1,Delhi,Mobile App,Credit Card,True,Returned
U140230,P45895,Clothing,Men,Nike,4431.51,49.26,2248.62,3.8,16,98,S3395,4.8,2024-08-10,2,Hyderabad,Web,UPI,False,Delayed
U527082,P78809,Clothing,Men,Samsung,4414.16,29.75,3101.03,4.1,5,156,S4791,4.8,2025-10-19,3,Hyderabad,Mobile App,Debit Card,False,In Transit
U775149,P16770,Beauty,Skincare,Lenovo,4071.5,27.96,2933.26,4.6,7,155,S2803,3.3,2024-05-15,2,Hyderabad,Web,Debit Card,False,In Transit
U435377,P16233,Home,Decor,Boat,17660.11,43.3,10013.44,3.3,26,93,S1669,3.6,2025-08-02,1,Mumbai,Mobile App,UPI,False,Delayed
U393768,P89498,Home,Furniture,Sony,12597.83,35.55,8119.91,3.7,15,51,S8059,4.7,2025-08-05,2,Hyderabad,Mobile App,Debit Card,False,In Transit
U201593,P97680,Home,Kitchen,Sony,8668.2,5.78,8167.21,3.2,28,6,S3134,4.1,2025-11-04,2,Delhi,Web,Debit Card,False,Delayed
U734088,P58705,Home,Decor,HP,7296.49,19.54,5870.98,2.7,7,121,S5521,3.7,2025-05-06,3,Chennai,Mobile App,Cash on Delivery,True,Returned
U226200,P15379,Electronics,Mobile,Nike,74035.42,6.13,69494.73,5.0,171,300,S4120,2.7,2026-01-13,6,Chennai,Mobile App,Cash on Delivery,False,Delivered
U897953,P36476,Electronics,Headphones,Sony,26668.57,14.56,22786.69,3.8,13,273,S3517,3.0,2026-01-28,3,Hyderabad,Mobile App,Credit Card,False,Delivered
U896241,P83445,Beauty,Haircare,H&M,3365.12,16.79,2800.15,4.2,12,499,S6690,3.6,2025-03-21,4,Bangalore,Web,Cash on Delivery,False,Delayed
U539357,P78650,Electronics,Camera,Apple,77617.1,36.35,49406.85,4.2,5,476,S9255,4.6,2025-06-09,3,Hyderabad,Mobile App,Credit Card,False,Delayed
U147652,P84209,Home,Decor,Nike,16645.57,28.31,11933.47,4.2,4,31,S4116,3.7,2026-01-07,3,Bangalore,Tablet,Cash on Delivery,False,In Transit
U559008,P76752,Sports,Cycling,Apple,2153.73,20.65,1709.09,4.1,80,196,S7393,2.8,2025-11-30,1,Mumbai,Web,Debit Card,False,Delivered
U328387,P87609,Clothing,Men,Nike,2534.82,19.37,2043.71,4.3,60,356,S1145,2.7,2024-08-12,5,Chennai,Tablet,Cash on Delivery,False,Delayed
U410759,P45194,Sports,Outdoor,Sony,11848.5,42.73,6785.15,3.0,92,282,S2951,4.5,2024-05-18,2,Mumbai,Mobile App,Credit Card,False,Delivered
U770685,P29416,Sports,Fitness,Sony,4512.44,9.7,4074.93,3.7,10,482,S5550,4.2,2026-03-24,1,Delhi,Mobile App,Debit Card,False,Delivered
U101467,P95019,Clothing,Men,Lenovo,3224.88,63.42,1179.7,2.7,71,177,S7047,4.8,2024-07-02,1,Delhi,Web,UPI,False,Delayed
U528178,P90148,Sports,Outdoor,H&M,3239.41,16.54,2703.5,3.8,66,150,S6318,3.3,2026-01-25,4,Mumbai,Mobile App,UPI,False,In Transit
U368422,P12049,Clothing,Kids,Sony,1087.04,63.89,392.49,2.9,54,275,S2743,3.2,2024-09-15,3,Mumbai,Tablet,Cash on Delivery,False,Delayed
U677637,P37021,Home,Decor,Zara,17376.94,5.22,16469.21,4.2,137,418,S8244,2.7,2024-11-02,6,Chennai,Mobile App,Debit Card,True,Returned
U263201,P68465,Home,Furniture,HP,15910.71,8.71,14525.54,3.1,29,118,S8109,2.9,2025-06-13,4,Hyderabad,Web,Credit Card,False,In Transit
U294015,P33083,Electronics,Camera,Nike,29193.38,23.54,22322.55,3.7,29,96,S9036,2.6,2024-06-09,5,Hyderabad,Tablet,Credit Card,False,Delayed
U286367,P61668,Home,Furniture,Sony,19431.46,39.93,11673.2,4.7,23,351,S4077,3.9,2026-02-26,5,Mumbai,Mobile App,Credit Card,False,Delivered
U205102,P79045,Beauty,Skincare,Puma,2173.0,9.49,1966.8,3.5,71,70,S1193,4.5,2026-02-28,1,Hyderabad,Tablet,UPI,False,In Transit
U900530,P94473,Beauty,Skincare,Apple,4221.24,6.84,3932.51,4.1,65,478,S1716,4.3,2024-07-11,2,Delhi,Mobile App,Credit Card,False,Delivered
U114152,P11231,Home,Furniture,Zara,5064.02,20.25,4038.34,4.3,15,490,S2742,5.0,2025-01-28,2,Chennai,Tablet,Debit Card,False,Delayed
U896573,P83774,Electronics,Laptop,Nike,40235.16,8.35,36876.17,4.5,17,456,S8279,4.1,2024-10-20,6,Hyderabad,Mobile App,Debit Card,False,In Transit
U669928,P45056,Beauty,Skincare,Adidas,4801.72,37.38,3006.6,4.6,54,321,S9906,3.4,2025-05-19,5,Delhi,Mobile App,UPI,False,Delivered
U977116,P64432,Electronics,Headphones,Apple,39649.96,36.29,25261.16,4.1,15,72,S1019,4.8,2025-12-20,3,Chennai,Mobile App,UPI,False,Delivered
U787199,P47597,Beauty,Makeup,Nike,4435.5,20.42,3529.91,4.6,20,115,S7303,3.3,2025-06-01,5,Bangalore,Tablet,UPI,False,In Transit
U395503,P56833,Clothing,Men,Adidas,3478.63,57.4,1482.0,4.3,30,39,S6467,4.9,2025-11-26,5,Delhi,Mobile App,Debit Card,False,Delivered
U656249,P53888,Electronics,Laptop,Nike,42252.96,32.41,28556.78,3.4,13,307,S3971,4.0,2025-04-20,4,Hyderabad,Tablet,Cash on Delivery,True,Returned
U755106,P47618,Clothing,Kids,Zara,4237.62,13.01,3686.36,3.0,5,178,S2702,4.8,2024-12-16,1,Bangalore,Web,Cash on Delivery,False,Delayed
U927175,P10285,Home,Kitchen,H&M,14172.21,38.66,8692.89,3.8,13,441,S3435,3.0,2025-02-08,1,Delhi,Tablet,Credit Card,False,In Transit
U954222,P18822,Clothing,Women,Puma,2531.01,66.44,849.33,4.2,29,57,S8003,4.3,2025-10-23,5,Hyderabad,Tablet,Debit Card,False,Delivered
U904819,P60465,Electronics,Headphones,Nike,5278.71,15.63,4453.39,3.2,23,180,S6231,3.0,2025-03-12,2,Mumbai,Web,Cash on Delivery,True,Returned
U932046,P93440,Beauty,Haircare,Boat,4424.51,48.74,2267.92,3.9,7,170,S3264,3.9,2024-08-13,1,Chennai,Tablet,Credit Card,False,In Transit
U659699,P74566,Beauty,Haircare,Puma,1472.44,24.9,1105.73,4.3,326,272,S9785,5.0,2024-06-14,6,Chennai,Mobile App,Cash on Delivery,False,Delivered
U705947,P38748,Sports,Cycling,Boat,14345.9,26.75,10508.24,3.4,11,359,S2429,2.8,2026-01-16,6,Chennai,Mobile App,Debit Card,False,Delivered
U596947,P27510,Clothing,Men,LG,1191.53,59.58,481.66,3.8,11,471,S2804,4.5,2025-10-14,4,Chennai,Mobile App,Debit Card,False,In Transit
U975825,P82286,Clothing,Women,Puma,4175.87,38.11,2584.25,3.0,11,497,S7898,5.0,2024-09-23,2,Mumbai,Mobile App,Credit Card,False,Delivered
U495796,P13453,Electronics,Laptop,Apple,63334.37,24.3,47946.29,5.0,44,356,S7958,4.6,2026-01-17,2,Mumbai,Web,UPI,False,Delayed
U265856,P13956,Electronics,Mobile,Puma,55832.04,20.92,44150.94,4.1,71,75,S6984,2.7,2024-11-24,2,Chennai,Mobile App,UPI,False,Delivered
U256989,P33910,Electronics,Mobile,HP,60412.06,32.75,40626.16,4.1,36,240,S3295,4.1,2024-06-01,2,Hyderabad,Tablet,Debit Card,True,Returned
U565540,P94521,Beauty,Makeup,H&M,4142.38,37.31,2596.9,3.3,6,355,S1216,3.4,2024-09-18,5,Bangalore,Web,UPI,False,Delivered
U627743,P31017,Electronics,Mobile,HP,78686.2,16.25,65901.79,5.0,21,5,S7494,2.7,2025-03-31,5,Mumbai,Web,Cash on Delivery,False,Delayed
U843810,P39794,Home,Decor,Lenovo,17921.28,45.33,9797.52,4.2,16,216,S3569,2.5,2024-04-08,4,Bangalore,Web,UPI,True,Returned
U519852,P91139,Sports,Outdoor,Nike,1278.61,19.1,1034.35,3.9,6,28,S4586,4.6,2025-11-27,4,Mumbai,Web,Credit Card,False,Delayed
U600607,P51050,Sports,Cycling,Apple,9575.55,18.33,7820.15,4.6,13,334,S7637,4.1,2024-07-31,5,Hyderabad,Web,Credit Card,False,Delivered
U383031,P24208,Home,Decor,Boat,3554.68,32.59,2396.19,4.8,28,53,S2274,3.2,2026-02-23,1,Mumbai,Web,Debit Card,False,Delivered
U211636,P18561,Clothing,Women,Nike,2221.26,50.01,1110.36,3.7,34,108,S1179,2.8,2026-02-07,1,Chennai,Web,Credit Card,False,Delayed
U382243,P21146,Clothing,Kids,Samsung,4151.33,30.69,2877.15,3.9,11,500,S1735,2.9,2025-09-30,2,Mumbai,Tablet,Cash on Delivery,True,Returned
U423595,P11111,Electronics,Mobile,LG,11410.01,27.21,8305.43,4.1,140,182,S5626,4.7,2024-09-09,4,Delhi,Web,Credit Card,False,In Transit
U836789,P98432,Beauty,Haircare,LG,561.54,36.3,357.72,4.7,2,49,S6428,3.7,2025-05-01,3,Mumbai,Web,UPI,False,Delayed
U600121,P86855,Clothing,Men,HP,2232.57,45.93,1207.15,3.7,14,444,S1612,3.2,2024-07-03,6,Hyderabad,Web,Credit Card,False,Delivered
U853362,P40352,Beauty,Skincare,Zara,849.82,33.37,566.24,4.1,30,452,S4533,3.5,2025-03-03,3,Delhi,Tablet,Credit Card,False,Delayed
U783037,P78588,Clothing,Kids,Lenovo,679.94,27.21,494.9,4.1,3,476,S6593,4.3,2024-04-19,4,Chennai,Web,Credit Card,False,In Transit
U141956,P99505,Home,Kitchen,HP,16402.65,23.18,12600.29,4.5,42,198,S4917,3.1,2025-10-31,5,Hyderabad,Mobile App,UPI,True,Returned
U202137,P11958,Clothing,Kids,Zara,883.66,14.17,758.43,3.0,20,73,S6071,4.0,2025-07-21,2,Hyderabad,Tablet,UPI,False,In Transit
U409967,P31164,Electronics,Camera,LG,55167.51,31.55,37764.58,4.0,14,34,S5589,3.9,2026-03-22,4,Mumbai,Tablet,Debit Card,False,In Transit
U370473,P72031,Electronics,Mobile,Nike,33500.55,35.91,21470.23,3.9,11,500,S5194,3.5,2024-11-01,3,Hyderabad,Web,Credit Card,False,Delivered
U400548,P62551,Sports,Outdoor,Samsung,3007.38,35.72,1933.02,4.8,4,209,S3113,3.9,2025-06-06,4,Bangalore,Web,Debit Card,False,Delayed
U815339,P64158,Sports,Outdoor,LG,6157.48,17.79,5062.3,3.6,27,259,S8374,4.3,2026-03-28,1,Delhi,Web,UPI,False,Delayed
U108328,P30258,Electronics,Laptop,H&M,15566.38,16.49,12999.56,3.8,14,436,S2725,2.7,2025-06-24,2,Chennai,Web,Cash on Delivery,False,Delivered
U507081,P70591,Sports,Outdoor,Apple,1708.97,42.68,979.62,3.2,29,342,S2531,4.2,2025-01-16,3,Mumbai,Web,Cash on Delivery,False,In Transit
U289030,P24201,Sports,Outdoor,Apple,4937.86,14.8,4207.01,4.4,4,469,S7503,4.8,2025-03-15,1,Delhi,Web,Credit Card,False,In Transit
U733727,P73739,Home,Furniture,LG,19066.57,6.34,17857.56,4.8,29,108,S8802,3.1,2024-05-16,1,Bangalore,Mobile App,Debit Card,False,In Transit
U771315,P37979,Electronics,Laptop,Puma,11848.17,9.8,10687.36,4.4,31,163,S1513,4.2,2025-06-05,3,Mumbai,Tablet,Cash on Delivery,False,Delivered
U156704,P37720,Home,Kitchen,Puma,14873.71,24.5,11229.5,3.5,6,444,S1375,4.0,2025-09-25,1,Mumbai,Tablet,Cash on Delivery,False,In Transit
U248622,P19077,Home,Decor,Nike,7515.47,37.97,4662.0,3.2,32,140,S7636,4.1,2025-03-17,1,Delhi,Mobile App,Debit Card,False,Delayed
U802173,P44006,Beauty,Makeup,Lenovo,3518.48,24.36,2661.54,3.9,140,94,S1880,4.5,2025-06-11,4,Mumbai,Mobile App,Cash on Delivery,False,In Transit
U539459,P73127,Home,Furniture,Adidas,19095.99,35.33,12349.15,4.9,2,243,S9773,2.6,2025-07-27,1,Bangalore,Tablet,Credit Card,False,Delayed
U508040,P11301,Beauty,Makeup,H&M,1753.58,31.85,1195.07,4.2,4,287,S4253,2.5,2024-06-01,4,Chennai,Mobile App,Credit Card,True,Returned
U114875,P29727,Home,Decor,H&M,19267.19,11.61,17030.62,3.4,23,459,S8514,5.0,2025-08-19,4,Bangalore,Mobile App,Cash on Delivery,False,In Transit
U857371,P10481,Electronics,Camera,Sony,28862.95,38.14,17855.49,4.2,10,230,S3059,3.0,2025-02-28,4,Chennai,Tablet,Cash on Delivery,False,Delayed
U881931,P34596,Sports,Fitness,Samsung,3977.27,45.13,2182.17,4.1,21,215,S9947,3.8,2024-09-06,4,Mumbai,Mobile App,Cash on Delivery,False,Delivered
U115069,P58530,Home,Furniture,Adidas,13737.65,20.26,10954.61,3.1,34,416,S6960,3.0,2025-11-01,6,Chennai,Mobile App,Debit Card,False,In Transit
U780433,P69768,Sports,Fitness,H&M,8060.62,40.05,4831.98,3.4,12,211,S7723,3.6,2025-11-13,3,Hyderabad,Web,Debit Card,False,Delayed
U284354,P70138,Beauty,Haircare,LG,4834.48,29.91,3388.48,4.0,43,219,S7113,4.4,2025-06-25,1,Delhi,Mobile App,Credit Card,False,Delayed
U764909,P47125,Beauty,Makeup,Sony,746.9,20.28,595.43,3.9,18,359,S2625,3.9,2024-12-16,3,Hyderabad,Mobile App,UPI,True,Returned
U208711,P75064,Electronics,Mobile,HP,35861.35,35.52,23124.95,3.3,7,383,S9924,3.2,2025-10-04,5,Hyderabad,Mobile App,Cash on Delivery,False,Delayed
U993077,P65134,Sports,Fitness,Zara,8829.29,41.59,5157.15,4.0,24,108,S4651,3.2,2024-06-16,1,Bangalore,Web,Cash on Delivery,False,Delivered
U932308,P70810,Clothing,Women,Apple,3940.98,41.93,2288.52,3.9,29,211,S7484,3.6,2025-02-01,5,Bangalore,Mobile App,Debit Card,False,Delivered
U422328,P64357,Sports,Outdoor,Sony,8032.07,33.44,5346.18,3.8,80,344,S4957,4.1,2024-08-26,4,Bangalore,Mobile App,Cash on Delivery,False,Delivered
U981610,P78021,Electronics,Mobile,Nike,58829.17,14.89,50068.39,4.0,48,419,S6201,4.2,2025-08-10,1,Bangalore,Web,Credit Card,False,Delayed
U302019,P90775,Beauty,Skincare,Lenovo,350.34,19.04,283.65,3.3,17,329,S7444,3.4,2024-07-06,1,Hyderabad,Mobile App,Cash on Delivery,False,Delivered
U433578,P77800,Beauty,Haircare,Nike,4154.43,7.73,3833.1,3.6,4,81,S8166,4.7,2026-02-09,3,Hyderabad,Mobile App,UPI,False,Delayed
U922378,P61381,Clothing,Kids,Apple,1011.21,53.2,473.2,4.0,7,431,S5263,4.3,2026-01-29,4,Chennai,Tablet,Credit Card,False,In Transit
U558669,P11512,Clothing,Men,Apple,2801.69,64.49,994.94,3.6,19,321,S3507,4.6,2025-07-26,1,Delhi,Mobile App,UPI,False,Delayed
U575745,P93160,Beauty,Skincare,H&M,945.5,49.54,477.07,5.0,10,323,S6867,4.5,2025-04-29,1,Mumbai,Mobile App,Credit Card,False,Delayed
U981282,P42145,Clothing,Women,Adidas,1564.87,69.68,474.44,3.4,40,371,S7194,3.0,2025-11-26,3,Chennai,Web,UPI,False,In Transit
U769396,P85937,Electronics,Laptop,Zara,76925.53,39.2,46769.64,5.0,25,443,S2694,4.1,2024-12-18,2,Delhi,Mobile App,Cash on Delivery,False,Delayed
U374721,P33675,Electronics,Mobile,Nike,23157.42,28.79,16490.19,3.9,3,47,S2267,3.2,2025-03-28,1,Bangalore,Web,Debit Card,False,Delivered
U533843,P19643,Beauty,Skincare,Puma,2389.14,29.45,1685.59,3.8,24,249,S2250,2.9,2025-09-29,4,Delhi,Mobile App,Cash on Delivery,False,In Transit
U288540,P49158,Home,Decor,Puma,13515.76,30.43,9403.54,3.5,13,5,S3927,3.2,2025-03-26,2,Mumbai,Tablet,UPI,False,Delivered
U729138,P81628,Home,Kitchen,Puma,6238.86,13.74,5381.35,3.8,24,2,S3595,2.7,2024-08-17,2,Chennai,Tablet,Debit Card,False,Delivered
U124157,P77894,Clothing,Kids,Samsung,2780.1,66.67,926.71,3.7,12,262,S3496,4.2,2024-07-02,2,Chennai,Mobile App,Debit Card,False,Delivered
U330436,P20937,Clothing,Men,LG,2103.65,27.81,1518.53,3.6,59,372,S3073,4.2,2024-11-09,1,Mumbai,Web,Debit Card,False,In Transit
U783592,P48577,Clothing,Men,LG,1366.59,64.4,486.44,3.7,13,239,S9123,3.6,2025-12-07,3,Chennai,Web,Cash on Delivery,False,Delivered
U511907,P23486,Home,Furniture,Adidas,8124.85,5.82,7652.07,3.5,15,298,S6105,3.8,2025-10-01,1,Bangalore,Mobile App,Credit Card,False,Delayed
U725297,P45608,Beauty,Makeup,Puma,1188.88,6.95,1106.22,3.9,9,417,S6222,2.9,2025-01-07,1,Hyderabad,Tablet,UPI,False,Delayed
U470058,P59015,Beauty,Makeup,Adidas,4269.24,30.83,2953.2,4.3,65,459,S2052,3.1,2024-07-20,5,Chennai,Web,Credit Card,False,Delivered
U407729,P89152,Sports,Outdoor,HP,10601.92,29.26,7499.38,3.3,20,423,S9691,4.5,2025-04-28,1,Hyderabad,Web,Cash on Delivery,False,Delivered
U929314,P34368,Electronics,Laptop,LG,27529.24,23.56,21043.99,4.5,5,183,S5019,4.0,2024-05-07,1,Hyderabad,Mobile App,Credit Card,False,Delayed
U228244,P11262,Home,Kitchen,Nike,7057.17,13.49,6105.37,4.8,35,163,S1178,4.6,2025-12-19,6,Bangalore,Tablet,Debit Card,False,Delivered
U688922,P18681,Beauty,Haircare,LG,2059.99,29.91,1443.93,4.3,3,197,S5646,3.3,2025-11-10,1,Mumbai,Tablet,Credit Card,False,Delayed
U851058,P89679,Clothing,Men,Lenovo,2397.29,28.34,1717.82,3.2,3,484,S2225,4.6,2025-11-26,5,Bangalore,Tablet,Cash on Delivery,False,Delayed
U306698,P16509,Beauty,Makeup,LG,1092.33,27.91,787.46,4.4,24,410,S9092,3.9,2025-12-06,1,Mumbai,Web,UPI,False,In Transit
U279453,P88830,Beauty,Skincare,Apple,610.35,43.0,347.91,3.5,24,167,S7272,3.3,2024-10-10,2,Hyderabad,Mobile App,UPI,False,In Transit
U237424,P62797,Electronics,Mobile,Puma,54880.81,32.44,37079.08,4.3,50,18,S9740,3.9,2024-09-27,3,Bangalore,Tablet,UPI,False,In Transit
U970161,P64405,Electronics,Mobile,Puma,23788.13,30.43,16550.23,3.9,4,370,S5931,3.5,2024-12-12,1,Delhi,Web,Debit Card,False,In Transit
U617806,P90258,Beauty,Skincare,Lenovo,247.86,22.94,191.0,3.4,2,24,S7444,4.0,2024-09-16,5,Bangalore,Web,Cash on Delivery,False,In Transit
U130710,P39362,Electronics,Headphones,HP,41276.03,12.4,36157.2,4.0,15,24,S1170,2.8,2025-09-12,5,Delhi,Mobile App,UPI,False,In Transit
U300445,P58349,Beauty,Skincare,Nike,1084.14,16.18,908.75,3.3,35,417,S9807,4.7,2024-12-05,1,Delhi,Mobile App,UPI,False,In Transit
U178687,P44567,Electronics,Mobile,Samsung,17591.95,16.1,14760.07,4.9,29,168,S7218,2.9,2024-07-30,5,Bangalore,Web,Credit Card,False,Delivered
U434844,P29398,Sports,Outdoor,Apple,12131.09,37.38,7595.95,3.9,13,385,S7771,3.8,2024-06-27,1,Mumbai,Tablet,Cash on Delivery,False,Delayed
U793390,P74238,Electronics,Laptop,HP,13568.63,38.99,8277.86,3.5,73,499,S5596,4.1,2025-06-02,5,Hyderabad,Web,Cash on Delivery,False,Delivered
U470157,P83205,Electronics,Headphones,Sony,55849.63,11.2,49593.48,4.2,19,427,S4971,3.6,2024-12-27,4,Delhi,Tablet,Credit Card,False,Delayed
U322796,P11720,Electronics,Mobile,Puma,18991.84,21.79,14854.07,4.1,52,343,S4541,4.2,2026-03-12,1,Delhi,Web,Cash on Delivery,False,Delivered
U953536,P87401,Beauty,Skincare,LG,2942.91,34.32,1932.87,3.8,70,389,S9644,3.8,2025-07-29,4,Mumbai,Tablet,Debit Card,False,In Transit
U210793,P27047,Beauty,Haircare,Nike,4310.6,22.67,3333.22,4.4,12,112,S6957,4.5,2025-05-15,6,Chennai,Web,Cash on Delivery,True,Returned
U297083,P18996,Sports,Cycling,Adidas,3366.62,21.38,2646.74,3.5,141,142,S7931,4.1,2024-06-29,3,Hyderabad,Mobile App,Debit Card,False,Delayed
U881216,P24444,Electronics,Laptop,Puma,6525.56,15.41,5520.16,3.5,4,123,S1271,2.6,2024-08-05,3,Delhi,Web,Credit Card,False,In Transit
U574628,P56131,Electronics,Camera,Zara,72188.29,25.6,53710.24,5.0,24,135,S2938,3.6,2024-04-22,1,Chennai,Tablet,UPI,False,In Transit
U626584,P66472,Beauty,Skincare,Nike,3245.38,8.77,2960.72,4.1,9,260,S6467,3.4,2024-08-10,6,Hyderabad,Mobile App,Cash on Delivery,False,In Transit
U867559,P65389,Home,Furniture,Samsung,14314.81,21.47,11241.5,4.5,2,99,S5816,2.9,2025-10-18,4,Hyderabad,Mobile App,Cash on Delivery,True,Returned
U736955,P74699,Clothing,Kids,Sony,2664.8,49.53,1344.92,3.6,2,265,S8103,4.2,2024-04-29,2,Chennai,Mobile App,UPI,False,Delayed
U155718,P14677,Clothing,Men,Adidas,4530.07,57.26,1936.06,3.4,38,294,S5361,2.7,2025-10-27,4,Delhi,Mobile App,UPI,False,Delayed
U833491,P63026,Electronics,Headphones,Adidas,76979.51,34.27,50596.38,5.0,29,200,S7437,2.9,2024-06-14,5,Chennai,Mobile App,Credit Card,False,Delayed
U923895,P36683,Home,Kitchen,Adidas,11644.39,17.42,9616.23,3.2,14,177,S5718,4.4,2024-08-11,4,Mumbai,Tablet,Debit Card,False,Delayed
U834497,P91542,Electronics,Mobile,Nike,69156.21,31.42,47425.52,4.7,15,244,S6002,3.6,2024-09-19,5,Chennai,Tablet,Credit Card,False,Delivered
U296444,P53536,Home,Decor,Apple,1068.65,32.84,717.7,3.9,13,460,S8458,5.0,2024-12-29,2,Mumbai,Mobile App,UPI,False,Delayed
U286138,P44581,Beauty,Makeup,LG,1933.25,34.6,1264.34,4.3,241,451,S2261,3.6,2024-05-11,3,Delhi,Mobile App,UPI,False,Delayed
U612027,P42441,Home,Kitchen,HP,5760.34,6.2,5402.93,4.0,11,241,S2792,4.5,2024-11-11,5,Delhi,Mobile App,UPI,False,Delayed
U275431,P29212,Home,Furniture,Lenovo,17437.84,14.69,14876.7,3.5,8,396,S2538,3.6,2025-02-25,3,Chennai,Mobile App,Debit Card,False,Delayed
U672223,P43730,Home,Kitchen,Puma,17560.03,40.31,10481.04,3.5,45,339,S8970,2.6,2025-06-09,1,Bangalore,Web,Debit Card,False,In Transit
U642985,P97023,Electronics,Headphones,Sony,14076.18,25.74,10452.54,4.3,19,438,S8935,3.0,2025-04-08,5,Bangalore,Mobile App,Debit Card,False,Delayed
U255084,P63781,Sports,Cycling,Zara,14620.13,6.76,13631.72,4.0,30,438,S4608,4.7,2025-05-24,3,Delhi,Tablet,Credit Card,False,In Transit
U877007,P66455,Beauty,Skincare,Adidas,2227.17,48.62,1144.36,3.7,54,184,S4380,3.3,2025-10-10,5,Chennai,Tablet,UPI,False,Delivered
U757343,P98971,Beauty,Haircare,Apple,4467.9,35.53,2880.26,4.5,172,278,S8360,3.4,2025-11-18,3,Bangalore,Tablet,Credit Card,False,In Transit
U537564,P46208,Home,Kitchen,Boat,14838.86,11.38,13150.69,4.8,79,158,S4122,2.7,2024-05-25,4,Chennai,Mobile App,Debit Card,False,Delayed
U931023,P55481,Electronics,Camera,Puma,31731.34,12.94,27626.28,4.4,18,147,S2805,4.3,2024-08-30,3,Chennai,Mobile App,Cash on Delivery,False,Delayed
U648600,P47982,Clothing,Women,Zara,1785.14,15.98,1499.88,4.2,27,319,S3664,4.4,2024-06-11,5,Mumbai,Web,Cash on Delivery,False,In Transit
U142942,P38485,Electronics,Headphones,Samsung,27153.28,13.3,23542.0,3.9,4,144,S3022,2.9,2024-04-30,6,Hyderabad,Mobile App,Cash on Delivery,True,Returned
U792325,P10084,Home,Furniture,Boat,12514.19,33.78,8286.3,3.4,23,25,S5119,2.5,2024-12-01,6,Bangalore,Mobile App,Debit Card,False,In Transit
U190181,P45477,Sports,Cycling,Lenovo,6633.71,30.08,4638.26,3.7,41,73,S4223,3.8,2026-03-29,4,Mumbai,Web,UPI,False,In Transit
U360810,P98932,Clothing,Men,Puma,4956.12,18.45,4041.52,4.0,59,326,S7328,3.5,2025-01-25,2,Bangalore,Web,Cash on Delivery,False,Delivered
U281720,P83912,Home,Kitchen,HP,17963.07,10.42,16091.82,4.2,8,223,S6283,4.4,2024-07-08,4,Bangalore,Tablet,Credit Card,False,Delayed
U681208,P36151,Clothing,Women,Nike,3257.85,48.71,1671.09,4.8,44,154,S5997,3.3,2024-08-06,4,Hyderabad,Mobile App,Debit Card,False,Delayed
U920411,P67264,Beauty,Haircare,Nike,891.98,17.79,733.31,4.4,188,49,S3270,3.5,2026-03-22,5,Hyderabad,Tablet,Cash on Delivery,False,Delayed
U591130,P56424,Home,Decor,Zara,5181.81,14.48,4431.69,5.0,78,218,S8643,4.7,2025-01-28,2,Bangalore,Web,Cash on Delivery,False,In Transit
U892572,P28426,Electronics,Mobile,Boat,69617.32,39.03,42446.31,3.5,51,314,S5954,4.7,2024-07-21,4,Delhi,Mobile App,Debit Card,True,Returned
U407592,P17017,Clothing,Kids,Lenovo,3638.63,27.1,2652.63,3.2,0,386,S7433,3.4,2024-08-11,1,Chennai,Mobile App,Cash on Delivery,False,Delayed
U979962,P17123,Electronics,Camera,Lenovo,79606.03,16.92,66133.77,5.0,10,43,S1896,4.4,2026-01-02,3,Hyderabad,Web,UPI,False,In Transit
U604855,P53425,Sports,Fitness,Sony,4080.29,48.97,2082.11,3.6,76,442,S1997,3.3,2025-11-11,6,Chennai,Mobile App,UPI,False,Delayed
U876390,P74920,Clothing,Kids,Nike,1526.4,63.94,550.4,3.7,56,69,S4662,4.9,2025-06-16,4,Chennai,Tablet,Credit Card,False,In Transit
U753959,P36306,Home,Decor,Samsung,4575.5,19.32,3691.7,3.4,36,58,S2100,3.5,2026-02-15,4,Hyderabad,Mobile App,Credit Card,False,Delayed
U208639,P72094,Electronics,Mobile,Adidas,16157.78,37.84,10043.15,3.3,80,12,S9287,4.3,2026-01-16,3,Mumbai,Web,Cash on Delivery,False,Delivered
U292984,P40792,Electronics,Headphones,Boat,20968.8,11.75,18505.72,3.1,44,430,S9957,3.7,2025-12-15,1,Hyderabad,Web,Cash on Delivery,True,Returned
U767101,P12838,Sports,Fitness,Boat,5948.05,17.7,4895.46,3.8,62,94,S3321,3.0,2025-06-21,5,Mumbai,Tablet,Credit Card,False,Delivered
U310083,P72411,Sports,Cycling,H&M,13250.19,47.2,6996.67,4.6,2,245,S5751,4.8,2025-07-14,3,Chennai,Web,UPI,False,Delayed
U510191,P60570,Beauty,Makeup,Zara,3888.98,41.87,2260.66,3.2,32,357,S2758,4.8,2024-05-21,4,Bangalore,Web,Cash on Delivery,False,In Transit
U225961,P83952,Clothing,Men,Sony,4526.0,57.89,1905.85,3.7,7,199,S1180,3.8,2025-11-29,5,Hyderabad,Tablet,Debit Card,False,Delivered
U246070,P71329,Sports,Outdoor,Samsung,12821.42,19.04,10380.35,3.8,23,451,S8509,2.8,2025-08-06,3,Bangalore,Web,UPI,False,Delivered
U465779,P78820,Home,Decor,Lenovo,19501.22,15.87,16406.49,3.6,19,199,S9405,2.5,2024-08-14,5,Mumbai,Mobile App,Credit Card,False,Delayed
U455772,P70225,Clothing,Women,Zara,2826.28,16.94,2347.6,4.0,13,366,S3294,4.9,2024-08-09,1,Chennai,Web,Debit Card,True,Returned
U494812,P71833,Beauty,Skincare,Zara,3690.87,10.63,3298.69,3.9,15,310,S3955,5.0,2025-06-04,5,Hyderabad,Tablet,Debit Card,False,Delivered
U712885,P90933,Home,Decor,HP,17519.72,28.59,12510.33,3.1,8,424,S7615,4.7,2026-02-27,5,Bangalore,Mobile App,UPI,False,Delivered
U623694,P99040,Clothing,Men,Apple,3513.75,37.6,2192.44,3.5,56,243,S6302,3.8,2026-02-02,1,Delhi,Mobile App,Credit Card,False,Delivered
U167496,P18116,Clothing,Kids,Boat,1404.85,34.78,916.28,3.8,6,313,S5103,2.9,2024-05-28,5,Hyderabad,Mobile App,UPI,False,Delayed
U761959,P13861,Electronics,Camera,LG,39205.04,28.92,27867.87,4.5,27,472,S3851,3.4,2025-02-05,1,Chennai,Web,UPI,True,Returned
U683499,P36179,Beauty,Makeup,Nike,668.98,37.42,418.67,3.6,124,100,S5136,2.6,2025-01-16,3,Chennai,Web,Cash on Delivery,False,Delayed
U555148,P79275,Home,Furniture,Adidas,17125.99,44.96,9425.31,4.8,16,414,S4150,3.4,2025-07-18,3,Mumbai,Mobile App,UPI,False,Delayed
U105490,P57128,Electronics,Laptop,Samsung,75060.98,26.91,54860.04,4.8,18,396,S7685,4.4,2024-06-23,4,Mumbai,Tablet,UPI,True,Returned
U620277,P34921,Home,Furniture,Zara,4999.17,44.29,2785.27,4.4,4,426,S4399,4.7,2026-02-16,4,Chennai,Tablet,Cash on Delivery,False,Delayed
U994877,P28071,Home,Kitchen,HP,2776.35,46.29,1491.08,3.8,9,410,S2100,5.0,2025-11-27,4,Chennai,Web,Cash on Delivery,False,Delayed
U233370,P77796,Beauty,Skincare,HP,4823.37,8.59,4409.07,4.7,6,152,S2653,3.4,2025-12-27,1,Delhi,Mobile App,Cash on Delivery,False,Delivered
U961224,P47997,Electronics,Headphones,Samsung,63760.14,27.87,45990.08,5.0,62,472,S5118,3.9,2025-12-12,1,Mumbai,Web,Debit Card,False,Delivered
U703304,P41640,Clothing,Women,Apple,4530.51,29.93,3174.51,3.4,7,436,S9482,4.2,2025-08-13,2,Chennai,Tablet,Debit Card,False,In Transit
U711081,P71732,Sports,Fitness,Lenovo,948.01,14.06,814.68,3.7,17,479,S5309,4.8,2024-06-05,2,Delhi,Tablet,UPI,False,Delivered
U450791,P17784,Home,Kitchen,Sony,15257.39,34.34,10018.18,4.7,18,71,S4346,4.9,2025-07-14,5,Mumbai,Tablet,Debit Card,True,Returned
U944797,P83905,Electronics,Laptop,Puma,59345.81,29.29,41963.69,4.0,14,463,S1579,4.9,2025-12-01,5,Delhi,Web,UPI,False,In Transit
U678211,P72753,Sports,Cycling,HP,9084.93,29.31,6422.57,5.0,4,484,S3121,2.7,2025-04-04,5,Delhi,Web,UPI,True,Returned
U336186,P95240,Electronics,Mobile,Puma,12474.59,25.1,9343.1,3.5,53,179,S8069,2.5,2025-08-11,3,Chennai,Web,Debit Card,False,Delivered
U660134,P89709,Electronics,Mobile,Samsung,38692.78,8.5,35403.31,4.9,61,440,S7215,4.2,2025-09-27,1,Mumbai,Tablet,UPI,False,Delayed
U829222,P26415,Beauty,Skincare,Boat,2561.31,23.27,1965.28,3.8,34,220,S7993,4.7,2025-01-03,4,Hyderabad,Tablet,Credit Card,False,Delivered
U468877,P35381,Beauty,Skincare,HP,1372.96,17.39,1134.25,4.0,54,175,S8152,3.3,2024-06-28,2,Bangalore,Mobile App,Credit Card,False,Delivered
U883785,P80283,Electronics,Mobile,Adidas,29015.6,10.14,26074.19,4.5,7,290,S1750,2.5,2024-06-15,5,Hyderabad,Mobile App,Credit Card,False,Delivered
U289365,P47040,Electronics,Mobile,Nike,45591.55,29.31,32228.09,4.5,110,22,S6146,3.5,2024-09-27,1,Hyderabad,Web,Credit Card,False,In Transit
U789525,P26040,Clothing,Kids,Boat,4221.16,10.94,3759.29,4.3,5,336,S2258,4.6,2025-06-30,3,Hyderabad,Mobile App,Debit Card,False,Delayed
U330987,P68135,Clothing,Women,H&M,1341.09,31.09,924.12,3.8,16,365,S5959,3.4,2024-07-31,3,Bangalore,Web,Debit Card,False,Delayed
U831666,P80964,Clothing,Kids,Sony,3781.56,26.8,2768.13,3.8,13,257,S2710,4.4,2025-01-31,6,Bangalore,Mobile App,Debit Card,False,In Transit
U313442,P27974,Sports,Outdoor,Sony,2713.91,44.9,1495.24,4.0,105,430,S9535,3.8,2025-02-08,4,Delhi,Mobile App,Debit Card,False,Delayed
U860124,P28607,Sports,Fitness,Apple,2771.2,33.77,1835.29,3.7,54,18,S4851,3.3,2025-12-10,1,Bangalore,Tablet,Cash on Delivery,False,Delayed
U976950,P14424,Beauty,Skincare,Samsung,3395.75,35.32,2196.39,4.6,7,138,S5554,3.7,2025-03-30,2,Hyderabad,Tablet,Cash on Delivery,False,In Transit
U502586,P74927,Electronics,Mobile,Sony,28302.76,6.06,26586.26,4.6,34,9,S7268,2.9,2025-10-02,4,Chennai,Web,Cash on Delivery,False,Delivered
U791982,P66503,Clothing,Men,Boat,4230.67,68.74,1322.66,3.5,2,272,S1856,4.9,2024-04-27,3,Mumbai,Tablet,Debit Card,False,Delivered
U891127,P54068,Sports,Outdoor,Samsung,7595.3,41.6,4435.62,4.1,11,472,S5301,3.1,2025-09-15,6,Chennai,Tablet,Credit Card,False,Delivered
U548317,P17486,Home,Decor,HP,19572.01,16.55,16333.67,3.7,4,413,S2789,2.6,2025-08-22,5,Hyderabad,Tablet,Cash on Delivery,True,Returned
U700417,P84488,Home,Decor,Puma,17594.02,8.62,16077.43,3.7,10,393,S9501,3.5,2026-02-19,5,Hyderabad,Web,Credit Card,False,In Transit
U115920,P46791,Beauty,Haircare,Adidas,4397.06,36.04,2812.34,4.4,56,409,S5495,4.0,2024-08-06,2,Mumbai,Mobile App,Credit Card,False,Delayed
U140481,P90681,Home,Kitchen,HP,15482.69,42.69,8872.56,3.9,55,140,S6926,4.6,2025-02-26,4,Hyderabad,Web,Debit Card,False,Delayed
U696053,P96609,Sports,Fitness,Apple,11421.93,24.14,8664.56,3.9,64,164,S5333,4.8,2024-04-29,4,Bangalore,Mobile App,Cash on Delivery,False,In Transit
U138801,P57018,Electronics,Camera,Samsung,27338.75,33.99,18045.95,4.7,18,245,S4569,4.9,2024-12-23,3,Hyderabad,Web,UPI,False,Delayed
U429280,P18394,Electronics,Headphones,HP,9558.59,11.01,8505.79,3.3,11,225,S3945,3.7,2025-06-01,6,Chennai,Web,Debit Card,True,Returned
U760957,P32871,Home,Kitchen,Nike,17970.93,35.04,11673.5,4.9,12,75,S1812,4.9,2025-05-21,5,Mumbai,Mobile App,UPI,False,Delayed
U561697,P86007,Electronics,Laptop,Zara,57788.95,11.39,51206.18,5.0,27,162,S1687,2.9,2026-03-29,2,Chennai,Tablet,Credit Card,False,Delivered
U666693,P15863,Home,Kitchen,Samsung,4445.19,11.56,3931.14,3.6,11,307,S4845,4.5,2025-06-05,1,Bangalore,Web,UPI,False,Delivered
U181212,P41061,Sports,Outdoor,Apple,10510.47,47.05,5564.94,4.5,12,104,S6337,4.0,2025-08-23,5,Chennai,Tablet,Debit Card,False,Delayed
U396835,P28753,Beauty,Skincare,Zara,1983.61,11.86,1748.39,3.7,12,12,S6350,3.9,2025-09-04,3,Hyderabad,Tablet,Debit Card,False,In Transit
U408347,P91515,Beauty,Haircare,LG,1757.98,11.44,1556.82,3.2,14,15,S3626,4.4,2025-07-27,4,Hyderabad,Web,UPI,False,In Transit
U738622,P37719,Clothing,Kids,Samsung,914.32,44.92,503.62,3.6,19,413,S6129,4.5,2025-12-14,2,Delhi,Tablet,Debit Card,False,Delivered
U499601,P95093,Beauty,Haircare,Samsung,2421.59,39.63,1461.87,4.0,40,40,S2266,4.8,2024-04-29,4,Mumbai,Mobile App,Cash on Delivery,False,Delayed
U791218,P78740,Electronics,Mobile,HP,66877.92,37.75,41632.89,3.6,40,266,S8225,4.6,2025-04-07,2,Hyderabad,Web,Debit Card,False,Delivered
U354880,P57443,Sports,Outdoor,Adidas,624.04,42.51,358.75,3.9,9,118,S8468,2.8,2025-01-10,1,Bangalore,Web,UPI,False,Delayed
U479459,P20445,Clothing,Women,H&M,4925.84,63.92,1777.07,3.2,30,180,S9284,2.6,2024-06-05,3,Hyderabad,Mobile App,Debit Card,True,Returned
U924499,P64899,Beauty,Haircare,Adidas,2861.99,32.47,1932.62,4.1,5,117,S3052,2.7,2025-02-10,3,Hyderabad,Tablet,Credit Card,False,In Transit
U372922,P47602,Sports,Cycling,Nike,4668.13,27.18,3399.36,3.3,32,174,S6142,2.6,2025-12-05,4,Chennai,Mobile App,UPI,False,In Transit
U618206,P92920,Beauty,Haircare,Nike,4507.02,43.64,2540.19,3.7,38,451,S4245,4.1,2024-05-10,3,Chennai,Mobile App,Cash on Delivery,False,Delivered
U902694,P82689,Clothing,Men,Boat,1951.52,30.92,1348.07,4.3,16,364,S8698,4.7,2025-03-20,3,Bangalore,Tablet,UPI,False,Delivered
U176561,P27351,Electronics,Camera,Samsung,17710.0,11.83,15615.61,4.1,11,263,S9672,3.4,2025-09-12,4,Mumbai,Web,Cash on Delivery,False,In Transit
U353162,P48455,Clothing,Women,H&M,4335.45,47.56,2273.68,4.2,62,60,S6518,3.8,2024-06-22,2,Chennai,Web,UPI,False,Delayed
U570700,P63592,Electronics,Mobile,H&M,56865.07,35.85,36481.74,3.3,56,322,S8368,5.0,2026-02-12,4,Bangalore,Tablet,Cash on Delivery,False,In Transit
U858862,P87274,Beauty,Haircare,Nike,1349.31,21.0,1066.01,3.4,9,469,S9345,3.5,2025-05-15,2,Mumbai,Mobile App,Credit Card,False,Delivered
U497803,P52000,Sports,Cycling,LG,11354.11,45.6,6176.65,3.9,10,224,S3895,4.8,2025-03-27,1,Hyderabad,Tablet,Debit Card,False,Delivered
U150633,P83941,Clothing,Women,Puma,616.32,20.82,488.02,3.7,11,265,S9604,3.7,2024-05-25,4,Bangalore,Tablet,Cash on Delivery,False,In Transit
U250152,P15496,Home,Kitchen,LG,9240.83,44.46,5131.94,3.9,4,416,S4451,4.0,2024-05-26,5,Mumbai,Web,Debit Card,False,Delayed
U398624,P31704,Sports,Outdoor,Apple,2565.72,33.83,1697.77,4.1,70,60,S5716,3.1,2025-03-02,1,Bangalore,Web,Cash on Delivery,False,In Transit
U735615,P23909,Clothing,Men,Sony,1971.95,27.09,1437.68,2.9,7,473,S4795,4.4,2025-07-24,5,Bangalore,Tablet,Debit Card,False,Delivered
U891533,P32131,Electronics,Laptop,Lenovo,18041.91,39.43,10928.32,3.2,152,14,S1651,4.1,2025-09-19,6,Chennai,Tablet,Credit Card,False,Delivered
U395528,P84863,Beauty,Skincare,LG,2447.79,25.3,1828.38,4.0,29,218,S8288,4.4,2025-08-31,5,Mumbai,Tablet,Credit Card,False,In Transit
U565992,P66657,Home,Furniture,H&M,7490.44,12.56,6549.31,3.8,19,252,S5309,2.6,2024-08-28,1,Delhi,Mobile App,Credit Card,False,In Transit
U862693,P19745,Electronics,Headphones,Apple,39690.05,11.33,35194.38,3.8,24,167,S3567,4.8,2025-02-28,3,Mumbai,Tablet,Debit Card,False,In Transit
U804728,P19710,Beauty,Haircare,H&M,1223.19,23.69,933.38,4.2,13,361,S6157,4.4,2024-06-22,1,Chennai,Mobile App,Cash on Delivery,False,Delivered
U793245,P92061,Sports,Outdoor,Adidas,10776.21,22.59,8342.13,4.1,49,18,S1130,3.4,2025-12-15,4,Chennai,Mobile App,Credit Card,False,Delayed
U378172,P71618,Beauty,Skincare,Zara,4511.46,31.44,3093.06,3.4,30,77,S8938,3.8,2024-05-07,2,Mumbai,Mobile App,Cash on Delivery,False,In Transit
U641386,P38074,Clothing,Men,Zara,1745.01,56.75,754.68,4.1,7,1,S8115,3.1,2024-09-11,5,Delhi,Mobile App,Cash on Delivery,False,Delayed
U140698,P64808,Sports,Fitness,H&M,755.09,17.06,626.27,4.3,15,352,S5310,4.7,2025-02-12,5,Mumbai,Tablet,Cash on Delivery,False,Delayed
U607755,P79528,Sports,Fitness,Zara,8364.95,21.7,6549.75,3.8,135,336,S3950,2.6,2024-05-05,5,Bangalore,Web,Credit Card,True,Returned
U935448,P92578,Home,Decor,Puma,9416.84,17.24,7793.43,2.6,15,200,S6851,4.8,2026-02-14,3,Hyderabad,Tablet,Cash on Delivery,True,Returned
U891634,P47653,Home,Furniture,Adidas,17637.59,8.66,16110.59,4.7,26,214,S8326,3.8,2025-01-25,1,Delhi,Web,Credit Card,False,Delayed
U434397,P96587,Beauty,Skincare,Nike,3989.02,20.55,3169.47,4.4,13,58,S6694,4.6,2026-01-07,3,Hyderabad,Tablet,Cash on Delivery,False,Delayed
U532016,P40783,Clothing,Women,Puma,3311.58,65.31,1148.75,4.0,5,14,S5766,3.4,2024-09-01,6,Chennai,Web,Credit Card,False,In Transit
U531204,P61298,Electronics,Headphones,Sony,55144.13,38.83,33733.46,5.0,36,414,S8240,5.0,2026-03-26,5,Bangalore,Web,Cash on Delivery,False,In Transit
U456349,P93396,Electronics,Headphones,Puma,37881.41,39.38,22962.26,3.6,4,419,S1747,4.6,2024-07-14,1,Mumbai,Web,Cash on Delivery,False,In Transit
U316217,P91957,Clothing,Kids,Nike,2841.56,17.52,2343.64,4.1,8,56,S6401,3.8,2026-02-28,6,Chennai,Mobile App,UPI,False,Delayed
U469833,P82468,Electronics,Camera,Apple,19111.13,37.38,11966.69,4.3,13,32,S1806,4.9,2024-07-10,5,Bangalore,Tablet,Credit Card,False,In Transit
U514739,P40059,Sports,Fitness,Nike,13152.88,18.56,10711.32,3.9,17,148,S3644,4.3,2025-05-30,5,Chennai,Web,Debit Card,False,In Transit
U114303,P14728,Clothing,Kids,H&M,3067.9,65.57,1056.17,3.5,2,432,S1328,3.1,2025-01-06,4,Mumbai,Tablet,UPI,False,Delayed
U396841,P49513,Beauty,Makeup,Samsung,3462.28,42.35,1996.13,4.5,46,12,S4768,4.7,2025-05-23,3,Mumbai,Tablet,Credit Card,False,Delivered
U787106,P62527,Home,Decor,Apple,12020.83,38.29,7417.82,3.5,21,67,S5423,3.6,2024-09-30,5,Hyderabad,Mobile App,UPI,False,Delivered
U121133,P11932,Sports,Cycling,H&M,3767.39,48.84,1927.29,4.2,16,380,S9875,4.0,2024-06-25,1,Hyderabad,Tablet,Credit Card,False,Delivered
U427354,P52431,Sports,Outdoor,Adidas,9465.19,10.9,8433.8,4.5,6,217,S9394,3.8,2025-04-20,6,Chennai,Tablet,UPI,False,In Transit
U377107,P95989,Home,Kitchen,Adidas,9422.43,5.76,8879.53,2.9,26,295,S8723,4.5,2025-04-24,3,Delhi,Web,Debit Card,False,In Transit
U392089,P73353,Electronics,Laptop,Boat,66780.08,15.39,56501.81,4.4,42,145,S9736,3.6,2024-05-03,5,Chennai,Tablet,Credit Card,False,In Transit
U490843,P81641,Electronics,Camera,H&M,57619.95,16.85,47910.7,4.1,5,365,S2774,3.5,2025-02-10,4,Hyderabad,Web,Credit Card,False,Delayed
U487786,P72495,Electronics,Camera,Adidas,56247.77,7.35,52112.49,4.9,57,288,S2785,3.7,2025-12-26,5,Hyderabad,Tablet,Debit Card,False,In Transit
U688130,P32184,Clothing,Kids,Apple,2768.17,27.07,2018.73,3.3,24,106,S9025,3.1,2025-07-13,4,Delhi,Tablet,Credit Card,False,Delivered
U648830,P84270,Clothing,Women,HP,3834.85,41.59,2239.88,3.6,14,389,S4808,4.6,2024-09-15,1,Hyderabad,Mobile App,Cash on Delivery,False,In Transit
U974851,P29741,Beauty,Makeup,H&M,3062.53,17.67,2521.39,3.4,19,18,S6266,4.8,2025-07-09,4,Bangalore,Tablet,Cash on Delivery,False,Delivered
U933298,P74058,Home,Decor,Adidas,2764.33,8.09,2540.78,3.2,22,279,S9188,3.5,2025-01-17,5,Chennai,Web,Credit Card,False,In Transit
U681757,P20673,Beauty,Haircare,Puma,3328.52,18.14,2724.83,3.0,28,471,S2721,3.1,2025-08-03,5,Chennai,Web,UPI,True,Returned
U645195,P25922,Beauty,Skincare,Samsung,2082.21,40.13,1246.52,4.5,9,85,S4233,4.0,2025-05-16,4,Mumbai,Web,UPI,False,Delivered
U610859,P28332,Beauty,Makeup,Nike,2944.83,16.28,2465.44,3.5,8,383,S9963,3.8,2024-05-23,3,Chennai,Web,Cash on Delivery,False,Delivered
U854914,P98694,Home,Furniture,Boat,2361.36,42.75,1351.89,4.5,10,138,S9560,4.9,2024-12-03,3,Bangalore,Web,Debit Card,False,Delayed
U818299,P36799,Clothing,Men,Sony,3761.74,47.74,1965.75,3.0,3,411,S7082,4.5,2024-05-28,6,Chennai,Tablet,Debit Card,True,Returned
U883039,P27739,Beauty,Makeup,Adidas,4467.4,32.37,3021.13,3.9,1,84,S9591,3.5,2024-07-12,3,Bangalore,Tablet,Cash on Delivery,False,Delivered
U593348,P18788,Home,Kitchen,Nike,7312.33,49.99,3656.81,3.1,19,500,S1091,3.9,2026-01-13,5,Mumbai,Web,Credit Card,True,Returned
U580870,P53389,Clothing,Kids,Apple,1423.55,30.65,987.29,3.7,96,48,S2001,4.2,2024-07-13,3,Chennai,Tablet,Cash on Delivery,False,Delayed
U337009,P55214,Clothing,Men,LG,4726.48,55.5,2103.36,3.3,32,321,S1231,3.5,2024-07-16,4,Chennai,Mobile App,Debit Card,False,In Transit
U485115,P91854,Beauty,Haircare,H&M,4619.68,38.43,2844.54,3.0,27,392,S7607,3.0,2025-02-27,6,Bangalore,Web,Credit Card,False,Delivered
U393586,P33373,Sports,Fitness,Apple,13076.51,43.19,7428.26,4.9,22,134,S2676,3.2,2024-07-08,1,Mumbai,Mobile App,Cash on Delivery,False,In Transit
U946514,P90725,Sports,Cycling,HP,13277.24,18.69,10795.83,3.8,173,342,S8756,3.5,2024-10-02,3,Bangalore,Mobile App,Credit Card,False,Delivered
U253607,P28786,Clothing,Men,Apple,3774.9,15.16,3202.5,4.1,7,84,S8790,3.6,2024-09-06,1,Chennai,Mobile App,Debit Card,False,Delivered
U546070,P97142,Electronics,Laptop,Lenovo,31632.11,36.16,20193.68,5.0,16,241,S6359,4.7,2024-09-08,3,Hyderabad,Web,UPI,False,Delivered
U840551,P72190,Sports,Outdoor,Boat,8912.49,13.69,7692.77,4.2,42,181,S6107,2.9,2024-08-09,1,Hyderabad,Tablet,Debit Card,False,Delayed
U845902,P28728,Electronics,Laptop,Nike,75887.11,37.61,47344.0,4.3,20,430,S8163,3.5,2025-04-10,2,Bangalore,Tablet,Cash on Delivery,True,Returned
U685005,P67070,Beauty,Haircare,Sony,771.95,9.51,698.56,3.6,26,333,S6704,4.0,2025-10-19,1,Delhi,Mobile App,UPI,False,In Transit
U324164,P90868,Beauty,Haircare,LG,2544.47,47.11,1345.66,4.0,13,286,S4129,2.7,2026-01-19,2,Hyderabad,Web,Debit Card,False,Delivered
U651553,P35544,Electronics,Laptop,Puma,36432.88,36.62,23092.28,4.4,53,2,S6085,3.3,2024-10-28,2,Bangalore,Web,UPI,False,In Transit
U386290,P14394,Home,Decor,Samsung,3121.1,15.05,2651.4,4.1,23,331,S5504,3.2,2025-10-03,1,Chennai,Tablet,Cash on Delivery,False,In Transit
U699975,P13988,Electronics,Headphones,Sony,78864.95,5.96,74163.04,4.1,7,441,S8713,2.8,2024-11-06,2,Delhi,Tablet,Cash on Delivery,False,In Transit
U946652,P23616,Clothing,Women,H&M,4651.44,12.11,4088.1,3.8,11,19,S7054,4.6,2025-07-07,5,Chennai,Mobile App,Credit Card,False,Delayed
U974579,P25653,Clothing,Men,Apple,1449.36,46.03,782.24,3.4,6,28,S8264,3.6,2025-06-21,6,Hyderabad,Tablet,UPI,False,In Transit
U873276,P12185,Electronics,Headphones,Adidas,41989.66,25.37,31337.71,3.9,32,170,S6185,4.5,2025-01-05,4,Chennai,Tablet,Credit Card,False,Delayed
U536604,P97519,Home,Decor,Samsung,2613.01,30.32,1820.82,3.2,25,342,S2007,3.8,2024-11-10,4,Hyderabad,Mobile App,Credit Card,False,Delayed
U280968,P68117,Clothing,Kids,Sony,3530.82,43.11,2008.79,3.4,8,22,S5514,4.7,2026-01-03,4,Delhi,Tablet,Credit Card,False,Delayed
U426279,P45882,Sports,Outdoor,Nike,639.0,5.77,602.13,3.1,12,287,S6745,4.5,2025-06-08,3,Delhi,Mobile App,Debit Card,False,In Transit
U585496,P21555,Sports,Cycling,Apple,8264.87,43.6,4661.3,3.9,10,59,S2483,3.1,2025-08-31,2,Chennai,Mobile App,UPI,True,Returned
U903966,P32195,Clothing,Women,HP,4396.29,10.36,3940.99,4.4,12,403,S1171,3.8,2024-06-20,2,Delhi,Mobile App,Debit Card,False,In Transit
U883714,P27397,Electronics,Laptop,Sony,46508.36,39.27,28245.47,4.2,50,158,S1873,4.9,2026-03-12,5,Mumbai,Web,Debit Card,False,Delivered
U534092,P39617,Home,Furniture,HP,16352.28,17.22,13536.58,4.0,11,427,S4084,4.1,2026-01-25,5,Bangalore,Web,Credit Card,False,Delivered
U377395,P22112,Home,Kitchen,H&M,4434.74,35.1,2878.02,4.0,67,250,S6818,3.3,2025-03-15,2,Hyderabad,Tablet,Debit Card,False,In Transit
U138515,P86706,Sports,Outdoor,Zara,6435.91,22.82,4967.45,4.2,10,197,S3551,4.1,2025-01-31,1,Mumbai,Tablet,Credit Card,False,Delayed
U317523,P54850,Beauty,Makeup,Zara,4270.53,25.21,3193.87,4.7,25,358,S9253,3.7,2025-12-10,1,Bangalore,Tablet,Debit Card,False,Delivered
U590406,P44189,Sports,Fitness,Sony,13467.1,43.1,7662.24,4.3,6,16,S2889,4.1,2025-11-24,3,Mumbai,Tablet,Credit Card,False,In Transit
U490366,P83894,Clothing,Women,HP,4952.97,49.23,2514.61,3.9,9,193,S1554,3.3,2024-04-16,2,Bangalore,Web,UPI,False,Delayed
U598593,P53871,Home,Furniture,Nike,4647.32,18.0,3810.61,3.2,3,172,S2641,4.4,2025-06-03,4,Hyderabad,Mobile App,Debit Card,False,In Transit
U888576,P12850,Clothing,Women,Lenovo,4516.3,20.12,3607.72,3.8,31,224,S8478,3.0,2026-01-15,1,Mumbai,Tablet,Cash on Delivery,False,Delayed
U858510,P58918,Beauty,Makeup,Adidas,3874.55,24.43,2927.87,3.2,5,307,S6535,3.2,2026-03-27,2,Bangalore,Web,Cash on Delivery,False,In Transit
U541435,P65822,Electronics,Laptop,Lenovo,5253.41,12.97,4572.09,5.0,16,396,S5413,4.9,2025-11-21,3,Delhi,Tablet,Cash on Delivery,False,Delayed
U415183,P88230,Electronics,Laptop,Lenovo,44897.95,21.73,35139.94,4.6,124,494,S9586,2.5,2026-03-07,1,Mumbai,Mobile App,Credit Card,False,Delivered
U931377,P28541,Home,Furniture,Apple,1076.48,33.1,720.19,3.7,151,410,S6670,3.6,2024-06-06,1,Bangalore,Web,Cash on Delivery,False,Delivered
U310141,P32553,Beauty,Skincare,Zara,3595.01,37.09,2261.53,4.3,24,154,S6038,3.1,2025-12-24,1,Mumbai,Mobile App,Credit Card,False,Delivered
U261625,P99746,Clothing,Women,Apple,4540.24,58.52,1883.51,3.8,44,284,S7131,4.5,2025-06-15,5,Mumbai,Mobile App,Cash on Delivery,False,Delivered
U820147,P61648,Home,Furniture,Puma,3221.16,34.38,2113.83,3.7,4,357,S4481,3.8,2025-09-27,2,Chennai,Web,Cash on Delivery,False,In Transit
U433821,P27501,Clothing,Men,Boat,1058.81,16.21,887.21,3.6,17,204,S6359,3.4,2024-11-09,5,Mumbai,Web,Cash on Delivery,False,Delayed
U612029,P97802,Beauty,Haircare,Apple,3605.08,30.43,2507.91,3.5,23,379,S1440,3.7,2024-07-05,4,Bangalore,Mobile App,Credit Card,False,Delivered
U963227,P10208,Home,Kitchen,LG,2272.5,21.44,1785.21,4.1,21,312,S7523,4.2,2025-07-26,1,Chennai,Mobile App,Credit Card,False,Delivered
U416604,P67068,Beauty,Skincare,Samsung,365.57,48.17,189.48,5.0,15,47,S6563,3.7,2024-07-26,1,Mumbai,Web,Credit Card,False,In Transit
U808074,P73000,Clothing,Women,Sony,598.13,59.05,244.94,3.1,8,17,S5276,4.7,2026-01-23,5,Hyderabad,Web,Credit Card,False,Delivered
U587506,P20831,Beauty,Haircare,Lenovo,462.75,32.62,311.82,3.8,9,177,S2661,3.4,2025-02-24,1,Delhi,Tablet,Cash on Delivery,False,Delivered
U631597,P60330,Clothing,Women,Nike,3525.81,15.67,2973.39,3.6,7,351,S8449,4.2,2025-01-12,2,Chennai,Mobile App,Cash on Delivery,False,Delayed
U545625,P43901,Beauty,Makeup,Samsung,2155.69,41.44,1262.4,3.6,18,379,S2899,4.7,2025-08-05,5,Bangalore,Tablet,Cash on Delivery,False,Delayed
U985174,P80126,Home,Kitchen,H&M,12197.62,34.15,8032.5,4.1,4,497,S6977,3.2,2025-08-03,3,Bangalore,Mobile App,Credit Card,False,In Transit
U257692,P10911,Sports,Outdoor,Zara,1754.38,7.56,1621.7,3.5,2,172,S5224,4.5,2024-04-07,1,Delhi,Mobile App,Cash on Delivery,False,In Transit
U227455,P74175,Electronics,Camera,Sony,58098.54,18.73,47217.45,4.3,85,235,S7014,4.8,2024-07-31,2,Delhi,Mobile App,Debit Card,False,In Transit
U904083,P13084,Beauty,Makeup,Zara,3062.37,18.5,2495.84,4.2,65,277,S5378,4.4,2025-10-12,1,Bangalore,Mobile App,Debit Card,False,In Transit
U412143,P93359,Beauty,Skincare,Puma,3880.03,24.23,2939.9,3.8,93,18,S2829,4.8,2025-01-16,1,Bangalore,Web,UPI,False,Delayed
U660972,P22395,Beauty,Skincare,Nike,4030.62,17.02,3344.43,3.9,4,64,S3369,4.3,2024-12-06,1,Delhi,Tablet,Cash on Delivery,False,In Transit
U355958,P78623,Home,Kitchen,Puma,18010.68,48.19,9332.05,4.0,7,291,S8510,4.4,2025-03-14,4,Chennai,Mobile App,UPI,False,In Transit
U858970,P93599,Home,Furniture,Nike,4921.35,18.0,4035.59,3.6,5,415,S2656,4.0,2025-11-09,1,Chennai,Web,UPI,True,Returned
U543054,P62525,Home,Decor,H&M,1068.52,10.72,954.02,4.1,3,11,S4013,3.4,2024-04-04,3,Bangalore,Tablet,Debit Card,False,Delayed
U698626,P44206,Electronics,Camera,Apple,77496.12,32.44,52358.63,5.0,64,155,S9422,4.3,2025-05-08,3,Mumbai,Tablet,Credit Card,False,Delayed
U325663,P67271,Electronics,Headphones,HP,25250.19,29.59,17778.06,4.6,15,140,S4042,4.6,2025-09-21,2,Hyderabad,Web,UPI,False,Delayed
U385925,P10662,Beauty,Skincare,Zara,3199.07,21.52,2510.63,3.1,18,208,S4393,4.1,2024-08-09,4,Bangalore,Mobile App,Cash on Delivery,False,Delayed
U728180,P93211,Clothing,Women,Sony,2322.11,22.27,1804.96,4.4,1,162,S2591,4.6,2024-07-24,3,Hyderabad,Mobile App,Credit Card,False,Delivered
U401813,P89864,Home,Furniture,Apple,1494.56,15.8,1258.39,3.4,46,423,S8547,4.5,2024-10-30,5,Chennai,Tablet,Cash on Delivery,False,Delayed
U598705,P83093,Sports,Outdoor,Lenovo,10900.97,25.13,8161.38,3.9,58,6,S6618,3.7,2025-04-17,2,Hyderabad,Web,Debit Card,False,In Transit
U320869,P79761,Beauty,Skincare,Puma,3323.71,21.85,2597.47,4.2,13,357,S3785,2.9,2025-07-18,3,Hyderabad,Tablet,Cash on Delivery,False,In Transit
U182427,P92756,Beauty,Skincare,Zara,969.79,32.66,653.07,4.5,25,249,S6657,2.7,2024-06-04,2,Chennai,Mobile App,Credit Card,False,Delayed
U887331,P51331,Sports,Outdoor,Sony,9517.31,27.32,6917.04,3.6,13,231,S8657,3.6,2025-02-24,1,Bangalore,Mobile App,Credit Card,False,Delayed
U692332,P66561,Sports,Fitness,HP,7191.69,47.21,3796.52,4.1,75,212,S1383,4.4,2024-06-21,4,Bangalore,Web,Cash on Delivery,True,Returned
U496811,P89576,Clothing,Women,Lenovo,3821.98,14.28,3276.39,4.7,17,485,S3023,4.4,2024-05-19,5,Mumbai,Mobile App,Cash on Delivery,False,Delivered
U287299,P30855,Clothing,Men,HP,4652.13,25.42,3469.33,3.5,67,392,S7571,2.9,2025-01-25,5,Bangalore,Tablet,Cash on Delivery,False,In Transit
U434918,P57602,Clothing,Women,HP,3672.11,60.21,1461.15,3.1,13,322,S2730,4.6,2024-08-03,1,Bangalore,Tablet,Debit Card,False,Delayed
U523589,P74858,Sports,Cycling,Boat,10143.2,17.01,8418.23,3.7,10,387,S8600,2.8,2024-04-05,1,Mumbai,Web,Cash on Delivery,True,Returned
U103499,P79817,Clothing,Men,Boat,3343.92,32.27,2264.93,3.7,15,424,S6473,4.1,2025-06-25,6,Bangalore,Web,Credit Card,False,Delayed
U538587,P63778,Electronics,Camera,HP,73761.75,28.89,52450.16,4.2,4,96,S1475,4.5,2024-12-13,4,Hyderabad,Tablet,Credit Card,False,Delivered
U728692,P84787,Sports,Cycling,Lenovo,4634.77,47.08,2452.77,3.3,40,374,S7697,4.2,2024-10-22,2,Delhi,Mobile App,Debit Card,False,Delayed
U817606,P21923,Clothing,Men,HP,3419.82,51.98,1642.26,4.2,3,487,S7066,4.0,2024-08-04,5,Hyderabad,Mobile App,Cash on Delivery,True,Returned
U580005,P58373,Sports,Cycling,Adidas,14062.46,7.92,12948.81,4.1,29,370,S4920,4.5,2024-12-13,5,Mumbai,Mobile App,Cash on Delivery,False,Delayed
U167961,P14048,Clothing,Women,Nike,3141.14,61.77,1200.92,3.0,19,105,S8555,4.1,2025-01-11,5,Bangalore,Web,Credit Card,False,Delayed
U583819,P75564,Sports,Outdoor,Adidas,3648.89,25.82,2706.88,3.0,58,328,S2821,4.3,2024-08-12,1,Mumbai,Tablet,Debit Card,False,Delivered
U107217,P14236,Clothing,Women,H&M,1174.17,19.48,945.48,3.7,26,349,S7657,3.2,2025-07-04,2,Delhi,Tablet,Cash on Delivery,False,In Transit
U226858,P89557,Electronics,Camera,Sony,79651.16,32.9,53448.16,4.6,31,331,S9751,3.4,2024-05-28,5,Chennai,Tablet,UPI,False,In Transit
U951089,P62218,Beauty,Haircare,Samsung,2767.54,45.84,1498.81,3.8,11,424,S1653,3.2,2025-12-14,4,Bangalore,Web,Cash on Delivery,False,Delayed
U549407,P26260,Sports,Cycling,Zara,2870.11,20.43,2283.69,4.8,78,53,S3391,4.3,2024-12-25,5,Hyderabad,Web,UPI,False,Delayed
U248845,P41859,Clothing,Women,Boat,1059.98,68.91,329.56,4.5,4,407,S8906,2.8,2024-12-02,4,Bangalore,Mobile App,Debit Card,False,Delivered
U580501,P74431,Home,Decor,H&M,4883.67,39.01,2978.69,3.7,23,385,S5009,2.6,2025-01-12,5,Delhi,Web,Debit Card,False,In Transit
U695833,P46083,Beauty,Makeup,Puma,3174.02,18.08,2600.16,4.5,2,304,S1585,2.9,2024-08-29,5,Bangalore,Mobile App,Credit Card,False,Delayed
U690913,P57542,Home,Furniture,Adidas,7994.54,44.98,4398.89,3.8,14,365,S5771,3.5,2025-05-21,1,Bangalore,Web,Credit Card,False,Delayed
U805983,P48650,Home,Kitchen,H&M,15102.21,10.03,13587.8,3.5,10,79,S3106,4.2,2024-06-11,6,Hyderabad,Mobile App,Debit Card,False,In Transit
U992253,P37742,Home,Decor,Adidas,19016.65,19.38,15331.28,4.2,13,298,S5963,2.7,2026-03-29,5,Delhi,Mobile App,UPI,False,In Transit
U525558,P72517,Home,Decor,Lenovo,14616.0,14.97,12428.42,4.7,14,316,S3791,3.5,2025-02-23,1,Chennai,Web,Credit Card,False,Delayed
U496339,P73602,Sports,Outdoor,Lenovo,7916.97,36.53,5024.67,3.8,63,331,S3770,4.0,2025-03-24,4,Bangalore,Tablet,Cash on Delivery,True,Returned
U801229,P18487,Clothing,Women,Boat,2088.15,44.03,1168.74,3.3,9,175,S4683,3.8,2025-12-16,4,Delhi,Web,Credit Card,False,Delivered
U781570,P35813,Clothing,Women,HP,2270.66,10.46,2033.25,4.7,35,182,S9172,4.9,2025-12-18,4,Delhi,Web,UPI,False,Delayed
U481220,P97063,Sports,Fitness,H&M,3611.73,13.77,3114.43,4.3,13,16,S7528,3.5,2024-07-03,2,Mumbai,Tablet,UPI,False,In Transit
U660730,P80481,Sports,Fitness,Sony,11984.28,49.7,6027.91,3.9,33,446,S2301,2.5,2026-01-27,2,Chennai,Mobile App,Cash on Delivery,False,Delayed
U935998,P33944,Sports,Fitness,Adidas,4208.12,16.13,3529.27,4.4,16,353,S5015,4.9,2024-06-03,1,Bangalore,Mobile App,Cash on Delivery,False,Delivered
U195797,P34905,Electronics,Headphones,Lenovo,34044.64,10.52,30463.78,4.6,6,375,S2043,4.4,2026-03-22,3,Bangalore,Mobile App,Debit Card,False,Delivered
U898679,P86188,Clothing,Men,Adidas,2865.34,55.71,1269.09,3.6,19,244,S8606,4.6,2024-04-12,1,Chennai,Mobile App,UPI,False,In Transit
U563363,P20929,Electronics,Laptop,Puma,77407.97,13.99,66581.66,3.8,54,243,S4234,4.1,2024-08-24,2,Delhi,Mobile App,Credit Card,True,Returned
U110068,P86246,Sports,Outdoor,Sony,6512.43,45.65,3539.46,3.4,14,220,S2827,5.0,2024-08-07,3,Chennai,Tablet,Cash on Delivery,False,Delayed
U892244,P69802,Clothing,Kids,Zara,4266.23,66.77,1417.65,4.2,4,0,S5124,4.7,2024-04-05,6,Chennai,Web,Debit Card,False,In Transit
U639178,P47192,Clothing,Women,Lenovo,2721.96,48.73,1395.6,3.9,11,487,S5909,4.2,2026-02-12,1,Hyderabad,Web,Credit Card,False,In Transit
U423804,P92040,Home,Decor,Lenovo,15787.05,30.22,11015.89,4.0,12,225,S2826,4.7,2025-01-23,4,Chennai,Mobile App,Cash on Delivery,False,Delivered
U271055,P33435,Home,Decor,Puma,6644.46,35.58,4280.37,3.6,5,33,S8078,3.8,2025-03-10,4,Hyderabad,Tablet,Debit Card,False,Delivered
U962514,P33941,Beauty,Makeup,Zara,3329.18,48.83,1703.62,3.3,17,99,S2781,4.1,2024-04-05,3,Chennai,Mobile App,Credit Card,False,In Transit
U594797,P23489,Sports,Outdoor,LG,13464.56,48.41,6946.89,3.5,19,350,S5916,3.4,2024-09-04,6,Chennai,Tablet,Credit Card,False,Delayed
U903625,P61935,Clothing,Women,Nike,4891.24,45.07,2686.74,3.0,11,402,S3814,4.4,2025-01-28,5,Mumbai,Mobile App,Credit Card,False,In Transit
U927062,P64645,Sports,Outdoor,Zara,690.19,41.96,400.59,3.2,37,399,S5413,4.1,2024-04-18,6,Chennai,Mobile App,Debit Card,False,In Transit
U449933,P56390,Home,Kitchen,Nike,17177.1,17.7,14137.09,3.3,179,424,S6166,3.0,2024-04-20,2,Bangalore,Web,Debit Card,False,In Transit
U899248,P62963,Sports,Outdoor,Boat,10447.58,17.06,8665.25,3.8,7,28,S7697,3.9,2024-05-20,1,Delhi,Web,Credit Card,False,In Transit
U318742,P96776,Home,Furniture,H&M,12930.81,36.95,8152.23,4.0,11,366,S5193,4.7,2025-06-28,2,Mumbai,Web,Debit Card,False,Delivered
U685176,P83396,Home,Kitchen,Boat,11617.81,16.86,9659.23,3.7,4,378,S4267,2.8,2025-02-15,1,Bangalore,Mobile App,Cash on Delivery,False,In Transit
U441293,P72872,Electronics,Mobile,Adidas,42331.01,30.08,29596.49,4.0,51,482,S8698,3.6,2024-12-08,1,Mumbai,Mobile App,Cash on Delivery,False,Delayed
U714585,P59154,Beauty,Skincare,Sony,2463.28,40.51,1465.33,3.9,30,30,S2661,4.3,2025-04-10,6,Chennai,Mobile App,Debit Card,False,In Transit
U216424,P71845,Sports,Outdoor,Puma,11149.49,27.55,8078.26,3.1,46,68,S2212,5.0,2024-10-04,5,Bangalore,Web,Cash on Delivery,False,Delivered
U309709,P83641,Clothing,Kids,Sony,1264.47,33.39,842.22,4.6,10,45,S8180,5.0,2025-12-08,2,Chennai,Mobile App,Debit Card,True,Returned
U683715,P79602,Sports,Cycling,Zara,6868.29,40.41,4093.1,4.0,41,418,S5774,4.9,2025-01-31,2,Bangalore,Tablet,UPI,False,Delivered
U883572,P38155,Electronics,Headphones,LG,48517.35,37.47,30336.93,4.9,34,94,S6263,3.8,2025-09-04,2,Hyderabad,Web,Credit Card,True,Returned
U810587,P43951,Beauty,Makeup,LG,4556.67,36.31,2901.95,4.7,64,130,S1379,4.1,2026-01-12,5,Mumbai,Mobile App,UPI,False,Delayed
U936865,P16295,Beauty,Makeup,Boat,1139.76,43.02,649.48,3.4,6,425,S9657,4.2,2024-08-03,2,Hyderabad,Mobile App,Debit Card,False,Delivered
U937055,P52869,Sports,Outdoor,Samsung,502.54,12.32,440.64,3.7,29,404,S9827,3.4,2024-12-17,2,Chennai,Web,Debit Card,False,Delayed
U692767,P22077,Home,Decor,Apple,18376.05,13.72,15855.37,2.6,22,498,S2840,2.5,2024-12-15,2,Delhi,Tablet,Credit Card,False,Delayed
U888432,P19579,Electronics,Camera,HP,76298.42,18.07,62508.09,4.4,86,392,S8060,4.8,2025-08-09,5,Mumbai,Web,Cash on Delivery,False,In Transit
U290498,P94913,Clothing,Kids,LG,3366.25,68.22,1069.87,3.2,5,294,S6567,2.9,2026-01-09,4,Delhi,Web,Cash on Delivery,False,Delivered
U753986,P61111,Beauty,Haircare,Sony,1710.83,25.98,1266.42,3.5,34,9,S1139,2.7,2025-07-12,1,Delhi,Mobile App,Debit Card,False,In Transit
U807304,P52810,Clothing,Women,Adidas,542.78,13.48,469.61,2.9,54,272,S8499,4.6,2025-05-16,6,Chennai,Tablet,Credit Card,False,Delayed
U298020,P29435,Home,Decor,HP,15247.65,44.24,8501.72,3.4,13,105,S6054,4.4,2025-06-21,1,Mumbai,Mobile App,UPI,False,Delivered
U666310,P55681,Sports,Cycling,Samsung,2742.79,26.68,2011.12,4.2,20,488,S2134,3.6,2025-01-15,1,Mumbai,Web,Debit Card,False,Delivered
U544893,P45530,Clothing,Men,Sony,2855.07,31.23,1963.5,4.4,117,119,S4559,4.0,2024-09-28,1,Mumbai,Web,UPI,False,Delivered
U565517,P37339,Beauty,Skincare,Boat,2404.34,7.05,2234.89,3.9,35,194,S1806,3.3,2026-03-08,3,Delhi,Web,Cash on Delivery,True,Returned
U718887,P26338,Beauty,Skincare,Adidas,1949.94,31.57,1334.29,3.6,10,47,S3868,4.4,2024-07-30,2,Hyderabad,Tablet,UPI,False,Delivered
U475799,P51534,Clothing,Men,Puma,2311.05,30.7,1601.58,3.2,46,212,S4129,2.7,2025-10-06,1,Chennai,Mobile App,UPI,False,Delayed
U217432,P69893,Home,Kitchen,Sony,2215.2,23.3,1699.09,4.1,31,8,S1118,3.3,2025-11-02,5,Chennai,Web,Cash on Delivery,False,In Transit
U977170,P18559,Electronics,Headphones,LG,54586.57,18.82,44313.44,4.0,12,222,S5926,2.8,2025-10-18,1,Bangalore,Mobile App,UPI,False,Delayed
U865071,P94850,Beauty,Makeup,Samsung,1861.3,22.28,1446.56,3.8,235,459,S6296,5.0,2025-11-14,5,Bangalore,Mobile App,Credit Card,True,Returned
U234163,P77976,Clothing,Men,HP,3890.52,60.27,1545.72,4.1,8,79,S3297,4.7,2025-03-23,5,Delhi,Tablet,Cash on Delivery,False,Delivered
U489759,P90944,Electronics,Laptop,H&M,48594.65,7.9,44757.69,4.0,33,212,S3580,2.7,2026-03-01,3,Bangalore,Web,Credit Card,False,Delivered
U482801,P24338,Sports,Fitness,H&M,11953.72,6.77,11144.53,2.9,6,402,S3660,3.8,2024-05-23,2,Mumbai,Mobile App,Cash on Delivery,False,Delivered
U982298,P44757,Home,Kitchen,Zara,1586.49,19.24,1281.33,3.7,8,318,S6260,2.9,2024-07-14,3,Bangalore,Mobile App,UPI,False,In Transit
U527456,P16094,Electronics,Camera,Samsung,41945.73,7.2,38925.73,4.3,49,276,S7177,3.0,2025-02-27,2,Mumbai,Tablet,Credit Card,False,Delivered
U196598,P65034,Electronics,Mobile,LG,13734.71,35.54,8853.42,3.4,330,33,S2841,2.8,2024-08-17,5,Mumbai,Web,Cash on Delivery,False,In Transit
U948743,P93473,Sports,Outdoor,Nike,14448.75,28.5,10330.81,4.3,21,0,S6102,2.7,2024-09-15,3,Chennai,Web,Cash on Delivery,False,In Transit
U483341,P90427,Clothing,Women,Zara,4136.45,68.42,1306.18,2.7,10,342,S2579,3.6,2025-11-26,4,Chennai,Web,Cash on Delivery,True,Returned
U639737,P27014,Sports,Fitness,Nike,14882.18,7.46,13772.27,3.5,19,412,S3336,4.2,2025-04-14,1,Mumbai,Mobile App,UPI,False,Delayed
U210339,P42739,Electronics,Camera,Sony,73809.55,22.89,56912.89,4.7,15,115,S5106,3.8,2024-04-10,4,Chennai,Mobile App,Debit Card,False,In Transit
U642013,P85650,Beauty,Haircare,HP,3118.34,18.45,2543.1,3.3,11,452,S5370,3.1,2025-05-10,6,Chennai,Mobile App,Debit Card,True,Returned
U707511,P14485,Beauty,Makeup,Zara,991.74,17.11,822.01,4.1,5,382,S7308,2.9,2025-06-27,1,Mumbai,Tablet,UPI,False,Delivered
U975958,P41172,Clothing,Men,Nike,695.06,49.19,353.17,4.8,8,82,S7500,5.0,2026-01-02,3,Delhi,Web,UPI,False,Delayed
U759253,P85654,Beauty,Makeup,LG,414.67,15.48,350.47,3.1,13,207,S8407,5.0,2024-12-01,1,Mumbai,Mobile App,Cash on Delivery,False,Delayed
U881147,P46609,Home,Decor,Puma,7577.52,7.14,7036.29,2.9,45,335,S9429,4.2,2024-04-11,4,Delhi,Web,Debit Card,False,Delivered
U578482,P96933,Home,Kitchen,Puma,15813.32,20.74,12533.42,3.4,26,49,S6609,3.2,2024-09-20,1,Chennai,Tablet,Debit Card,False,Delivered
U669711,P26544,Home,Kitchen,Zara,7863.97,23.72,5999.02,3.7,28,48,S4721,4.6,2025-06-17,3,Delhi,Web,UPI,False,Delivered
U464510,P50243,Sports,Cycling,Sony,7726.1,48.95,3944.45,3.8,32,231,S8146,4.7,2025-05-12,4,Mumbai,Tablet,UPI,False,Delayed
U248592,P99204,Clothing,Women,Lenovo,3063.34,20.22,2443.99,3.6,133,113,S1273,4.4,2024-06-14,3,Mumbai,Mobile App,Debit Card,True,Returned
U656334,P78818,Sports,Cycling,Nike,2786.94,33.24,1860.47,4.0,34,24,S9735,4.1,2025-01-18,6,Chennai,Web,Credit Card,False,Delayed
U205002,P99180,Sports,Fitness,LG,7710.23,48.05,4005.58,3.5,34,84,S4707,5.0,2025-04-12,1,Mumbai,Tablet,Credit Card,False,Delayed
U151288,P62543,Sports,Outdoor,Adidas,12665.7,37.82,7875.46,4.7,5,151,S7386,4.5,2025-03-31,2,Bangalore,Tablet,Cash on Delivery,False,In Transit
U100370,P19813,Beauty,Makeup,Nike,3479.4,35.02,2261.09,4.6,33,128,S6105,3.4,2025-08-26,1,Bangalore,Mobile App,UPI,False,Delivered
U962392,P31004,Beauty,Skincare,Nike,3704.05,34.2,2437.42,4.1,16,391,S4972,3.1,2025-06-05,3,Hyderabad,Web,Credit Card,False,Delayed
U360647,P55928,Beauty,Makeup,HP,1996.22,39.31,1211.43,4.2,36,36,S4707,4.5,2024-10-28,5,Mumbai,Web,Credit Card,False,In Transit
U249326,P98111,Electronics,Laptop,Adidas,42915.59,21.13,33849.16,3.9,11,141,S6365,4.6,2025-04-18,5,Hyderabad,Mobile App,UPI,False,Delayed
U593993,P40432,Home,Decor,Apple,18196.6,14.82,15499.66,4.6,21,338,S8180,4.7,2025-03-16,4,Chennai,Web,UPI,False,Delayed
U890888,P54744,Sports,Outdoor,Nike,7595.62,11.92,6690.06,4.1,9,448,S5458,2.9,2025-01-10,5,Delhi,Mobile App,Cash on Delivery,False,In Transit
U276638,P73871,Electronics,Camera,Boat,44625.85,31.59,30528.85,4.8,24,388,S5769,2.7,2024-04-18,4,Chennai,Mobile App,UPI,False,Delivered
U991253,P97151,Sports,Cycling,LG,6484.39,48.37,3348.17,3.0,5,253,S8085,3.7,2025-11-16,1,Mumbai,Web,UPI,True,Returned
U363895,P93920,Electronics,Headphones,H&M,42073.57,38.44,25899.87,4.0,22,260,S6387,2.7,2025-09-09,5,Bangalore,Web,Debit Card,False,In Transit
U354535,P86779,Electronics,Mobile,Apple,49959.63,22.73,38601.96,4.0,22,253,S4627,4.7,2025-04-12,4,Hyderabad,Tablet,Cash on Delivery,False,Delayed
U687905,P89513,Home,Furniture,H&M,19056.37,35.68,12257.01,4.3,26,428,S7157,4.1,2026-03-16,5,Hyderabad,Tablet,Cash on Delivery,False,Delivered
U703587,P22440,Sports,Fitness,HP,6444.73,9.49,5833.16,4.2,56,60,S4909,2.7,2024-08-03,1,Delhi,Web,Cash on Delivery,False,In Transit
U993631,P70390,Electronics,Headphones,Zara,49051.6,6.01,46101.37,4.9,25,293,S9564,4.0,2024-11-24,4,Hyderabad,Mobile App,Cash on Delivery,False,Delayed
U694469,P33689,Beauty,Haircare,Samsung,3755.9,45.64,2041.7,3.7,10,12,S6389,4.5,2024-09-20,5,Mumbai,Mobile App,Debit Card,False,In Transit
U958121,P99523,Electronics,Camera,Sony,54687.38,29.46,38577.18,4.4,21,176,S6773,2.8,2025-03-26,6,Bangalore,Mobile App,Debit Card,False,In Transit
U905947,P31049,Electronics,Headphones,Puma,58151.35,39.32,35287.0,4.8,15,107,S9966,2.6,2025-08-08,3,Bangalore,Tablet,Debit Card,False,Delayed
U998258,P21648,Beauty,Makeup,Nike,2920.71,30.24,2037.48,3.7,6,170,S6763,3.8,2024-09-06,1,Hyderabad,Tablet,Credit Card,False,In Transit
U770513,P63223,Home,Furniture,H&M,12229.0,48.77,6264.68,3.1,29,160,S9146,4.5,2025-08-06,3,Delhi,Tablet,Credit Card,False,In Transit
U467624,P54171,Clothing,Women,H&M,3304.28,46.39,1771.37,4.4,28,412,S8172,2.9,2026-01-14,5,Hyderabad,Web,Credit Card,False,Delivered
U710110,P50701,Home,Furniture,Apple,13962.3,7.8,12873.23,4.0,28,465,S9292,3.8,2024-12-08,2,Mumbai,Tablet,Debit Card,True,Returned
U748513,P19952,Sports,Cycling,Nike,3355.65,32.92,2250.93,4.0,24,101,S2529,3.6,2024-06-09,2,Hyderabad,Mobile App,Cash on Delivery,False,In Transit
U470985,P62003,Clothing,Kids,LG,1251.4,47.31,659.42,3.4,12,68,S7311,3.4,2024-09-14,2,Chennai,Mobile App,Debit Card,False,Delayed
U564032,P15344,Sports,Fitness,LG,14605.79,24.95,10961.99,4.2,76,125,S9978,3.4,2026-01-06,5,Mumbai,Mobile App,Debit Card,True,Returned
U357269,P39600,Electronics,Camera,Adidas,76871.42,21.49,60349.59,4.4,12,225,S4538,3.7,2024-04-28,5,Mumbai,Mobile App,UPI,True,Returned
U606748,P67534,Home,Furniture,Samsung,9522.54,36.53,6044.14,4.2,5,212,S4149,2.7,2024-12-26,3,Chennai,Web,Credit Card,False,Delayed
U505907,P44274,Sports,Outdoor,Zara,12474.9,27.26,9073.92,3.3,6,361,S6963,2.9,2026-03-08,2,Chennai,Web,Cash on Delivery,False,In Transit
U474419,P20097,Home,Furniture,LG,16407.69,14.41,14042.73,3.3,38,490,S3203,3.9,2024-10-22,1,Chennai,Web,Credit Card,False,Delayed
U842762,P72355,Sports,Fitness,Apple,10087.27,36.66,6389.6,4.0,14,274,S6136,3.4,2025-01-18,2,Chennai,Mobile App,Credit Card,False,Delayed
U960962,P39355,Home,Decor,H&M,13612.7,18.52,11091.84,3.8,72,238,S5409,2.8,2024-09-26,1,Chennai,Tablet,UPI,False,In Transit
U557372,P18474,Sports,Outdoor,Puma,10759.52,38.03,6667.65,3.4,6,488,S3807,3.3,2026-03-13,2,Chennai,Mobile App,Cash on Delivery,False,Delayed
U166874,P99392,Electronics,Headphones,Puma,13159.69,24.12,9985.19,3.7,47,181,S2071,3.7,2025-05-06,3,Mumbai,Tablet,Debit Card,False,Delayed
U614651,P66469,Home,Decor,Samsung,3679.47,27.94,2651.44,3.1,22,360,S3184,4.2,2024-11-26,5,Chennai,Web,Credit Card,False,Delayed
U446589,P40482,Beauty,Makeup,Lenovo,1567.66,12.24,1375.78,3.9,42,291,S9322,2.7,2024-09-13,4,Bangalore,Web,Credit Card,False,Delayed
U155544,P56969,Sports,Outdoor,Samsung,3751.04,35.31,2426.37,4.0,75,300,S2960,3.1,2025-10-27,3,Chennai,Mobile App,UPI,False,Delayed
U360885,P88843,Beauty,Haircare,Nike,415.46,42.65,238.25,3.4,74,396,S3938,4.3,2025-05-25,3,Mumbai,Mobile App,UPI,False,Delayed
U193434,P22341,Beauty,Haircare,Apple,694.58,30.59,482.13,4.1,37,484,S7611,4.6,2025-12-08,6,Bangalore,Tablet,Cash on Delivery,False,In Transit
U988422,P54996,Beauty,Haircare,Puma,1591.5,41.05,938.12,4.9,13,93,S2570,2.6,2025-12-13,2,Mumbai,Web,Debit Card,False,Delivered
U293531,P44144,Beauty,Makeup,Puma,1892.13,38.89,1156.33,4.0,25,205,S4286,4.4,2024-04-21,1,Delhi,Mobile App,Debit Card,False,Delayed
U649314,P43786,Electronics,Headphones,Puma,52301.54,7.92,48158.51,4.5,3,10,S1997,4.4,2024-06-04,2,Delhi,Tablet,UPI,False,Delayed
U654823,P11648,Home,Furniture,Nike,4188.8,19.5,3372.15,4.2,3,2,S6355,4.0,2024-10-23,4,Delhi,Web,Debit Card,False,Delivered
U280767,P34704,Sports,Cycling,LG,10634.09,41.06,6267.27,4.4,58,325,S9162,3.6,2025-06-15,2,Delhi,Mobile App,Credit Card,False,In Transit
U701866,P33190,Electronics,Laptop,HP,74891.25,6.27,70195.9,4.6,35,456,S8220,4.0,2025-08-05,4,Bangalore,Tablet,Credit Card,False,Delayed
U140657,P80462,Clothing,Women,Samsung,2003.07,27.67,1448.9,4.9,43,454,S2970,4.1,2024-07-24,3,Chennai,Web,Debit Card,False,Delivered
U643674,P31939,Home,Decor,Nike,11826.74,29.56,8330.6,4.2,18,460,S2633,4.2,2024-05-12,6,Chennai,Web,Credit Card,False,Delayed
U790474,P81824,Clothing,Kids,LG,3317.97,21.82,2593.92,3.3,40,425,S7370,3.3,2024-06-03,6,Hyderabad,Web,UPI,False,Delayed
U483457,P28531,Sports,Fitness,LG,1505.6,7.37,1394.63,3.3,7,122,S9040,3.2,2025-09-26,4,Mumbai,Mobile App,Cash on Delivery,False,Delivered
U203578,P78136,Home,Furniture,Puma,17834.36,29.63,12550.36,4.2,22,46,S6251,3.7,2024-12-27,1,Chennai,Tablet,Cash on Delivery,False,Delayed
U569661,P35957,Clothing,Women,LG,4246.27,14.82,3617.0,3.4,91,149,S7984,3.6,2024-06-28,1,Mumbai,Web,Cash on Delivery,False,In Transit
U209385,P52141,Electronics,Camera,Samsung,22914.49,10.96,20402.69,3.6,22,287,S8931,3.8,2025-06-08,6,Hyderabad,Tablet,Cash on Delivery,False,In Transit
U653176,P15456,Beauty,Makeup,Zara,3697.8,39.68,2230.34,3.3,38,96,S2461,4.9,2025-03-31,3,Delhi,Web,Credit Card,False,Delayed
U129321,P16187,Home,Decor,Samsung,6937.92,32.27,4698.77,4.1,5,494,S5963,3.8,2025-10-27,6,Chennai,Web,Credit Card,False,In Transit
U874415,P76633,Sports,Fitness,Zara,6045.64,26.69,4431.8,3.9,70,268,S3921,4.7,2024-12-19,2,Hyderabad,Tablet,Debit Card,False,Delayed
U294726,P39041,Electronics,Laptop,Apple,18291.68,22.23,14224.56,4.0,63,364,S6247,2.7,2025-06-11,2,Hyderabad,Mobile App,Credit Card,False,In Transit
U116350,P15928,Clothing,Kids,Zara,1319.3,36.16,842.27,3.7,11,472,S7250,3.8,2024-11-21,4,Chennai,Mobile App,UPI,False,In Transit
U285658,P61107,Electronics,Laptop,Zara,51793.03,33.34,34523.97,4.6,14,423,S4741,3.2,2025-07-05,5,Bangalore,Web,Cash on Delivery,False,Delivered
U751966,P97625,Clothing,Men,HP,4168.72,35.95,2670.12,4.2,94,132,S7927,2.9,2026-03-19,4,Mumbai,Tablet,Debit Card,True,Returned
U529080,P11340,Clothing,Kids,H&M,505.16,56.63,219.09,5.0,160,212,S7777,4.0,2025-09-15,6,Bangalore,Web,Debit Card,False,Delivered
U756971,P61834,Beauty,Makeup,HP,270.16,10.26,242.44,4.0,28,21,S8358,3.7,2025-07-11,5,Delhi,Mobile App,Credit Card,False,Delivered
U169730,P34033,Electronics,Mobile,Nike,31421.08,12.61,27458.94,4.6,8,274,S6363,3.0,2024-11-30,5,Hyderabad,Mobile App,Debit Card,False,Delayed
U398534,P84725,Beauty,Makeup,Lenovo,4003.28,25.0,3002.66,3.5,140,133,S2777,3.7,2025-05-24,1,Bangalore,Mobile App,Cash on Delivery,False,Delivered
U643398,P14678,Electronics,Camera,Adidas,53137.1,21.43,41750.68,4.4,22,240,S8844,3.9,2024-10-29,2,Mumbai,Mobile App,UPI,False,Delivered
U899582,P18834,Electronics,Camera,Nike,21946.45,30.45,15264.14,3.7,10,123,S8142,2.8,2024-08-31,1,Delhi,Tablet,Debit Card,False,In Transit
U795076,P76010,Clothing,Women,HP,3377.93,30.13,2360.13,3.6,10,392,S4096,2.9,2026-03-21,5,Delhi,Mobile App,Debit Card,False,Delivered
U362985,P33006,Sports,Fitness,Nike,10959.82,19.99,8769.13,3.7,21,179,S8569,3.5,2025-06-16,4,Bangalore,Mobile App,UPI,False,In Transit
U166741,P39522,Beauty,Skincare,Sony,973.16,36.68,616.21,4.2,41,94,S4184,3.7,2026-01-04,1,Chennai,Web,Cash on Delivery,False,Delivered
U654231,P47723,Beauty,Skincare,Adidas,1875.67,15.35,1587.71,2.6,40,285,S3639,4.1,2024-05-02,5,Chennai,Mobile App,Debit Card,False,Delivered
U660226,P12288,Electronics,Mobile,Boat,15306.16,22.66,11837.75,4.2,9,316,S3783,4.8,2024-08-18,5,Chennai,Tablet,Debit Card,False,In Transit
U106188,P59966,Electronics,Laptop,Apple,79691.47,19.22,64377.94,4.0,156,1,S1957,4.7,2024-10-31,1,Mumbai,Web,UPI,False,Delivered
U699252,P94513,Electronics,Mobile,Samsung,16015.39,16.24,13414.29,4.1,19,197,S5627,3.5,2024-04-25,5,Hyderabad,Tablet,Cash on Delivery,False,In Transit
U362188,P55239,Clothing,Kids,Puma,2941.94,27.88,2121.87,3.8,188,325,S8454,2.7,2025-12-31,5,Chennai,Web,Credit Card,False,In Transit
U400798,P93505,Sports,Outdoor,Adidas,14790.03,21.52,11607.18,3.6,60,374,S3856,3.8,2024-11-20,5,Mumbai,Web,Debit Card,False,Delivered
U944576,P49302,Home,Decor,Samsung,6913.95,38.62,4243.96,4.3,26,73,S1697,4.7,2024-06-08,6,Hyderabad,Web,Cash on Delivery,True,Returned
U980945,P92116,Sports,Fitness,Boat,14008.31,46.83,7447.6,2.6,159,180,S4409,3.8,2026-01-23,1,Mumbai,Web,Cash on Delivery,False,In Transit
U507311,P70754,Beauty,Haircare,Puma,4098.23,31.72,2798.09,4.3,246,186,S6534,4.6,2025-07-13,4,Hyderabad,Web,Cash on Delivery,False,Delivered
U847204,P35030,Sports,Fitness,Adidas,10211.31,47.35,5375.75,4.0,107,291,S4188,3.5,2024-11-08,1,Mumbai,Tablet,Debit Card,False,In Transit
U323885,P61488,Sports,Outdoor,LG,11984.74,13.56,10359.62,3.9,21,72,S8704,3.7,2025-09-08,1,Bangalore,Mobile App,Cash on Delivery,False,In Transit
U327727,P54260,Sports,Outdoor,Samsung,12826.22,47.68,6711.14,4.1,2,282,S3567,4.0,2024-05-06,4,Mumbai,Tablet,Cash on Delivery,False,Delayed
U827679,P37060,Beauty,Skincare,Puma,536.53,20.09,428.73,4.5,6,197,S3823,3.6,2025-09-28,5,Delhi,Web,Credit Card,False,Delayed
U531268,P51483,Beauty,Haircare,Adidas,4180.72,28.75,2978.69,4.2,30,239,S5025,4.3,2025-06-21,5,Mumbai,Tablet,Credit Card,True,Returned
U656361,P92324,Beauty,Makeup,HP,3963.01,46.72,2111.36,3.9,23,448,S1578,2.7,2024-08-25,4,Chennai,Tablet,UPI,False,Delivered
U447611,P21789,Electronics,Mobile,Samsung,38620.79,13.23,33510.91,4.3,23,160,S6844,4.7,2025-02-14,5,Delhi,Mobile App,Credit Card,False,Delivered
U430825,P86473,Home,Furniture,LG,18996.86,43.62,10710.8,5.0,18,463,S8317,3.0,2025-08-27,1,Chennai,Web,Debit Card,False,Delayed
U941310,P83647,Clothing,Women,Sony,4272.8,17.45,3527.21,3.6,20,81,S3490,3.6,2024-04-16,3,Delhi,Mobile App,Cash on Delivery,False,Delivered
U688947,P82393,Sports,Cycling,Boat,11150.54,27.27,8109.8,3.9,16,321,S8693,3.9,2026-03-26,4,Mumbai,Tablet,Debit Card,False,Delayed
U566515,P22723,Clothing,Men,Zara,989.87,69.38,303.06,2.4,4,386,S1645,4.3,2024-06-01,3,Mumbai,Mobile App,Cash on Delivery,False,In Transit
U714649,P57498,Beauty,Makeup,Nike,3112.49,27.96,2242.19,3.8,6,476,S8224,3.7,2025-02-17,1,Delhi,Tablet,Credit Card,False,In Transit
U460530,P54535,Electronics,Camera,Zara,66699.01,38.54,40992.91,4.0,73,43,S7061,3.1,2025-02-11,3,Chennai,Mobile App,Credit Card,False,Delivered
U256747,P24545,Sports,Outdoor,Zara,1390.4,46.35,745.92,2.3,11,478,S4229,4.1,2025-03-30,1,Hyderabad,Tablet,Debit Card,False,In Transit
U116730,P91508,Electronics,Headphones,HP,14533.95,5.66,13712.0,4.5,55,456,S7844,3.5,2025-01-10,1,Hyderabad,Mobile App,Debit Card,False,In Transit
U124583,P74174,Clothing,Kids,Sony,4417.7,38.42,2720.59,3.5,5,163,S3734,4.9,2026-02-13,2,Chennai,Mobile App,Credit Card,False,Delayed
U453913,P15302,Home,Kitchen,Puma,4471.09,5.8,4211.89,3.9,25,139,S8505,2.8,2026-02-11,6,Hyderabad,Tablet,UPI,False,In Transit
U111196,P85189,Sports,Fitness,Nike,2125.65,22.15,1654.86,3.6,83,9,S5959,2.5,2025-09-20,3,Chennai,Web,Credit Card,False,In Transit
U830706,P59170,Beauty,Makeup,Samsung,3725.56,29.14,2640.09,3.4,5,171,S7009,4.7,2024-06-26,3,Bangalore,Tablet,Cash on Delivery,False,In Transit
U679215,P35284,Home,Furniture,LG,3601.47,10.94,3207.61,3.9,2,250,S5614,3.9,2024-07-15,6,Bangalore,Web,UPI,True,Returned
U633506,P24879,Beauty,Haircare,Apple,1065.82,34.61,696.9,4.7,10,11,S3105,3.3,2025-08-10,6,Bangalore,Mobile App,Credit Card,False,Delivered
U699689,P41056,Clothing,Women,Apple,603.9,12.76,526.83,3.6,8,398,S2431,4.6,2025-01-19,3,Mumbai,Mobile App,UPI,False,Delayed
U263833,P86382,Electronics,Headphones,HP,27829.58,26.94,20331.17,4.4,34,320,S8549,2.9,2025-02-28,3,Delhi,Tablet,Debit Card,False,Delayed
U309213,P20637,Electronics,Mobile,Samsung,28353.23,29.79,19905.94,3.8,45,95,S2502,4.3,2024-04-18,3,Mumbai,Tablet,UPI,False,Delivered
U152427,P20408,Beauty,Haircare,Adidas,3765.52,30.53,2615.9,3.7,19,198,S6249,4.3,2025-05-14,4,Mumbai,Tablet,Credit Card,False,In Transit
U840581,P34387,Clothing,Kids,Puma,1282.1,21.86,1001.88,3.6,13,240,S5719,3.3,2025-09-21,5,Chennai,Tablet,UPI,False,In Transit
U284393,P35915,Clothing,Kids,Samsung,4871.65,67.45,1585.75,3.1,16,134,S3357,4.2,2025-10-02,1,Delhi,Tablet,Credit Card,False,Delayed
U989838,P52127,Electronics,Mobile,Adidas,65668.2,16.59,54773.32,4.4,12,387,S4730,3.1,2024-12-06,5,Mumbai,Mobile App,Cash on Delivery,False,Delayed
U631265,P93964,Sports,Outdoor,HP,2162.88,37.14,1359.55,3.5,12,146,S4575,3.4,2025-11-08,2,Hyderabad,Web,Debit Card,False,In Transit
U395120,P31137,Clothing,Kids,Samsung,2553.3,22.21,1986.22,3.1,26,33,S2009,3.5,2025-09-10,5,Bangalore,Mobile App,Cash on Delivery,False,In Transit
U112581,P98408,Electronics,Camera,Apple,47974.5,26.35,35331.89,4.7,27,45,S6216,3.7,2026-01-13,1,Hyderabad,Tablet,Debit Card,False,Delayed
U375185,P51820,Sports,Cycling,Apple,2804.45,27.36,2037.01,4.3,29,230,S6867,4.5,2024-06-05,3,Chennai,Tablet,Cash on Delivery,False,In Transit
U672435,P34941,Beauty,Makeup,Puma,2668.1,7.02,2480.89,4.3,7,116,S3794,3.6,2025-10-21,3,Bangalore,Mobile App,Debit Card,False,In Transit
U586144,P70868,Beauty,Makeup,LG,3858.4,46.47,2065.43,4.1,15,231,S3501,4.4,2025-01-23,3,Hyderabad,Mobile App,Cash on Delivery,False,In Transit
U762902,P29580,Electronics,Laptop,LG,31566.55,28.79,22478.6,2.9,28,204,S6991,4.3,2024-09-15,6,Hyderabad,Mobile App,Cash on Delivery,False,Delayed
U327534,P22431,Clothing,Men,HP,896.81,67.36,292.71,3.7,28,8,S7410,2.8,2025-02-22,3,Mumbai,Web,Credit Card,False,In Transit
U511284,P30750,Home,Furniture,Samsung,16366.1,7.47,15143.04,4.0,39,155,S5549,3.3,2024-09-28,1,Hyderabad,Mobile App,Credit Card,False,In Transit
U556243,P30948,Sports,Cycling,Puma,2441.16,41.89,1418.6,4.1,1,249,S1979,4.5,2025-06-27,6,Hyderabad,Web,UPI,False,Delivered
U403375,P28543,Home,Decor,Puma,19324.73,21.73,15125.26,4.6,134,120,S9499,3.5,2025-12-13,3,Chennai,Web,Credit Card,False,In Transit
U455027,P92635,Beauty,Skincare,Sony,3852.62,8.05,3542.66,4.3,14,159,S8028,4.8,2025-10-08,1,Mumbai,Tablet,UPI,False,Delayed
U859962,P58936,Clothing,Kids,Sony,1931.14,12.98,1680.52,2.2,8,413,S3099,4.9,2024-12-24,1,Bangalore,Web,Cash on Delivery,True,Returned
U537256,P42258,Electronics,Mobile,Puma,13305.25,17.84,10932.25,3.3,16,107,S6344,3.6,2024-08-05,1,Bangalore,Tablet,Credit Card,False,In Transit
U705258,P53392,Beauty,Makeup,Lenovo,3674.38,38.23,2269.49,2.5,5,357,S4184,2.7,2025-01-05,3,Bangalore,Mobile App,Debit Card,False,Delayed
U738988,P41066,Sports,Fitness,H&M,11251.05,36.35,7161.6,4.1,5,416,S5081,3.5,2025-04-03,4,Chennai,Web,Cash on Delivery,False,Delivered
U886633,P29445,Home,Decor,Apple,17649.81,46.88,9375.0,3.4,27,319,S6269,3.8,2025-04-13,6,Hyderabad,Mobile App,Cash on Delivery,False,In Transit
U571319,P61062,Sports,Cycling,Sony,14812.78,18.3,12101.96,3.8,37,398,S4165,3.2,2025-10-17,1,Delhi,Web,Credit Card,False,In Transit
U763821,P10400,Electronics,Camera,Adidas,78368.64,28.64,55924.98,5.0,61,167,S6835,4.0,2025-10-03,1,Mumbai,Tablet,Cash on Delivery,False,Delayed
U429429,P89268,Clothing,Women,LG,2672.76,22.11,2081.7,3.5,65,452,S9786,4.6,2025-07-15,3,Hyderabad,Mobile App,Credit Card,True,Returned
U869046,P17938,Sports,Cycling,Apple,14048.43,11.65,12412.1,4.2,31,376,S4193,4.7,2024-11-16,4,Bangalore,Tablet,Debit Card,False,Delivered
U412661,P44208,Beauty,Makeup,H&M,594.91,44.11,332.48,3.4,38,104,S3360,4.9,2025-11-18,2,Delhi,Web,UPI,False,Delivered
U913482,P29348,Beauty,Skincare,LG,4523.81,16.94,3757.56,2.7,14,228,S7259,4.2,2026-02-14,5,Hyderabad,Tablet,Credit Card,False,Delayed
U578091,P46169,Beauty,Makeup,Apple,2061.36,21.76,1612.82,3.3,24,101,S8427,5.0,2025-01-09,5,Bangalore,Web,Credit Card,False,Delayed
U154970,P52799,Clothing,Women,Samsung,2685.93,22.03,2094.19,4.0,123,282,S8816,4.1,2025-05-28,4,Delhi,Web,Credit Card,False,In Transit
U777724,P52452,Beauty,Haircare,Samsung,965.41,8.83,880.12,3.8,10,202,S3916,4.5,2025-11-29,2,Hyderabad,Web,UPI,False,Delayed
U141294,P77070,Home,Kitchen,HP,16668.96,33.8,11034.86,4.2,1,28,S3160,4.5,2024-09-10,2,Chennai,Web,UPI,False,Delivered
U271318,P40803,Clothing,Men,Apple,4046.16,18.92,3280.72,3.7,10,47,S6903,3.3,2025-06-14,6,Chennai,Web,Debit Card,False,Delivered
U520017,P81448,Beauty,Makeup,Apple,1769.4,34.71,1155.32,4.1,26,31,S9596,3.3,2025-07-11,6,Hyderabad,Web,Cash on Delivery,True,Returned
U570284,P30848,Clothing,Kids,Apple,3712.51,50.25,1846.92,4.2,36,59,S5272,4.1,2024-10-04,4,Mumbai,Mobile App,Credit Card,False,Delivered
U601946,P15556,Sports,Fitness,Samsung,2549.68,7.99,2345.95,4.7,10,21,S4588,4.8,2024-11-03,5,Mumbai,Mobile App,Credit Card,False,Delivered
U892684,P93142,Sports,Outdoor,LG,13218.8,9.84,11917.93,3.6,14,343,S7484,3.9,2024-06-19,1,Hyderabad,Mobile App,Debit Card,False,In Transit
U142079,P36230,Electronics,Camera,Lenovo,37928.24,39.08,23106.76,5.0,12,301,S1589,4.9,2025-12-26,4,Delhi,Mobile App,Credit Card,False,Delayed
U709834,P58249,Beauty,Skincare,LG,3362.66,13.66,2903.21,3.6,60,260,S3689,4.5,2024-12-29,2,Delhi,Web,Credit Card,False,Delivered
U395087,P44818,Sports,Fitness,Zara,10484.69,19.68,8421.65,3.6,23,284,S7132,2.9,2025-04-26,4,Chennai,Tablet,Cash on Delivery,False,Delivered
U305282,P52868,Clothing,Kids,Sony,2226.77,50.81,1095.33,3.3,13,459,S5265,3.0,2026-03-16,4,Bangalore,Web,UPI,False,Delayed
U732677,P95381,Home,Kitchen,Samsung,7063.65,18.49,5757.84,3.7,15,343,S9385,3.6,2025-02-15,4,Hyderabad,Web,Credit Card,False,Delivered
U878896,P36946,Electronics,Mobile,Boat,19069.83,16.71,15882.41,4.3,18,102,S5892,3.2,2024-06-10,1,Delhi,Tablet,Credit Card,False,Delayed
U779299,P92066,Home,Kitchen,Puma,10108.82,30.2,7056.36,3.9,22,117,S5134,3.1,2025-02-02,4,Delhi,Mobile App,UPI,False,In Transit
U316376,P75482,Electronics,Laptop,Nike,47094.04,11.03,41897.8,5.0,21,484,S7366,4.2,2025-02-19,3,Bangalore,Tablet,Debit Card,False,In Transit
U603500,P83509,Beauty,Haircare,Nike,3653.49,16.88,3036.6,3.8,8,305,S5675,3.5,2025-03-10,6,Hyderabad,Tablet,Credit Card,True,Returned
U749358,P16557,Electronics,Mobile,Samsung,66562.38,9.65,60140.52,4.5,2,438,S1183,4.2,2024-10-23,5,Delhi,Web,UPI,True,Returned
U267234,P22744,Home,Kitchen,Boat,11479.12,20.87,9083.69,3.8,17,27,S7030,4.3,2024-08-16,2,Chennai,Mobile App,Credit Card,False,In Transit
U785376,P12935,Home,Furniture,Sony,7904.28,14.61,6749.84,3.5,32,152,S1573,3.1,2025-05-03,6,Hyderabad,Mobile App,Debit Card,False,Delivered
U767638,P99368,Home,Kitchen,Adidas,15005.36,8.84,13679.51,4.5,5,405,S1497,4.4,2025-12-11,3,Delhi,Web,Credit Card,False,Delivered
U577358,P85992,Electronics,Mobile,H&M,35635.89,8.88,32470.49,4.6,56,355,S5475,3.8,2024-07-31,1,Mumbai,Web,UPI,False,Delayed
U325942,P18540,Sports,Outdoor,Apple,4363.77,17.04,3620.0,4.0,29,203,S7183,4.2,2025-11-03,4,Mumbai,Mobile App,UPI,False,In Transit
U113913,P85597,Beauty,Makeup,Boat,1814.43,35.18,1176.09,4.3,19,459,S1721,2.9,2025-01-26,4,Mumbai,Tablet,UPI,False,In Transit
U940896,P45033,Home,Decor,Puma,7345.12,36.96,4630.53,4.1,23,12,S5455,4.8,2026-03-22,1,Mumbai,Mobile App,Credit Card,False,Delayed
U690570,P67061,Beauty,Skincare,Zara,255.3,9.48,231.11,4.2,135,286,S9004,3.8,2024-11-29,1,Delhi,Mobile App,UPI,False,In Transit
U578420,P71928,Home,Furniture,HP,14912.13,15.08,12664.0,3.4,17,278,S3685,3.3,2024-06-26,3,Bangalore,Web,Debit Card,False,Delayed
U870907,P93796,Sports,Cycling,Nike,2871.7,7.86,2646.07,3.9,61,177,S7668,3.4,2024-04-18,3,Bangalore,Mobile App,Cash on Delivery,False,In Transit
U953779,P98166,Beauty,Makeup,Sony,601.41,24.99,451.15,4.1,9,384,S9102,4.0,2025-03-16,1,Mumbai,Tablet,Cash on Delivery,True,Returned
U365499,P28040,Home,Kitchen,Apple,8488.15,21.87,6631.57,4.3,47,170,S6876,3.6,2025-10-04,1,Chennai,Tablet,Cash on Delivery,False,In Transit
U460137,P76368,Sports,Cycling,Nike,4009.58,37.3,2514.16,3.6,8,470,S3376,4.7,2024-07-10,4,Delhi,Tablet,Debit Card,False,Delayed
U964745,P61950,Clothing,Kids,Nike,626.08,14.77,533.62,3.9,24,41,S7864,3.7,2024-04-12,4,Mumbai,Mobile App,UPI,False,Delayed
U796922,P31587,Electronics,Mobile,Sony,14611.62,33.36,9736.55,3.5,23,378,S4715,4.4,2024-11-11,1,Chennai,Tablet,Debit Card,False,In Transit
U675092,P61768,Electronics,Headphones,H&M,74724.89,39.07,45528.82,5.0,4,267,S7435,3.5,2025-04-23,4,Bangalore,Mobile App,Debit Card,False,Delayed
U771580,P94397,Beauty,Haircare,Apple,2779.26,13.32,2409.05,4.3,9,232,S3551,5.0,2025-11-22,5,Mumbai,Tablet,Credit Card,False,Delayed
U175714,P50180,Electronics,Mobile,Puma,54964.63,18.98,44534.22,4.4,21,123,S7653,4.4,2026-03-05,2,Mumbai,Web,Credit Card,False,Delayed
U132608,P48769,Electronics,Laptop,Samsung,69477.79,28.5,49676.08,4.5,4,61,S4392,4.5,2025-07-24,5,Delhi,Mobile App,UPI,False,Delivered
U474880,P96715,Home,Kitchen,Apple,9280.74,38.42,5715.39,3.8,65,206,S1173,3.3,2024-04-18,3,Hyderabad,Tablet,Debit Card,False,In Transit
U549339,P91167,Beauty,Makeup,Adidas,2691.18,6.99,2502.93,3.7,4,301,S8838,3.0,2024-11-30,3,Bangalore,Tablet,UPI,False,Delayed
U468571,P14068,Beauty,Skincare,Puma,1552.07,45.63,843.87,4.0,4,130,S8759,4.2,2025-03-08,1,Bangalore,Web,UPI,False,In Transit
U128655,P59803,Sports,Cycling,LG,13288.46,43.34,7528.82,2.3,166,19,S8986,3.9,2024-04-23,3,Hyderabad,Mobile App,Cash on Delivery,False,In Transit
U859461,P92745,Sports,Fitness,Apple,11023.66,38.32,6799.01,3.9,98,472,S2540,3.4,2025-05-12,2,Mumbai,Web,Cash on Delivery,False,Delayed
U136010,P52319,Home,Furniture,HP,10969.86,31.71,7491.26,5.0,21,158,S8392,3.3,2026-01-21,5,Hyderabad,Mobile App,Cash on Delivery,False,Delivered
U630888,P68252,Electronics,Laptop,HP,29006.98,11.52,25665.16,4.6,68,35,S9225,3.7,2025-06-12,3,Delhi,Mobile App,Cash on Delivery,True,Returned
U940231,P80210,Home,Decor,HP,14986.77,9.03,13633.12,4.3,10,334,S1798,3.3,2024-10-11,4,Hyderabad,Web,UPI,False,Delayed
U407641,P31331,Sports,Outdoor,Nike,9674.37,42.53,5559.83,4.3,21,20,S5756,3.2,2025-08-28,2,Hyderabad,Tablet,Debit Card,False,In Transit
U605566,P73733,Electronics,Laptop,Apple,24173.28,24.01,18369.19,4.6,6,127,S1093,3.7,2024-08-14,5,Mumbai,Web,Credit Card,False,In Transit
U456589,P99526,Electronics,Headphones,Nike,17148.15,8.52,15687.98,3.7,48,298,S9083,3.2,2025-08-24,5,Mumbai,Mobile App,Cash on Delivery,False,Delayed
U238410,P89325,Electronics,Mobile,Nike,46311.22,34.77,30208.34,4.2,82,288,S1387,4.8,2026-02-15,1,Mumbai,Web,Cash on Delivery,False,In Transit
U827514,P58272,Beauty,Skincare,H&M,4112.99,14.29,3525.31,4.3,50,325,S9904,4.1,2024-12-11,3,Chennai,Mobile App,Cash on Delivery,False,In Transit
U836150,P65345,Electronics,Headphones,Boat,67937.96,38.02,42109.11,4.8,1,34,S2067,3.3,2025-10-01,3,Chennai,Mobile App,Debit Card,False,Delayed
U355047,P28025,Home,Kitchen,Boat,15760.38,18.68,12815.81,3.3,50,61,S1395,4.9,2024-09-21,3,Chennai,Mobile App,UPI,False,Delayed
U791915,P81554,Clothing,Kids,Adidas,3576.81,47.08,1892.74,4.0,11,191,S5309,4.4,2026-01-29,5,Hyderabad,Web,UPI,False,Delayed
U686852,P15210,Clothing,Kids,Boat,629.47,56.03,276.78,3.0,27,118,S4316,4.6,2025-12-01,1,Delhi,Mobile App,Debit Card,False,Delivered
U634979,P11594,Beauty,Skincare,LG,2050.7,41.75,1194.52,3.8,33,57,S9594,2.6,2025-04-18,1,Delhi,Tablet,Debit Card,True,Returned
U950879,P27964,Sports,Cycling,Samsung,2655.24,20.88,2100.75,4.4,9,163,S4992,4.4,2024-04-06,6,Bangalore,Web,Credit Card,False,Delivered
U203858,P32599,Beauty,Makeup,Puma,976.69,16.02,820.26,3.3,162,198,S9870,4.7,2024-06-07,1,Mumbai,Mobile App,Credit Card,False,Delayed
U600892,P77290,Clothing,Kids,Nike,1747.51,29.73,1227.95,4.1,10,37,S3698,3.2,2024-06-02,3,Delhi,Mobile App,Cash on Delivery,False,Delayed
U162571,P66606,Home,Furniture,Sony,5130.92,31.4,3519.58,3.6,4,21,S6250,4.9,2025-11-17,6,Hyderabad,Web,UPI,False,Delivered
U977000,P39454,Home,Kitchen,Puma,1812.32,40.75,1073.75,3.7,70,383,S3086,4.6,2025-12-31,5,Chennai,Web,Cash on Delivery,False,Delayed
U401599,P75160,Clothing,Men,HP,1366.16,49.05,696.05,3.8,25,395,S2229,2.7,2024-12-02,2,Chennai,Web,UPI,False,In Transit
U910463,P94069,Electronics,Mobile,H&M,45718.55,11.68,40378.75,3.8,7,20,S7054,3.6,2025-11-29,2,Mumbai,Web,Cash on Delivery,False,In Transit
U976949,P80161,Beauty,Haircare,LG,4931.91,7.53,4560.74,4.1,64,309,S6359,4.7,2024-11-18,5,Bangalore,Web,Cash on Delivery,False,Delayed
U829022,P83424,Beauty,Makeup,H&M,973.39,46.65,519.26,2.3,28,472,S3248,4.0,2026-02-26,4,Chennai,Web,Debit Card,False,Delivered
U746307,P92754,Beauty,Makeup,Lenovo,3284.67,29.09,2329.06,4.1,14,32,S5122,3.1,2026-02-03,4,Chennai,Tablet,Debit Card,False,In Transit
U428258,P52488,Home,Decor,Lenovo,3880.57,7.99,3570.63,3.6,6,464,S4922,4.4,2024-12-15,1,Mumbai,Tablet,Credit Card,False,In Transit
U808942,P63941,Home,Furniture,LG,14027.86,11.25,12449.27,2.9,8,142,S5323,4.3,2024-07-09,3,Chennai,Tablet,Cash on Delivery,True,Returned
U299193,P99912,Clothing,Kids,Nike,4765.33,67.98,1525.92,3.4,58,185,S9892,4.5,2025-06-20,2,Bangalore,Tablet,Debit Card,False,Delivered
U222904,P48202,Beauty,Haircare,Lenovo,1864.68,9.05,1695.84,3.6,15,326,S5047,3.0,2024-04-20,5,Mumbai,Mobile App,Debit Card,False,Delivered
U607870,P45486,Beauty,Makeup,Adidas,683.09,23.47,522.8,5.0,30,477,S8521,4.1,2025-12-20,6,Hyderabad,Tablet,Debit Card,False,Delivered
U230473,P59356,Home,Decor,Apple,10062.39,46.48,5384.99,3.7,19,416,S7440,3.0,2025-06-09,3,Bangalore,Mobile App,UPI,False,Delivered
U711931,P46318,Home,Kitchen,Puma,9184.82,38.18,5678.41,4.1,133,261,S7889,4.5,2026-03-21,3,Chennai,Mobile App,Debit Card,False,Delivered
U213329,P72438,Beauty,Haircare,Puma,526.4,7.1,489.03,3.4,5,223,S7338,2.8,2024-04-13,2,Chennai,Web,UPI,False,Delivered
U143027,P19211,Clothing,Men,LG,2999.26,27.79,2165.86,4.0,24,142,S2760,2.6,2024-08-30,5,Delhi,Tablet,Debit Card,False,Delivered
U792371,P84261,Electronics,Camera,Adidas,38562.55,20.26,30750.66,4.5,103,30,S1161,2.8,2025-08-21,1,Delhi,Mobile App,Debit Card,False,Delayed
U341684,P38893,Home,Kitchen,Boat,5920.93,41.64,3455.44,4.4,14,316,S5370,4.3,2025-08-31,2,Mumbai,Tablet,Debit Card,False,Delivered
U432102,P38819,Clothing,Men,Lenovo,1915.45,65.13,668.01,3.7,22,87,S7279,3.1,2026-03-07,3,Chennai,Mobile App,UPI,False,Delivered
U200331,P42269,Electronics,Headphones,Puma,24242.2,23.3,18592.94,3.4,6,432,S7658,4.1,2025-08-24,4,Delhi,Mobile App,Credit Card,False,In Transit
U393046,P24075,Sports,Fitness,Nike,6149.13,5.68,5799.87,3.9,51,1,S4912,4.7,2026-01-28,4,Mumbai,Tablet,Debit Card,False,In Transit
U323753,P40432,Sports,Cycling,Boat,8514.9,39.93,5114.56,3.3,6,51,S2343,4.3,2025-03-15,3,Hyderabad,Web,Cash on Delivery,False,In Transit
U887159,P59828,Clothing,Kids,Boat,848.4,23.8,646.44,3.3,16,11,S9868,2.8,2025-04-03,5,Chennai,Web,Credit Card,False,Delayed
U437725,P12715,Beauty,Makeup,Lenovo,2639.61,16.84,2195.04,4.0,23,255,S9315,4.1,2026-01-29,3,Bangalore,Tablet,Cash on Delivery,False,In Transit
U837627,P20139,Sports,Fitness,LG,3755.17,47.67,1965.0,4.2,12,307,S7187,4.9,2024-08-23,4,Mumbai,Mobile App,Cash on Delivery,False,Delivered
U387458,P42606,Clothing,Women,LG,4782.95,52.3,2281.39,4.7,31,366,S5762,4.8,2024-11-02,3,Hyderabad,Mobile App,Cash on Delivery,False,Delayed
U355928,P94603,Beauty,Skincare,Zara,2350.12,13.47,2033.5,3.3,16,357,S2059,2.7,2025-12-25,2,Chennai,Web,UPI,False,In Transit
U121489,P74350,Sports,Outdoor,LG,6854.03,37.45,4286.86,3.4,31,223,S8296,4.6,2024-05-18,3,Hyderabad,Web,UPI,False,In Transit
U484402,P44060,Home,Kitchen,Adidas,3011.7,38.79,1843.48,3.6,12,245,S3590,3.3,2025-07-27,5,Bangalore,Mobile App,Credit Card,False,Delayed
U986993,P14757,Sports,Cycling,Lenovo,11681.63,24.46,8824.86,3.9,44,195,S6973,3.4,2024-12-21,5,Mumbai,Mobile App,Credit Card,False,Delivered
U152497,P42819,Clothing,Men,HP,4916.98,42.36,2834.03,3.1,5,40,S9605,4.4,2024-08-11,2,Chennai,Web,Cash on Delivery,False,Delivered
U295056,P40027,Home,Furniture,Boat,2463.43,35.52,1588.34,4.1,43,209,S6105,3.6,2024-08-02,1,Bangalore,Mobile App,UPI,False,Delivered
U402244,P81819,Electronics,Mobile,HP,78746.05,26.92,57545.41,5.0,4,240,S7934,3.2,2025-02-22,2,Mumbai,Mobile App,Credit Card,False,Delivered
U170655,P23305,Clothing,Kids,H&M,2989.57,10.63,2671.84,3.8,29,137,S3928,4.8,2024-11-21,4,Delhi,Tablet,UPI,False,In Transit
U260137,P79947,Sports,Outdoor,H&M,14398.52,16.98,11954.12,3.5,10,477,S4060,4.2,2025-01-19,2,Mumbai,Mobile App,UPI,False,In Transit
U625245,P76127,Clothing,Women,Lenovo,3179.11,24.92,2386.87,4.1,60,458,S1931,4.3,2026-03-29,1,Delhi,Web,Credit Card,False,Delivered
U353677,P89818,Electronics,Camera,Nike,72649.11,23.28,55737.48,4.6,16,427,S7016,3.5,2025-12-15,2,Mumbai,Tablet,Debit Card,False,In Transit
U848085,P42534,Clothing,Women,Nike,3237.81,51.24,1578.6,4.5,1,82,S1692,4.6,2025-07-26,2,Delhi,Mobile App,Cash on Delivery,False,Delivered
U937642,P74219,Electronics,Headphones,Puma,53469.57,21.16,42153.01,5.0,30,346,S7471,2.6,2025-03-17,5,Chennai,Tablet,Cash on Delivery,False,Delayed
U924584,P89366,Beauty,Haircare,Lenovo,4930.28,47.77,2575.22,3.2,41,295,S7638,3.3,2024-04-14,3,Bangalore,Web,Cash on Delivery,False,Delivered
U316943,P19622,Sports,Outdoor,Nike,1078.17,21.39,847.5,4.0,36,307,S7021,3.8,2024-05-14,3,Delhi,Web,UPI,False,Delayed
U491772,P13129,Beauty,Makeup,Boat,1936.53,19.94,1550.4,4.7,32,161,S8982,4.8,2024-07-23,4,Bangalore,Mobile App,UPI,False,Delivered
U719110,P28329,Beauty,Haircare,Nike,2777.96,49.76,1395.66,4.5,32,332,S5947,3.7,2024-07-08,6,Hyderabad,Web,Credit Card,False,Delivered
U610421,P62329,Electronics,Laptop,Puma,16015.59,9.38,14513.48,3.8,15,238,S8621,3.4,2024-04-16,4,Bangalore,Web,Credit Card,True,Returned
U357284,P29075,Beauty,Skincare,Boat,1118.29,17.89,918.18,4.1,12,459,S2659,3.9,2024-10-18,5,Delhi,Web,Debit Card,False,Delivered
U181918,P88412,Home,Kitchen,Boat,8913.32,33.6,5918.06,4.4,42,150,S6812,4.8,2025-01-09,4,Hyderabad,Tablet,Cash on Delivery,False,Delivered
U302877,P50677,Beauty,Skincare,LG,1943.25,27.48,1409.3,3.6,25,472,S9302,3.3,2024-09-03,1,Bangalore,Mobile App,UPI,False,Delivered
U382705,P17849,Clothing,Kids,H&M,3930.89,54.13,1803.2,2.9,33,12,S9347,2.9,2025-05-01,2,Chennai,Mobile App,Debit Card,False,Delivered
U582650,P55472,Beauty,Makeup,LG,4891.79,31.12,3369.23,4.0,62,318,S6350,2.6,2025-01-18,6,Chennai,Web,Debit Card,False,Delivered
U895337,P73899,Sports,Cycling,Apple,1596.22,17.89,1310.69,4.2,24,221,S9420,3.8,2024-12-17,1,Hyderabad,Mobile App,UPI,False,Delivered
U866980,P93257,Beauty,Makeup,Zara,4260.6,41.06,2511.24,3.5,35,136,S3358,3.2,2025-03-01,2,Hyderabad,Mobile App,Credit Card,False,Delivered
U330935,P15490,Sports,Outdoor,Sony,3143.24,39.46,1902.77,3.5,7,22,S5962,3.3,2024-07-07,1,Hyderabad,Mobile App,Credit Card,False,Delivered
U938306,P29876,Beauty,Haircare,Adidas,3706.09,20.29,2954.29,4.1,17,218,S9962,4.5,2024-07-24,1,Hyderabad,Tablet,Debit Card,False,Delivered
U378404,P73263,Electronics,Mobile,Nike,21592.18,22.9,16648.12,3.4,12,402,S2082,4.3,2025-02-26,4,Delhi,Mobile App,Cash on Delivery,False,Delivered
U951118,P54923,Beauty,Skincare,Apple,2819.09,44.72,1558.3,4.0,1,315,S7096,4.7,2024-11-17,2,Hyderabad,Web,Debit Card,False,Delayed
U762201,P97155,Sports,Cycling,H&M,8805.13,6.27,8253.01,4.0,10,167,S9629,4.3,2025-12-04,4,Bangalore,Mobile App,Debit Card,False,Delayed
U606877,P45676,Clothing,Men,Samsung,3067.57,18.81,2490.63,3.9,3,168,S9336,2.9,2025-08-23,6,Hyderabad,Web,Cash on Delivery,False,Delayed
U940615,P43769,Beauty,Skincare,HP,578.51,46.01,312.31,5.0,8,54,S3424,2.8,2024-04-24,3,Bangalore,Tablet,Credit Card,False,Delivered
U831257,P81068,Clothing,Women,Nike,2556.61,50.19,1273.5,3.5,2,258,S6947,3.4,2026-02-04,2,Delhi,Web,Cash on Delivery,False,In Transit
U354273,P31292,Sports,Outdoor,Sony,13940.2,27.67,10082.73,3.3,97,319,S8883,4.8,2025-02-15,3,Delhi,Tablet,UPI,False,In Transit
U261528,P64293,Electronics,Camera,Boat,44133.86,20.4,35130.04,4.8,2,242,S1501,4.9,2025-10-24,4,Hyderabad,Web,Debit Card,False,Delivered
U515597,P87125,Home,Furniture,Puma,14789.61,32.78,9942.3,4.5,20,109,S7640,3.5,2026-02-17,1,Hyderabad,Web,Credit Card,False,In Transit
U266924,P88378,Clothing,Kids,Nike,2324.08,30.45,1616.32,3.6,16,167,S7174,3.2,2024-10-14,2,Bangalore,Mobile App,UPI,True,Returned
U257334,P80827,Electronics,Mobile,H&M,69999.27,13.13,60807.43,4.5,5,219,S9071,3.6,2024-12-19,2,Delhi,Mobile App,Credit Card,False,Delivered
U239967,P48197,Electronics,Camera,Nike,47051.38,23.54,35973.32,4.4,6,431,S7009,3.4,2025-12-24,3,Delhi,Tablet,Debit Card,False,Delayed
U424814,P53272,Sports,Fitness,Samsung,5624.51,36.97,3545.08,3.5,14,51,S1638,5.0,2026-01-01,5,Mumbai,Tablet,UPI,False,Delivered
U509850,P74272,Sports,Fitness,Adidas,640.25,14.91,544.78,4.2,27,55,S5379,4.2,2024-09-30,5,Mumbai,Tablet,Debit Card,False,Delayed
U245349,P18512,Sports,Fitness,HP,11538.35,39.77,6949.73,4.6,49,236,S5259,4.4,2026-01-28,6,Bangalore,Mobile App,UPI,False,In Transit
U133589,P61562,Sports,Fitness,H&M,2018.0,13.69,1741.8,3.2,127,436,S6548,4.3,2024-12-15,4,Bangalore,Tablet,Credit Card,False,Delayed
U421282,P48489,Beauty,Makeup,LG,3327.1,24.83,2501.0,3.8,34,334,S7571,2.9,2025-07-02,1,Chennai,Web,Credit Card,False,In Transit
U255945,P30344,Home,Furniture,Adidas,17947.43,8.72,16381.76,3.7,255,18,S2301,3.2,2026-02-19,5,Hyderabad,Mobile App,UPI,False,Delivered
U857878,P19626,Electronics,Camera,Nike,56260.44,6.77,52452.23,4.3,15,144,S6451,4.6,2025-08-29,5,Mumbai,Tablet,Debit Card,False,Delayed
U529790,P26071,Clothing,Kids,Puma,3073.96,19.85,2463.68,3.7,12,476,S5956,3.9,2025-07-03,5,Hyderabad,Tablet,Credit Card,False,In Transit
U300790,P55231,Electronics,Headphones,Nike,16663.74,28.22,11960.82,3.1,20,33,S1801,3.5,2025-03-25,1,Hyderabad,Mobile App,Debit Card,False,In Transit
U921794,P52412,Clothing,Women,Puma,3192.14,32.25,2162.67,3.5,34,230,S3177,3.5,2025-12-18,2,Hyderabad,Web,Cash on Delivery,False,Delayed
U107800,P31519,Home,Decor,H&M,9683.29,28.06,6965.82,3.4,179,488,S5105,4.2,2025-09-28,4,Mumbai,Web,UPI,False,In Transit
U351682,P77211,Home,Furniture,Samsung,2903.25,23.31,2226.39,3.2,29,309,S9115,4.7,2026-01-25,5,Mumbai,Web,Credit Card,False,Delayed
U762215,P57281,Clothing,Women,Samsung,1873.53,44.36,1042.49,3.7,47,364,S6619,2.9,2025-09-01,3,Delhi,Tablet,Debit Card,False,In Transit
U311511,P37664,Electronics,Mobile,Puma,27286.2,28.96,19383.16,4.6,17,75,S6447,4.6,2026-03-28,5,Chennai,Tablet,Debit Card,False,Delayed
U741963,P35776,Beauty,Haircare,HP,2549.44,31.56,1744.94,4.0,4,222,S1645,4.7,2024-09-05,6,Chennai,Web,Debit Card,False,Delayed
U118785,P63390,Beauty,Skincare,Sony,1174.04,36.32,747.68,3.6,20,301,S2028,2.9,2024-12-19,1,Bangalore,Web,Cash on Delivery,False,In Transit
U975353,P87449,Sports,Cycling,Adidas,928.52,20.52,737.97,4.0,61,114,S8360,2.7,2024-09-19,4,Bangalore,Web,Debit Card,True,Returned
U366487,P61748,Electronics,Laptop,Zara,8205.85,29.05,5822.21,4.2,4,135,S1070,3.3,2026-01-11,6,Chennai,Tablet,Credit Card,False,Delivered
U102359,P66362,Clothing,Women,Adidas,2929.91,59.75,1179.18,4.6,87,24,S2246,3.7,2025-10-30,4,Hyderabad,Web,Cash on Delivery,False,Delivered
U906250,P88675,Sports,Cycling,Zara,12454.89,46.23,6696.85,4.0,4,339,S1838,3.5,2026-03-08,5,Bangalore,Web,Credit Card,False,Delayed
U507923,P83499,Sports,Outdoor,Apple,4004.36,25.87,2968.61,4.2,46,371,S6383,3.6,2024-09-05,1,Mumbai,Mobile App,Credit Card,False,Delivered
U603174,P12711,Beauty,Skincare,LG,3521.13,21.99,2746.72,2.9,5,50,S3127,4.7,2025-08-30,3,Mumbai,Tablet,Debit Card,False,Delivered
U269724,P65895,Home,Decor,Sony,14473.6,48.36,7474.2,4.1,21,104,S3685,3.3,2024-11-01,6,Hyderabad,Web,UPI,False,In Transit
U770063,P18990,Home,Decor,H&M,9096.78,18.31,7431.12,3.5,2,39,S3548,3.1,2025-11-21,6,Chennai,Mobile App,UPI,False,Delivered
U902056,P69151,Electronics,Headphones,Nike,9211.28,10.84,8213.0,3.7,36,172,S2989,3.3,2024-11-06,1,Delhi,Tablet,Cash on Delivery,False,Delayed
U391819,P20914,Electronics,Camera,Zara,51701.59,24.34,39114.99,3.5,122,182,S2507,3.6,2024-11-13,4,Chennai,Web,Credit Card,False,In Transit
U750475,P21327,Clothing,Kids,Sony,1253.89,47.94,652.77,3.4,56,32,S3658,3.4,2025-03-16,2,Delhi,Mobile App,Debit Card,False,Delivered
U601943,P92781,Sports,Cycling,Lenovo,4090.93,39.71,2466.34,3.8,20,179,S1488,5.0,2026-02-03,1,Mumbai,Web,Cash on Delivery,True,Returned
U322675,P31957,Beauty,Skincare,Lenovo,1396.73,10.67,1247.76,3.6,36,97,S8920,3.7,2024-06-28,6,Hyderabad,Tablet,UPI,False,Delayed
U908283,P70011,Clothing,Kids,Puma,4722.9,25.67,3510.34,4.1,16,198,S6279,4.6,2025-08-27,5,Chennai,Tablet,Debit Card,False,Delivered
U103902,P84834,Electronics,Mobile,Puma,59078.77,15.18,50109.65,5.0,5,181,S1280,3.7,2025-06-01,2,Mumbai,Tablet,Debit Card,False,Delayed
U430479,P70749,Home,Kitchen,H&M,5125.51,47.7,2680.62,4.5,9,43,S3196,2.7,2025-06-25,1,Delhi,Mobile App,UPI,False,Delayed
U678399,P54656,Clothing,Women,Puma,1729.94,67.29,565.95,4.3,50,61,S1532,4.8,2025-08-07,2,Chennai,Tablet,Debit Card,False,Delivered
U140830,P23968,Home,Decor,Boat,14359.04,42.84,8207.98,3.2,2,28,S5918,3.6,2024-10-03,5,Bangalore,Tablet,Credit Card,False,Delayed
U456454,P64005,Home,Kitchen,Nike,3639.62,7.83,3354.49,3.5,34,38,S9699,4.6,2025-03-16,2,Bangalore,Web,UPI,False,In Transit
U123836,P13427,Home,Decor,Sony,18126.46,6.94,16868.02,4.2,31,145,S6369,3.2,2024-09-21,4,Hyderabad,Mobile App,UPI,False,Delivered
U480142,P24860,Sports,Cycling,HP,2045.16,10.87,1822.83,2.9,10,48,S5328,3.0,2025-12-25,4,Delhi,Web,Debit Card,True,Returned
U710510,P20333,Electronics,Laptop,HP,29079.0,14.58,24840.13,4.1,8,118,S1804,2.9,2024-06-30,2,Mumbai,Web,Debit Card,False,Delayed
U705407,P81573,Sports,Fitness,H&M,6371.81,31.6,4358.5,3.7,50,152,S5874,3.2,2025-01-25,5,Chennai,Mobile App,Cash on Delivery,False,Delivered
U382117,P16822,Home,Kitchen,Apple,15014.61,37.21,9427.05,3.7,61,70,S2126,3.2,2025-11-12,2,Bangalore,Mobile App,UPI,False,Delivered
U525709,P81036,Beauty,Skincare,Puma,728.65,36.17,465.11,4.2,9,54,S5330,4.9,2024-09-09,2,Bangalore,Mobile App,Credit Card,False,Delivered
U834734,P23614,Home,Furniture,Nike,3432.47,44.47,1905.91,3.9,1,322,S1275,2.7,2025-05-08,5,Chennai,Web,Credit Card,False,Delayed
U350176,P63465,Clothing,Men,H&M,1763.69,17.96,1447.02,3.7,39,2,S9568,3.9,2025-05-03,4,Chennai,Web,Credit Card,False,In Transit
U321257,P90380,Sports,Fitness,Samsung,4030.84,9.05,3666.03,4.3,17,341,S7364,3.2,2024-11-02,4,Hyderabad,Mobile App,Debit Card,False,In Transit
U706424,P47704,Clothing,Women,HP,3509.22,30.55,2437.01,4.3,36,137,S5080,3.7,2025-09-26,1,Hyderabad,Tablet,UPI,True,Returned
U621852,P10190,Beauty,Makeup,Zara,1657.75,12.75,1446.36,3.4,36,500,S2877,2.8,2026-03-31,5,Chennai,Web,Credit Card,False,Delayed
U293313,P93993,Home,Decor,Nike,13117.83,15.22,11121.83,3.4,101,297,S2965,3.4,2025-04-30,3,Chennai,Tablet,Credit Card,False,Delivered
U866773,P19463,Electronics,Laptop,Adidas,72468.89,16.47,60534.77,3.9,6,350,S7467,2.8,2025-02-22,1,Delhi,Mobile App,Credit Card,False,In Transit
U852076,P24519,Electronics,Mobile,Zara,42429.26,22.85,32735.99,4.5,3,424,S1225,4.5,2025-12-26,1,Mumbai,Web,UPI,True,Returned
U254127,P94929,Home,Furniture,Puma,17998.94,38.84,11007.77,3.5,55,402,S3019,3.3,2024-11-01,1,Mumbai,Web,Debit Card,False,In Transit
U564950,P96916,Beauty,Haircare,Lenovo,3327.17,40.49,1980.07,4.2,27,103,S3390,4.8,2024-09-25,3,Bangalore,Mobile App,Cash on Delivery,False,In Transit
U613711,P74082,Clothing,Kids,Zara,2470.94,65.19,860.04,3.0,10,485,S5487,4.0,2025-03-20,4,Mumbai,Web,UPI,False,In Transit
U164387,P17810,Electronics,Camera,Puma,36498.93,22.27,28371.93,4.0,6,383,S8516,3.2,2024-09-27,4,Mumbai,Tablet,Debit Card,False,Delivered
U397214,P46612,Beauty,Skincare,Sony,1797.93,14.03,1545.67,4.3,2,90,S7982,4.3,2025-12-20,3,Mumbai,Mobile App,Cash on Delivery,False,Delayed
U775545,P39401,Electronics,Camera,LG,35716.9,38.15,22089.59,4.1,14,230,S4291,4.2,2026-01-25,2,Bangalore,Tablet,Debit Card,False,In Transit
U331279,P67426,Beauty,Makeup,Nike,4158.16,18.51,3388.56,4.0,11,463,S3187,4.0,2024-12-02,6,Hyderabad,Mobile App,Credit Card,False,Delayed
U634456,P94133,Beauty,Makeup,Adidas,1915.27,47.89,997.96,3.9,33,478,S3370,4.2,2025-04-06,4,Chennai,Mobile App,Debit Card,False,Delayed
U385015,P96283,Home,Decor,Sony,13698.9,42.43,7885.89,3.7,16,264,S6082,4.9,2026-03-29,1,Delhi,Tablet,Cash on Delivery,False,Delivered
U364344,P42020,Electronics,Mobile,Adidas,78788.09,27.99,56733.82,4.0,36,387,S9682,4.7,2025-08-14,2,Bangalore,Mobile App,Cash on Delivery,False,Delayed
U905823,P82597,Electronics,Laptop,Samsung,10842.03,11.66,9578.02,5.0,8,214,S6591,4.8,2024-08-30,2,Bangalore,Mobile App,Cash on Delivery,False,Delivered
U855898,P65685,Clothing,Men,H&M,1767.78,43.28,1002.67,3.4,1,128,S5455,5.0,2025-05-24,5,Bangalore,Tablet,Credit Card,False,Delayed
U691419,P56777,Beauty,Haircare,HP,2044.97,44.18,1141.5,4.1,26,49,S7224,4.6,2024-10-01,4,Chennai,Web,Credit Card,False,Delivered
U594281,P41610,Home,Furniture,LG,3732.58,28.85,2655.57,3.8,12,272,S6462,4.5,2025-11-29,5,Bangalore,Web,Credit Card,False,In Transit
U208205,P84076,Sports,Fitness,H&M,1370.53,22.61,1060.64,3.2,19,458,S3244,3.1,2025-07-15,2,Delhi,Mobile App,Cash on Delivery,False,Delivered
U874494,P19516,Clothing,Women,Boat,2891.37,35.6,1861.92,4.5,13,52,S9987,3.6,2024-04-06,3,Chennai,Web,Credit Card,False,Delivered
U138394,P43614,Clothing,Men,LG,4893.22,59.04,2004.38,3.4,128,5,S7703,4.6,2024-05-31,3,Delhi,Mobile App,Debit Card,False,Delayed
U457369,P41025,Sports,Outdoor,Adidas,12945.87,21.74,10131.27,4.4,9,313,S2946,4.6,2024-05-16,3,Delhi,Mobile App,Debit Card,False,Delayed
U146316,P72391,Sports,Cycling,Zara,11797.49,32.25,7992.68,4.0,3,352,S5539,2.5,2026-02-07,2,Mumbai,Tablet,Credit Card,False,Delayed
U446810,P23119,Electronics,Camera,Adidas,73797.35,27.13,53776.31,4.8,13,45,S9252,3.8,2024-08-25,4,Hyderabad,Tablet,Credit Card,False,Delayed
U474236,P69291,Home,Furniture,Boat,10922.95,10.1,9820.26,3.1,62,284,S3691,3.1,2026-02-02,2,Bangalore,Mobile App,UPI,True,Returned
U301897,P32553,Sports,Fitness,Zara,2558.89,43.51,1445.47,4.0,9,421,S3571,3.1,2025-12-08,3,Bangalore,Mobile App,UPI,True,Returned
U239070,P48666,Clothing,Men,Adidas,3379.53,63.63,1229.29,3.6,4,235,S2003,4.2,2025-05-05,4,Mumbai,Tablet,Cash on Delivery,False,Delivered
U860997,P36760,Sports,Fitness,Samsung,13739.0,24.66,10350.3,3.4,7,187,S5908,3.2,2024-09-23,2,Delhi,Tablet,Cash on Delivery,False,Delivered
U107993,P32462,Electronics,Laptop,Puma,54114.18,12.54,47328.6,5.0,23,191,S1575,3.8,2025-01-09,2,Hyderabad,Tablet,Credit Card,False,Delayed
U322072,P19596,Beauty,Skincare,Apple,4467.07,17.49,3685.73,4.5,4,78,S7800,3.5,2024-04-11,1,Mumbai,Mobile App,Cash on Delivery,False,Delivered
U848392,P82744,Clothing,Women,H&M,1597.84,45.73,867.1,3.2,33,452,S9697,3.4,2025-08-29,3,Chennai,Tablet,Debit Card,False,In Transit
U326059,P68859,Clothing,Kids,Lenovo,2069.56,68.17,658.71,3.5,18,217,S3820,2.8,2024-06-08,2,Chennai,Tablet,Cash on Delivery,False,In Transit
U869040,P12625,Home,Kitchen,HP,6375.63,32.08,4330.24,4.5,17,100,S7648,3.0,2024-04-03,5,Mumbai,Web,Cash on Delivery,False,Delayed
U935297,P26617,Beauty,Skincare,HP,834.13,47.18,440.55,3.4,5,461,S1881,2.8,2024-04-25,5,Delhi,Mobile App,UPI,False,Delayed
U847056,P27723,Beauty,Makeup,Zara,2273.24,31.18,1564.53,3.6,45,27,S9486,3.3,2024-05-15,6,Chennai,Mobile App,Credit Card,False,Delivered
U670079,P19721,Clothing,Men,Lenovo,2125.12,44.49,1179.55,4.2,13,123,S9831,4.6,2024-04-09,6,Chennai,Tablet,UPI,False,In Transit
U373825,P53525,Sports,Cycling,Apple,11519.52,14.5,9849.29,4.0,5,281,S3231,4.3,2025-05-20,6,Bangalore,Mobile App,UPI,False,In Transit
U832719,P93394,Beauty,Skincare,Nike,3117.55,33.08,2086.24,4.1,10,45,S9486,3.6,2024-09-05,5,Mumbai,Mobile App,Cash on Delivery,False,Delivered
U184050,P52184,Beauty,Haircare,Zara,1127.15,29.83,790.92,4.7,6,235,S3697,2.5,2025-06-28,6,Chennai,Tablet,Debit Card,True,Returned
U917939,P13581,Home,Furniture,Samsung,9902.67,32.43,6691.47,4.3,11,396,S1396,3.8,2026-03-28,1,Delhi,Tablet,UPI,False,Delivered
U185000,P20830,Home,Furniture,H&M,15714.9,16.77,13078.85,4.2,14,352,S4119,4.6,2026-03-20,2,Chennai,Web,UPI,False,In Transit
U925717,P92686,Sports,Cycling,LG,9530.87,11.62,8423.34,2.8,47,383,S1423,2.8,2024-07-01,5,Delhi,Tablet,Credit Card,False,In Transit
U933292,P76062,Home,Kitchen,Zara,19613.69,45.11,10766.31,3.4,19,330,S5749,4.8,2024-05-05,1,Delhi,Web,Debit Card,False,Delivered
U666245,P72492,Electronics,Laptop,HP,22845.23,15.0,19419.28,3.7,56,147,S9046,2.8,2024-08-02,2,Chennai,Tablet,UPI,False,Delivered
U926602,P15565,Clothing,Women,Lenovo,1550.72,62.88,575.57,4.1,38,160,S7216,3.6,2025-10-21,5,Chennai,Web,UPI,False,Delayed
U728318,P16403,Beauty,Makeup,Samsung,703.63,48.81,360.18,3.7,9,1,S5280,3.1,2025-07-08,1,Delhi,Mobile App,Cash on Delivery,False,In Transit
U388441,P79472,Home,Furniture,LG,9951.13,38.72,6098.1,3.8,23,76,S7638,4.0,2025-07-10,1,Chennai,Web,UPI,False,Delivered
U338912,P52158,Beauty,Skincare,Sony,4232.28,34.97,2752.07,3.9,47,189,S1802,3.1,2026-02-06,4,Chennai,Web,Debit Card,False,Delivered
U679383,P15161,Sports,Outdoor,H&M,10126.4,8.19,9296.94,4.3,73,320,S8696,3.4,2025-09-05,4,Delhi,Mobile App,Cash on Delivery,False,Delivered
U685380,P70296,Clothing,Women,HP,3107.44,53.67,1439.7,3.4,107,316,S6817,3.1,2024-07-23,2,Chennai,Mobile App,Credit Card,False,Delivered
U228356,P61337,Electronics,Mobile,Sony,23444.49,30.01,16408.16,3.5,13,129,S9660,4.8,2024-12-02,1,Delhi,Mobile App,UPI,False,In Transit
U596649,P75332,Home,Decor,Nike,12182.48,7.53,11265.75,4.3,212,450,S5079,4.0,2026-02-07,5,Chennai,Tablet,Credit Card,False,In Transit
U519124,P45101,Clothing,Kids,Zara,3527.56,23.48,2699.15,3.3,10,124,S3537,3.4,2025-05-02,2,Delhi,Tablet,UPI,False,Delivered
U861255,P32396,Beauty,Haircare,Zara,2770.16,27.07,2020.18,3.5,25,267,S6038,4.8,2024-09-25,5,Bangalore,Web,Debit Card,False,Delivered
U486144,P79248,Electronics,Laptop,Boat,35631.61,37.31,22336.08,3.6,36,220,S4504,4.6,2024-07-02,4,Mumbai,Mobile App,Debit Card,False,In Transit
U405791,P92789,Electronics,Camera,Samsung,53418.02,18.94,43303.2,4.2,10,199,S3566,4.0,2025-06-30,5,Hyderabad,Web,Debit Card,False,In Transit
U856153,P98572,Electronics,Laptop,Boat,66349.65,37.67,41357.05,4.4,9,188,S6569,4.9,2024-12-15,2,Mumbai,Tablet,Credit Card,False,In Transit
U592654,P59449,Clothing,Kids,Samsung,3580.68,33.47,2382.12,3.8,24,157,S7736,4.6,2025-11-09,4,Delhi,Web,Debit Card,False,Delayed
U909539,P39604,Sports,Cycling,Lenovo,11598.36,8.67,10593.01,3.9,15,374,S2785,3.5,2025-09-21,2,Delhi,Web,Credit Card,False,Delayed
U447656,P27596,Sports,Cycling,Nike,782.01,12.75,682.33,4.2,45,238,S2008,2.8,2025-06-08,1,Bangalore,Tablet,Debit Card,False,Delivered
U994399,P48191,Home,Decor,Zara,11040.9,28.52,7891.93,3.6,24,122,S4352,2.9,2025-01-30,2,Delhi,Mobile App,Credit Card,False,In Transit
U430378,P26014,Clothing,Kids,Sony,3182.94,24.69,2396.97,4.0,4,202,S4635,3.9,2025-04-08,1,Chennai,Mobile App,UPI,False,Delivered
U856287,P26223,Electronics,Camera,Lenovo,25624.33,24.1,19449.52,4.3,17,278,S1791,4.1,2024-10-10,6,Hyderabad,Tablet,Credit Card,False,Delivered
U616508,P38414,Sports,Fitness,Zara,4665.04,11.97,4106.66,4.4,11,68,S7635,4.4,2025-04-06,4,Mumbai,Tablet,Debit Card,False,Delivered
U187939,P90199,Electronics,Camera,Samsung,78605.77,24.31,59498.57,4.4,4,389,S9272,3.3,2026-03-05,4,Delhi,Web,Debit Card,False,In Transit
U916749,P82423,Electronics,Camera,Lenovo,28207.03,39.91,16950.31,4.5,4,368,S9592,4.7,2024-11-23,5,Hyderabad,Mobile App,UPI,True,Returned
U714560,P23991,Clothing,Men,Samsung,1543.93,40.3,921.7,2.5,4,171,S7799,3.5,2025-02-24,3,Delhi,Mobile App,Credit Card,False,Delayed
U450069,P71901,Sports,Fitness,Adidas,11082.75,36.99,6983.69,4.3,28,326,S9148,3.3,2025-10-26,6,Hyderabad,Web,Debit Card,False,Delayed
U813158,P38010,Electronics,Camera,Samsung,18970.04,15.23,16081.6,4.0,109,200,S7027,3.4,2026-03-03,4,Chennai,Tablet,Debit Card,False,Delivered
U174357,P26144,Electronics,Mobile,Sony,8141.45,20.65,6460.03,3.4,15,445,S9617,4.6,2024-12-03,5,Chennai,Tablet,Debit Card,False,Delivered
U516286,P79453,Sports,Outdoor,Adidas,9436.3,10.2,8473.77,3.5,2,244,S6618,3.2,2024-06-03,4,Mumbai,Mobile App,Credit Card,False,In Transit
U326057,P89504,Clothing,Men,H&M,2327.76,11.17,2067.86,4.6,20,308,S9287,3.2,2026-03-21,5,Mumbai,Mobile App,UPI,False,Delivered
U538586,P20059,Beauty,Makeup,LG,3462.57,9.95,3118.11,4.0,37,47,S5180,4.7,2025-05-21,5,Bangalore,Mobile App,Debit Card,False,Delivered
U969880,P58081,Sports,Cycling,Boat,13664.06,34.14,8998.91,4.6,18,322,S1348,2.5,2025-04-18,5,Delhi,Web,Credit Card,False,In Transit
U644566,P22580,Beauty,Makeup,Boat,3779.89,38.34,2330.57,3.2,52,59,S3110,4.7,2024-06-06,3,Delhi,Web,UPI,True,Returned
U313051,P57359,Electronics,Laptop,Samsung,43351.91,25.61,32249.17,4.4,20,199,S7518,4.2,2024-04-01,5,Chennai,Tablet,UPI,False,Delivered
U176209,P51992,Beauty,Skincare,Zara,2762.48,14.13,2372.12,4.0,39,481,S4487,4.9,2025-01-28,2,Hyderabad,Mobile App,Credit Card,False,Delivered
U957103,P66333,Home,Kitchen,LG,11120.02,32.49,7506.81,3.8,41,260,S4004,4.8,2024-11-09,1,Delhi,Web,UPI,False,In Transit
U751353,P37637,Beauty,Makeup,Lenovo,3300.71,9.63,2982.86,4.3,18,268,S5321,3.8,2025-10-31,2,Mumbai,Web,UPI,False,Delivered
U932371,P79181,Clothing,Women,Lenovo,3035.13,29.5,2139.79,3.7,30,229,S4179,3.3,2025-06-24,4,Delhi,Web,Debit Card,False,Delivered
U243125,P63406,Beauty,Haircare,Lenovo,4434.16,46.5,2372.33,4.0,16,23,S4472,2.5,2024-12-10,6,Chennai,Mobile App,Debit Card,True,Returned
U207452,P97428,Sports,Cycling,Apple,1150.95,36.15,734.88,4.1,21,189,S8397,4.3,2025-06-20,4,Delhi,Tablet,UPI,False,Delayed
U841917,P18498,Electronics,Headphones,HP,69544.64,8.92,63338.58,5.0,18,411,S5740,3.9,2025-01-26,1,Chennai,Web,Credit Card,False,Delivered
U522424,P88361,Beauty,Makeup,HP,1336.83,46.49,715.38,3.7,50,361,S7893,3.2,2024-10-05,3,Mumbai,Tablet,Cash on Delivery,True,Returned
U896387,P88683,Home,Decor,Zara,13042.73,9.73,11773.82,3.4,13,381,S8474,3.9,2024-11-03,5,Chennai,Mobile App,Debit Card,False,Delivered
U767709,P84548,Sports,Outdoor,HP,9096.52,28.21,6530.29,3.9,25,127,S3407,5.0,2025-12-14,3,Hyderabad,Web,UPI,False,In Transit
U930785,P35487,Electronics,Headphones,HP,64617.03,38.07,40020.2,3.9,5,488,S3869,4.9,2025-02-24,4,Chennai,Mobile App,UPI,True,Returned
U913976,P66344,Clothing,Men,Sony,4555.35,56.73,1970.93,3.3,15,206,S1897,4.3,2025-01-25,2,Mumbai,Web,UPI,False,Delayed
U579389,P64749,Beauty,Skincare,Boat,1712.1,5.43,1619.11,4.4,8,497,S1500,3.7,2024-10-25,5,Delhi,Tablet,Cash on Delivery,False,Delivered
U645252,P89525,Clothing,Women,Lenovo,653.44,19.06,528.91,3.5,51,112,S6337,3.4,2025-10-05,4,Mumbai,Tablet,Debit Card,False,Delayed
U893784,P12293,Clothing,Kids,Nike,4153.24,64.1,1490.88,3.6,7,428,S5664,4.1,2024-06-26,5,Chennai,Mobile App,Debit Card,False,In Transit
U739638,P66904,Electronics,Laptop,H&M,34924.47,26.94,25517.37,3.8,29,174,S1490,4.9,2025-01-18,1,Chennai,Tablet,Credit Card,False,In Transit
U555234,P96627,Sports,Outdoor,Lenovo,2053.25,21.09,1620.32,4.3,6,136,S2531,2.5,2025-03-09,3,Mumbai,Tablet,Cash on Delivery,False,Delayed
U969494,P38394,Beauty,Makeup,Boat,1177.78,15.86,990.96,4.1,108,7,S8895,3.4,2026-03-09,1,Delhi,Web,UPI,False,Delayed
U699268,P54151,Clothing,Men,Lenovo,1152.79,13.34,998.97,4.5,87,472,S2969,4.9,2024-07-22,5,Bangalore,Web,Credit Card,False,In Transit
U716155,P50729,Beauty,Haircare,Nike,2302.88,17.54,1898.89,4.5,3,435,S9339,4.9,2025-07-08,4,Mumbai,Web,UPI,False,Delivered
U106829,P97518,Clothing,Women,Adidas,3696.29,18.38,3017.03,4.4,39,436,S9419,4.1,2024-08-23,4,Delhi,Web,Cash on Delivery,False,In Transit
U628376,P36484,Electronics,Mobile,Apple,9583.03,37.37,6002.02,3.6,16,38,S2330,3.7,2025-01-04,1,Hyderabad,Tablet,Credit Card,False,Delayed
U493416,P79181,Home,Furniture,Samsung,4695.16,46.02,2534.41,3.8,10,28,S5575,3.8,2025-11-23,3,Delhi,Mobile App,Debit Card,False,Delayed
U156962,P69393,Sports,Fitness,H&M,7045.15,30.23,4915.21,3.1,32,208,S3903,2.5,2025-07-07,5,Bangalore,Tablet,Credit Card,False,Delayed
U152742,P58281,Beauty,Haircare,Boat,923.14,41.11,543.68,4.2,4,112,S5584,3.8,2024-09-18,5,Mumbai,Web,UPI,False,In Transit
U509718,P31274,Beauty,Makeup,HP,1825.08,14.55,1559.57,3.8,15,29,S8356,3.7,2025-07-25,3,Bangalore,Mobile App,Cash on Delivery,False,In Transit
U120407,P82805,Clothing,Kids,Nike,2309.55,21.12,1821.81,3.8,5,408,S2508,4.4,2025-08-27,5,Bangalore,Tablet,Cash on Delivery,False,Delayed
U692887,P88878,Beauty,Makeup,Samsung,4656.65,35.65,2996.56,3.9,4,34,S5317,2.9,2024-09-12,1,Mumbai,Mobile App,Cash on Delivery,True,Returned
U170420,P35594,Sports,Cycling,Lenovo,6046.46,31.28,4155.28,3.4,14,101,S4320,4.7,2025-07-04,4,Bangalore,Web,Credit Card,False,Delivered
U312460,P55185,Clothing,Women,LG,4750.53,69.34,1456.3,3.5,105,468,S7575,4.3,2024-12-18,5,Mumbai,Mobile App,Cash on Delivery,False,Delayed
U990813,P31531,Electronics,Camera,Samsung,43909.81,20.35,34972.05,3.9,49,347,S2665,3.9,2024-07-30,4,Mumbai,Mobile App,Credit Card,False,Delivered
U349532,P77278,Beauty,Skincare,Adidas,3836.24,8.91,3494.58,3.9,14,342,S6206,3.7,2025-09-22,6,Hyderabad,Mobile App,Cash on Delivery,False,In Transit
U227154,P34954,Sports,Cycling,LG,13175.9,9.39,11938.73,3.1,24,111,S8331,4.0,2026-01-05,5,Hyderabad,Mobile App,Debit Card,False,In Transit
U706922,P52339,Home,Decor,Samsung,19699.36,18.6,16035.74,4.3,31,24,S3307,4.2,2026-02-21,3,Mumbai,Web,Debit Card,True,Returned
U388769,P47324,Sports,Fitness,Apple,5026.01,16.96,4173.69,3.9,21,27,S4874,2.5,2025-08-24,2,Hyderabad,Web,Credit Card,False,Delayed
U660130,P24192,Home,Furniture,Boat,16869.69,20.86,13351.42,4.3,20,474,S3322,3.7,2024-12-07,3,Hyderabad,Web,Cash on Delivery,False,Delayed
U114694,P31165,Sports,Fitness,Nike,9123.43,28.17,6552.95,4.2,10,327,S2511,2.8,2025-03-12,5,Delhi,Web,Credit Card,False,Delivered
U279956,P85041,Clothing,Women,Lenovo,4693.93,15.27,3977.1,3.8,500,279,S6572,2.7,2026-01-22,6,Hyderabad,Tablet,Cash on Delivery,False,Delayed
U966473,P40360,Sports,Outdoor,Adidas,532.67,17.0,442.12,4.1,39,447,S9836,3.5,2025-03-27,2,Hyderabad,Mobile App,UPI,False,Delayed
U528264,P13821,Clothing,Kids,Zara,1656.43,21.38,1302.36,3.5,46,173,S4750,4.3,2024-07-04,6,Bangalore,Tablet,Cash on Delivery,False,Delayed
U671052,P93447,Electronics,Camera,H&M,26052.24,6.62,24327.67,3.9,22,219,S7599,5.0,2026-01-05,6,Chennai,Tablet,UPI,False,In Transit
U620580,P40926,Beauty,Haircare,Samsung,1314.27,39.18,799.32,3.4,13,460,S7636,4.0,2024-06-08,6,Hyderabad,Tablet,Credit Card,False,Delivered
U250606,P21056,Home,Furniture,Boat,16500.94,36.9,10412.71,4.0,31,337,S3800,4.2,2025-09-23,4,Chennai,Mobile App,Credit Card,False,Delayed
U190375,P61558,Home,Kitchen,Zara,14035.44,28.97,9969.3,4.2,6,347,S6997,3.3,2024-05-01,3,Mumbai,Mobile App,Debit Card,False,Delayed
U524604,P84636,Beauty,Skincare,Zara,4224.53,13.7,3645.59,4.1,23,76,S2193,3.9,2025-08-29,1,Bangalore,Tablet,Credit Card,False,Delivered
U517260,P69863,Sports,Fitness,LG,14585.95,5.84,13734.5,4.1,203,386,S1646,3.3,2025-02-03,6,Chennai,Tablet,Debit Card,False,Delivered
U402833,P81660,Beauty,Haircare,HP,1613.39,42.81,922.77,4.8,45,444,S1264,3.2,2025-11-03,1,Chennai,Mobile App,Credit Card,False,Delivered
U794486,P81078,Home,Furniture,HP,3080.62,43.75,1732.81,3.3,53,221,S5108,3.8,2025-04-05,4,Mumbai,Tablet,Debit Card,True,Returned
U987237,P89918,Clothing,Women,HP,3845.74,59.97,1539.37,4.0,7,262,S2081,3.6,2025-06-19,5,Bangalore,Tablet,UPI,False,In Transit
U632188,P70015,Home,Kitchen,Zara,5683.35,47.81,2965.93,4.1,21,492,S1586,4.8,2025-05-25,5,Chennai,Tablet,Cash on Delivery,False,Delivered
U521164,P68665,Home,Furniture,Adidas,14991.92,5.87,14111.22,4.7,24,199,S8825,4.0,2026-03-01,5,Chennai,Mobile App,Credit Card,False,Delivered
U918149,P20222,Sports,Outdoor,Sony,8595.19,23.46,6578.4,2.8,15,493,S2040,4.0,2026-01-25,3,Hyderabad,Tablet,Cash on Delivery,False,In Transit
U668303,P29649,Sports,Cycling,Puma,2917.34,30.94,2014.79,3.9,24,438,S8151,4.8,2025-12-22,6,Hyderabad,Tablet,Cash on Delivery,False,Delayed
U704823,P35710,Clothing,Men,LG,4414.21,16.25,3696.89,4.1,50,252,S1625,3.1,2024-09-07,5,Chennai,Tablet,Debit Card,False,Delayed
U815484,P91946,Sports,Fitness,Boat,13353.73,27.39,9695.76,3.7,37,405,S4890,3.4,2025-04-08,1,Mumbai,Web,UPI,True,Returned
U892269,P61138,Home,Furniture,Zara,1471.85,48.42,759.2,4.0,395,195,S6437,2.6,2024-11-11,3,Bangalore,Tablet,Cash on Delivery,False,Delayed
U276076,P46647,Electronics,Mobile,Zara,48008.75,28.28,34430.94,4.5,4,460,S9876,4.2,2024-11-25,2,Delhi,Mobile App,Debit Card,False,In Transit
U512272,P70383,Home,Kitchen,Nike,19085.79,16.78,15883.49,3.8,37,303,S7456,2.5,2025-12-08,5,Chennai,Mobile App,Credit Card,False,In Transit
U764743,P27445,Sports,Outdoor,Nike,10159.66,21.44,7981.49,3.7,6,349,S9727,2.8,2025-07-01,1,Mumbai,Tablet,Debit Card,False,In Transit
U208110,P54588,Clothing,Men,Lenovo,4731.7,18.83,3840.91,4.3,173,207,S3693,2.6,2026-02-15,2,Chennai,Web,UPI,False,Delayed
U857513,P73347,Home,Furniture,Lenovo,4030.32,9.98,3628.2,3.9,59,91,S6625,4.5,2024-12-15,3,Bangalore,Web,Credit Card,False,Delayed
U828338,P39133,Clothing,Women,HP,2699.52,60.79,1058.58,4.3,35,175,S9679,3.2,2025-07-12,1,Mumbai,Tablet,Debit Card,False,Delivered
U845134,P61277,Clothing,Kids,Apple,4240.2,24.44,3203.7,3.4,41,189,S6993,3.6,2026-01-10,2,Chennai,Mobile App,Cash on Delivery,False,Delayed
U116391,P89938,Home,Kitchen,Lenovo,12731.29,26.35,9376.72,3.8,25,164,S8991,2.6,2025-02-17,6,Bangalore,Tablet,Debit Card,False,In Transit
U758639,P91681,Clothing,Men,Adidas,3243.29,15.44,2742.61,3.9,37,61,S9393,4.6,2025-03-05,1,Bangalore,Tablet,UPI,False,Delivered
U149167,P36102,Beauty,Haircare,Puma,3999.95,41.69,2332.32,3.4,25,267,S6465,4.1,2025-02-06,5,Mumbai,Tablet,Credit Card,False,In Transit
U513695,P50315,Electronics,Mobile,LG,72160.67,38.47,44397.08,4.7,38,45,S6328,3.9,2025-12-21,1,Mumbai,Web,Cash on Delivery,False,Delivered
U327117,P32742,Home,Kitchen,Adidas,8417.88,44.15,4701.42,3.4,10,187,S4513,2.6,2024-07-20,2,Delhi,Web,Cash on Delivery,False,Delayed
U569056,P51591,Sports,Fitness,Adidas,12778.12,30.7,8855.71,3.4,32,23,S1263,2.5,2024-12-24,1,Hyderabad,Tablet,Debit Card,False,Delivered
U914044,P56381,Electronics,Headphones,Apple,52090.38,26.69,38187.5,4.5,22,90,S8481,4.7,2025-01-15,1,Delhi,Web,UPI,False,Delayed
U163063,P89307,Sports,Cycling,Puma,7708.4,14.86,6562.99,3.7,25,375,S3156,4.0,2024-04-25,2,Chennai,Web,UPI,False,In Transit
U652372,P83112,Home,Furniture,Adidas,13685.55,40.45,8149.13,4.1,13,438,S6706,3.2,2025-03-21,5,Chennai,Web,Credit Card,False,Delivered
U161204,P52526,Home,Decor,Boat,18640.55,29.09,13217.48,3.5,40,442,S9297,4.7,2025-07-29,4,Hyderabad,Web,Cash on Delivery,False,Delayed
U244933,P74580,Beauty,Makeup,Sony,492.19,41.89,286.03,3.5,7,361,S6535,4.1,2025-10-14,1,Mumbai,Tablet,Debit Card,False,Delayed
U868488,P87112,Home,Decor,Zara,15071.29,13.97,12965.18,4.0,32,216,S6959,2.5,2024-04-19,3,Bangalore,Web,Debit Card,False,Delivered
U224421,P20876,Sports,Fitness,Sony,1237.07,43.69,696.6,3.4,40,415,S8014,4.7,2025-12-25,4,Chennai,Web,UPI,False,Delivered
U940561,P50218,Electronics,Mobile,Samsung,63393.46,12.24,55636.13,4.4,3,190,S4761,3.9,2025-09-11,4,Mumbai,Tablet,Credit Card,False,Delivered
U938139,P52726,Clothing,Men,Zara,1288.52,48.68,661.25,3.9,33,444,S6199,4.4,2025-03-20,5,Delhi,Mobile App,Credit Card,False,Delivered
U647133,P36750,Home,Kitchen,Puma,1944.15,30.65,1348.19,4.8,14,324,S7974,3.2,2025-01-04,1,Delhi,Tablet,Credit Card,True,Returned
U992466,P78132,Electronics,Headphones,Sony,34682.81,20.43,27595.68,4.0,12,268,S7276,4.4,2024-12-27,1,Bangalore,Web,Cash on Delivery,False,Delivered
U570815,P93535,Beauty,Haircare,Adidas,4229.71,7.85,3897.83,4.1,17,403,S8226,2.6,2024-04-15,2,Hyderabad,Tablet,Debit Card,False,Delayed
U236038,P58010,Beauty,Skincare,H&M,3519.48,49.17,1789.06,3.2,82,433,S9442,3.6,2026-01-08,1,Delhi,Tablet,Credit Card,False,In Transit
U329049,P32658,Home,Furniture,Apple,19694.64,5.99,18514.1,4.3,15,362,S9902,4.3,2025-01-21,4,Chennai,Mobile App,Credit Card,False,Delivered
U250169,P94560,Electronics,Laptop,Adidas,23927.13,33.25,15971.89,4.2,13,3,S5994,4.8,2024-08-01,6,Chennai,Tablet,UPI,False,Delivered
U644830,P42079,Beauty,Haircare,Samsung,3569.91,31.93,2430.14,3.2,1,212,S5299,4.1,2024-11-25,1,Delhi,Web,Credit Card,False,Delivered
U658380,P31634,Sports,Outdoor,LG,5580.69,37.33,3497.58,4.5,3,392,S8727,3.9,2024-06-18,4,Delhi,Web,UPI,False,Delayed
U603399,P70851,Beauty,Skincare,Nike,4733.45,40.79,2802.58,3.6,16,164,S5265,4.2,2025-08-07,3,Bangalore,Tablet,Debit Card,False,Delayed
U262272,P84870,Home,Kitchen,Nike,7113.64,49.98,3557.92,3.5,105,482,S1535,3.1,2025-07-10,4,Hyderabad,Web,Credit Card,False,Delayed
U352800,P23402,Electronics,Camera,Boat,19627.02,8.64,17931.24,3.5,8,200,S1869,2.6,2025-08-09,5,Chennai,Tablet,Credit Card,False,Delayed
U284076,P18299,Beauty,Skincare,Zara,3764.18,11.27,3339.86,3.9,119,234,S4523,3.1,2025-02-26,5,Hyderabad,Mobile App,Cash on Delivery,True,Returned
U295190,P13836,Clothing,Kids,Zara,4568.95,35.61,2941.96,3.3,3,166,S3978,4.2,2025-10-11,3,Chennai,Mobile App,Credit Card,False,Delayed
U279508,P23213,Sports,Cycling,Adidas,10390.83,40.57,6175.63,5.0,66,375,S7997,2.9,2025-05-06,3,Hyderabad,Web,UPI,False,Delayed
U250861,P40992,Home,Furniture,Lenovo,14305.4,47.82,7464.64,4.1,49,459,S3728,4.7,2024-07-07,5,Chennai,Web,Debit Card,False,Delayed
U435757,P82868,Clothing,Kids,Lenovo,505.56,24.32,382.6,4.1,18,481,S6047,3.1,2025-10-04,1,Mumbai,Web,Cash on Delivery,False,Delivered
U872921,P74631,Beauty,Haircare,Zara,1368.72,22.57,1059.83,3.8,10,112,S3647,4.4,2025-06-22,2,Hyderabad,Web,Debit Card,False,Delivered
U705666,P75289,Electronics,Headphones,Sony,38147.4,30.17,26639.5,4.1,18,312,S2908,4.9,2025-02-07,6,Bangalore,Mobile App,Cash on Delivery,True,Returned
U295868,P84847,Sports,Cycling,Puma,7404.81,46.43,3967.03,3.3,10,89,S8211,3.5,2026-03-17,4,Delhi,Mobile App,Credit Card,False,Delivered
U591269,P79074,Home,Furniture,Zara,6225.13,8.59,5690.45,3.7,7,466,S9154,2.7,2025-12-26,1,Chennai,Tablet,UPI,False,Delivered
U707732,P83179,Beauty,Haircare,LG,1538.25,33.38,1024.81,3.6,14,484,S9502,3.6,2025-06-11,5,Mumbai,Mobile App,Credit Card,True,Returned
U241260,P57750,Clothing,Men,Zara,3336.92,57.17,1429.1,4.0,35,203,S1889,2.8,2024-05-31,1,Delhi,Tablet,Credit Card,False,Delivered
U612696,P89505,Electronics,Mobile,Sony,14522.76,14.31,12444.06,4.5,16,415,S8628,4.0,2024-11-29,6,Chennai,Tablet,Cash on Delivery,False,In Transit
U799764,P77414,Clothing,Kids,H&M,1813.89,36.06,1159.85,4.3,70,182,S4025,3.4,2025-03-13,3,Bangalore,Mobile App,Cash on Delivery,False,Delivered
U416778,P40970,Electronics,Laptop,Samsung,22653.88,18.12,18549.99,4.8,17,472,S7354,3.6,2024-08-22,2,Bangalore,Tablet,UPI,False,Delayed
U169634,P55467,Sports,Outdoor,Apple,5317.69,6.42,4976.12,4.8,8,427,S3670,4.5,2025-11-03,5,Hyderabad,Mobile App,UPI,False,Delivered
U917071,P86923,Clothing,Kids,HP,4820.26,39.16,2932.68,3.5,50,383,S6705,3.9,2024-07-29,5,Mumbai,Tablet,UPI,False,Delivered
U785511,P77027,Home,Furniture,Puma,16945.49,26.33,12483.5,4.0,20,98,S1928,2.9,2025-03-01,2,Bangalore,Tablet,Credit Card,False,Delivered
U320638,P87789,Sports,Outdoor,Puma,10854.78,24.31,8215.78,3.6,31,255,S2522,4.7,2025-06-14,3,Delhi,Tablet,UPI,False,Delivered
U867301,P29895,Beauty,Skincare,Zara,2448.46,31.37,1680.45,3.5,8,59,S4395,2.9,2024-12-01,3,Mumbai,Mobile App,UPI,False,Delayed
U156102,P25095,Beauty,Makeup,Puma,808.11,46.42,433.02,4.7,14,310,S2462,2.9,2025-03-23,3,Mumbai,Mobile App,UPI,False,In Transit
U143884,P25854,Beauty,Skincare,Nike,216.65,19.69,173.99,3.1,2,316,S1522,4.9,2025-11-17,2,Mumbai,Web,Credit Card,False,Delayed
U896867,P67361,Home,Decor,H&M,2982.92,19.8,2392.43,3.6,28,477,S5074,3.5,2024-08-29,6,Chennai,Mobile App,Credit Card,False,Delivered
U498756,P54212,Home,Decor,Adidas,6117.5,31.62,4183.27,4.6,43,106,S9784,3.9,2025-11-03,4,Hyderabad,Mobile App,Credit Card,False,In Transit
U901489,P46968,Home,Decor,Apple,3925.17,45.39,2143.53,3.8,234,90,S2645,4.8,2026-01-13,1,Mumbai,Mobile App,Debit Card,False,Delivered
U247441,P54191,Sports,Cycling,Boat,13525.67,19.28,10917.48,3.9,21,440,S1143,3.6,2024-11-28,4,Chennai,Tablet,Debit Card,False,Delivered
U235064,P12243,Clothing,Kids,Sony,1734.74,31.05,1196.17,4.2,13,430,S4172,4.1,2024-12-27,2,Hyderabad,Tablet,Debit Card,False,In Transit
U944483,P38130,Beauty,Skincare,H&M,963.97,48.72,494.35,3.1,7,366,S6656,3.2,2026-02-19,5,Delhi,Mobile App,Cash on Delivery,False,Delivered
U248770,P46105,Electronics,Laptop,Puma,51294.97,14.39,43914.89,4.2,17,97,S7944,2.9,2025-09-19,5,Delhi,Web,Debit Card,False,Delayed
U322311,P13544,Home,Kitchen,Sony,6845.3,46.08,3691.03,4.3,288,132,S2227,3.1,2024-09-24,5,Mumbai,Tablet,Credit Card,False,Delivered
U229093,P57424,Clothing,Women,Samsung,4006.52,61.93,1525.1,2.8,15,314,S3653,4.8,2025-09-29,3,Hyderabad,Web,Credit Card,False,Delayed
U728167,P91189,Beauty,Makeup,Samsung,4009.62,13.01,3488.17,3.7,9,31,S8259,4.1,2025-06-20,1,Mumbai,Tablet,UPI,False,In Transit
U339286,P27037,Beauty,Haircare,Samsung,1596.13,8.68,1457.55,3.6,24,64,S5610,4.9,2024-04-11,3,Hyderabad,Tablet,UPI,False,In Transit
U332612,P47415,Home,Kitchen,Nike,6755.14,24.35,5110.19,4.3,19,16,S5091,4.3,2025-05-20,1,Delhi,Mobile App,UPI,False,Delivered
U691845,P93864,Sports,Outdoor,Boat,9653.06,20.79,7646.37,4.2,29,231,S7038,3.1,2024-04-24,6,Hyderabad,Web,Debit Card,False,Delayed
U809957,P55617,Electronics,Headphones,Puma,43130.95,10.82,38465.74,4.0,12,190,S5670,2.9,2025-02-24,1,Chennai,Web,Credit Card,False,Delivered
U977417,P42912,Home,Kitchen,Apple,18525.56,8.83,16890.41,4.6,27,236,S8113,3.4,2024-04-04,2,Mumbai,Mobile App,UPI,False,Delivered
U228594,P15076,Sports,Fitness,Apple,1834.8,28.36,1314.45,3.8,17,106,S1436,4.6,2024-07-28,1,Chennai,Tablet,Cash on Delivery,False,Delayed
U389585,P21793,Clothing,Men,Puma,1225.57,49.05,624.45,3.7,74,250,S3652,3.9,2025-12-18,2,Hyderabad,Web,UPI,False,Delayed
U569511,P24077,Electronics,Mobile,H&M,51147.06,39.9,30739.91,3.9,109,75,S1499,3.6,2025-05-31,6,Bangalore,Tablet,UPI,False,In Transit
U633057,P15564,Electronics,Camera,Apple,28396.25,31.39,19483.09,3.9,53,209,S8421,4.8,2025-12-14,3,Mumbai,Mobile App,Credit Card,False,Delivered
U183579,P16265,Beauty,Haircare,Adidas,3566.11,13.03,3101.56,3.8,26,416,S5714,4.3,2025-10-01,6,Bangalore,Web,Debit Card,False,In Transit
U219753,P35762,Home,Furniture,Boat,16985.83,34.17,11182.1,5.0,7,12,S1285,5.0,2025-12-20,4,Mumbai,Tablet,Cash on Delivery,False,Delivered
U568524,P65824,Home,Decor,Lenovo,9264.46,26.17,6839.87,4.4,132,360,S8036,3.4,2025-02-20,6,Bangalore,Tablet,Debit Card,True,Returned
U688521,P10716,Beauty,Skincare,Adidas,1779.25,46.0,960.78,2.9,20,170,S4259,4.2,2025-04-19,3,Delhi,Tablet,Credit Card,False,Delayed
U979053,P67340,Beauty,Skincare,Puma,1559.95,21.08,1231.15,3.9,15,455,S7449,4.7,2025-09-01,1,Bangalore,Web,Credit Card,False,Delivered
U352232,P28117,Home,Decor,Apple,3033.0,49.45,1533.29,4.3,3,358,S8782,3.0,2025-03-16,2,Chennai,Mobile App,UPI,False,Delivered
U205032,P50711,Home,Kitchen,Boat,2416.49,18.95,1958.54,3.7,28,494,S6412,4.7,2024-07-10,5,Hyderabad,Tablet,UPI,False,Delivered
U609244,P97364,Electronics,Mobile,Puma,69266.6,36.46,44008.75,3.4,4,239,S3036,4.6,2025-04-28,1,Chennai,Web,UPI,False,Delivered
U905592,P82356,Home,Decor,Adidas,4746.84,10.89,4229.97,3.5,36,34,S5416,3.0,2024-10-11,4,Chennai,Tablet,UPI,False,In Transit
U432048,P32560,Clothing,Kids,H&M,782.47,27.17,569.86,3.3,15,21,S5186,3.9,2025-11-03,4,Delhi,Tablet,UPI,False,Delayed
U514187,P89443,Home,Decor,HP,16032.61,31.02,11058.69,4.3,312,270,S9074,3.6,2026-02-13,3,Hyderabad,Tablet,Credit Card,False,Delayed
U560343,P99804,Electronics,Laptop,Puma,79328.61,38.04,49148.44,4.4,165,61,S7792,2.5,2024-09-27,2,Chennai,Web,Debit Card,False,Delivered
U326789,P73564,Beauty,Makeup,Apple,3681.07,18.6,2996.48,4.0,51,146,S1804,3.3,2026-03-12,3,Mumbai,Web,Cash on Delivery,False,Delayed
U899219,P52247,Home,Furniture,Adidas,11810.92,14.81,10061.76,3.6,41,223,S3998,4.6,2025-11-26,3,Mumbai,Mobile App,Debit Card,False,Delayed
U946214,P11921,Sports,Fitness,HP,9973.07,48.67,5119.03,4.5,27,34,S5327,4.9,2024-11-04,3,Hyderabad,Mobile App,Cash on Delivery,False,Delayed
U153457,P77576,Clothing,Men,Adidas,3959.2,43.73,2227.71,4.1,29,235,S9856,4.6,2026-03-02,1,Hyderabad,Mobile App,UPI,False,Delivered
U761467,P96565,Beauty,Skincare,Nike,2975.26,26.17,2196.63,4.0,10,321,S5251,4.1,2025-11-13,1,Delhi,Mobile App,UPI,False,Delivered
U699326,P77234,Home,Decor,H&M,7460.46,34.49,4887.56,4.3,7,304,S9265,4.9,2025-11-02,5,Chennai,Tablet,Cash on Delivery,False,Delivered
U866463,P80451,Electronics,Mobile,Puma,76426.36,35.88,49000.96,5.0,4,257,S5747,5.0,2025-07-06,1,Delhi,Tablet,UPI,False,Delivered
U661097,P28119,Sports,Outdoor,Sony,3309.21,32.98,2217.74,3.2,7,82,S2970,3.1,2025-02-02,2,Bangalore,Web,Debit Card,False,Delayed
U561744,P76433,Sports,Cycling,Adidas,6332.98,38.72,3880.97,4.0,11,191,S8170,3.9,2025-06-10,4,Chennai,Mobile App,Credit Card,False,Delivered
U539130,P72168,Electronics,Headphones,Lenovo,49507.36,23.61,37816.41,4.3,20,163,S8754,3.0,2024-11-13,5,Delhi,Tablet,UPI,False,Delivered
U414106,P88077,Clothing,Women,HP,4335.57,36.83,2738.8,3.3,100,206,S2499,3.6,2025-01-13,2,Delhi,Tablet,UPI,False,Delivered
U383551,P31672,Sports,Outdoor,Zara,8113.27,29.56,5715.29,3.7,3,307,S7938,2.5,2025-06-04,6,Chennai,Tablet,Credit Card,False,In Transit
U796866,P93281,Beauty,Haircare,Zara,2533.59,18.03,2076.68,4.1,73,25,S5376,4.2,2024-07-24,4,Hyderabad,Mobile App,Debit Card,False,Delivered
U544095,P24744,Electronics,Headphones,Apple,25911.51,23.12,19921.05,4.8,32,181,S7998,3.6,2025-02-04,4,Chennai,Mobile App,Cash on Delivery,False,Delayed
U806942,P82510,Clothing,Men,Puma,2406.3,51.03,1178.46,4.0,88,285,S4672,3.8,2025-06-11,5,Bangalore,Web,Cash on Delivery,False,In Transit
U290552,P48384,Electronics,Camera,HP,7969.67,25.29,5953.81,4.1,82,327,S1740,3.7,2025-08-11,4,Hyderabad,Tablet,Cash on Delivery,False,Delayed
U673359,P42591,Home,Decor,Boat,5898.38,35.89,3781.32,2.9,73,368,S5338,2.9,2024-04-25,1,Hyderabad,Tablet,Cash on Delivery,False,Delivered
U259057,P18488,Home,Kitchen,Lenovo,7774.3,9.28,7053.22,3.9,9,227,S1190,3.1,2024-09-25,5,Bangalore,Mobile App,Debit Card,False,Delivered
U708171,P41871,Beauty,Skincare,Nike,3322.4,40.88,1964.21,3.3,56,422,S7662,4.3,2024-08-20,5,Bangalore,Web,Credit Card,True,Returned
U519567,P79822,Electronics,Laptop,Sony,6500.39,7.09,6039.6,4.7,1,356,S9221,2.7,2026-02-04,4,Chennai,Mobile App,UPI,False,In Transit
U258690,P79102,Clothing,Women,Boat,1903.49,40.88,1125.4,4.2,62,227,S2116,4.4,2024-08-14,4,Hyderabad,Web,UPI,False,Delayed
U324869,P24804,Electronics,Mobile,Sony,16337.88,30.81,11304.22,3.7,19,300,S5067,3.2,2024-12-02,2,Delhi,Web,Credit Card,False,Delivered
U598189,P63429,Beauty,Skincare,Adidas,2045.92,43.52,1155.61,3.4,68,457,S1006,3.0,2024-07-27,1,Mumbai,Web,Credit Card,False,Delivered
U635868,P22372,Electronics,Headphones,LG,16990.15,35.7,10925.44,4.2,26,205,S6446,3.5,2025-07-25,2,Chennai,Tablet,UPI,False,Delivered
U251670,P44364,Home,Kitchen,Sony,14589.62,39.6,8812.35,4.5,2,63,S2595,3.0,2024-12-13,4,Hyderabad,Web,Debit Card,False,Delayed
U386890,P13703,Electronics,Laptop,H&M,65005.03,32.87,43639.51,4.5,4,403,S7822,3.9,2025-09-14,6,Bangalore,Web,UPI,False,In Transit
U232935,P43907,Beauty,Haircare,Apple,4167.12,8.85,3798.37,3.5,13,304,S9818,4.3,2024-12-14,3,Chennai,Tablet,UPI,False,Delayed
U584153,P82240,Sports,Cycling,Samsung,7992.42,13.21,6936.75,3.0,8,74,S2587,4.7,2024-09-08,6,Hyderabad,Web,UPI,False,In Transit
U925519,P39684,Home,Kitchen,Lenovo,7253.19,43.24,4116.9,4.4,45,429,S6348,3.3,2025-05-13,4,Delhi,Tablet,Credit Card,False,In Transit
U746413,P96922,Beauty,Makeup,Lenovo,2184.14,35.7,1404.38,3.9,154,275,S5079,4.9,2025-07-07,2,Hyderabad,Tablet,Cash on Delivery,False,Delayed
U631337,P59959,Sports,Cycling,Puma,11749.53,19.13,9502.36,4.1,24,290,S6117,3.3,2025-01-13,3,Bangalore,Tablet,UPI,False,In Transit
U942613,P96495,Home,Decor,Sony,3489.54,33.7,2313.67,3.9,25,25,S2812,3.0,2025-05-28,1,Bangalore,Mobile App,Credit Card,False,Delayed
U985856,P72620,Sports,Cycling,Nike,10219.44,32.94,6853.55,3.5,17,184,S5036,3.6,2024-10-08,2,Delhi,Tablet,Cash on Delivery,False,Delayed
U597529,P20303,Electronics,Headphones,Apple,69347.53,24.01,52700.07,4.4,11,216,S2013,2.7,2025-03-19,3,Delhi,Mobile App,Cash on Delivery,False,Delivered
U843814,P94884,Beauty,Makeup,Adidas,2461.12,27.85,1775.67,4.2,105,64,S2638,4.9,2025-08-19,1,Hyderabad,Tablet,Debit Card,False,In Transit
U609092,P11006,Home,Decor,Samsung,5685.53,22.88,4384.42,4.6,6,25,S1405,2.8,2025-08-14,6,Hyderabad,Tablet,Debit Card,False,Delivered
U287619,P16154,Home,Decor,HP,4084.08,15.7,3442.86,3.2,23,150,S7165,3.5,2024-07-09,6,Bangalore,Web,Debit Card,True,Returned
U621670,P63799,Sports,Cycling,Boat,9323.53,21.08,7357.98,4.2,66,25,S6355,2.7,2024-10-11,5,Hyderabad,Web,Debit Card,False,Delivered
U481878,P74229,Electronics,Headphones,LG,26336.34,27.8,19013.72,4.8,6,387,S8259,4.0,2025-12-16,5,Hyderabad,Web,UPI,False,Delayed
U301628,P76377,Beauty,Makeup,LG,3326.86,36.29,2119.58,4.4,62,412,S1473,4.7,2025-05-23,2,Mumbai,Web,Credit Card,False,Delivered
U921327,P27145,Home,Kitchen,Boat,3189.11,44.74,1762.2,3.3,44,437,S4019,3.1,2025-02-25,5,Hyderabad,Web,Debit Card,False,Delayed
U763354,P53778,Home,Furniture,Apple,1170.89,34.67,764.96,4.2,11,309,S6685,3.7,2024-07-04,4,Hyderabad,Mobile App,UPI,False,Delivered
U283404,P29943,Beauty,Skincare,Nike,1260.41,46.16,678.57,3.2,8,150,S3966,3.6,2024-11-03,4,Delhi,Web,Cash on Delivery,False,In Transit
U900911,P51419,Beauty,Makeup,Boat,527.04,19.41,424.74,3.2,15,313,S2103,3.0,2024-10-01,4,Mumbai,Web,UPI,False,Delivered
U196783,P58825,Electronics,Laptop,Sony,32049.58,25.28,23946.23,4.7,7,466,S9247,3.2,2025-07-12,4,Delhi,Web,Cash on Delivery,False,Delivered
U717411,P77668,Electronics,Mobile,Apple,79452.59,12.92,69190.72,4.4,46,202,S8883,3.5,2024-06-30,3,Hyderabad,Tablet,Cash on Delivery,False,Delayed
U705908,P88056,Clothing,Men,Apple,3420.24,22.89,2637.25,3.7,17,451,S6871,4.4,2026-02-14,2,Mumbai,Web,UPI,False,In Transit
U931026,P44487,Beauty,Skincare,H&M,3901.07,16.66,3251.34,3.6,38,436,S3688,4.6,2025-10-15,5,Hyderabad,Tablet,Cash on Delivery,False,Delivered
U156068,P36724,Clothing,Kids,Apple,3185.25,26.57,2338.81,4.3,43,270,S5116,3.6,2025-04-02,3,Mumbai,Mobile App,Cash on Delivery,False,In Transit
U864932,P60576,Clothing,Women,LG,2223.89,48.88,1136.81,3.7,10,443,S9721,2.5,2025-09-21,4,Chennai,Mobile App,Cash on Delivery,False,Delayed
U377586,P77378,Home,Decor,Nike,2588.44,39.0,1578.93,3.9,3,89,S6075,3.8,2025-02-28,2,Bangalore,Mobile App,UPI,False,Delayed
U440052,P43189,Sports,Cycling,Adidas,2263.48,38.5,1391.98,3.1,22,185,S5396,4.5,2025-11-28,3,Chennai,Mobile App,UPI,False,Delayed
U399061,P95486,Beauty,Makeup,Sony,2281.5,34.3,1498.93,3.5,29,239,S6546,3.4,2025-09-30,5,Bangalore,Tablet,Credit Card,False,Delivered
U261652,P68648,Electronics,Mobile,Nike,23208.48,25.03,17399.22,4.5,42,146,S9802,2.7,2024-08-16,2,Mumbai,Tablet,Cash on Delivery,False,Delayed
U559683,P62185,Sports,Cycling,Apple,13406.21,48.45,6910.42,4.3,7,391,S4379,2.7,2025-09-15,1,Hyderabad,Mobile App,Debit Card,False,Delayed
U300936,P82756,Clothing,Women,Nike,2537.08,12.9,2209.89,3.5,8,275,S7217,3.4,2024-11-19,1,Delhi,Tablet,Credit Card,False,Delivered
U786874,P81159,Beauty,Makeup,H&M,789.37,29.65,555.35,4.4,4,31,S2102,4.7,2024-07-24,1,Delhi,Tablet,Cash on Delivery,False,Delivered
U134812,P60674,Electronics,Headphones,LG,14150.74,9.64,12786.02,4.2,8,311,S4760,3.8,2025-04-29,5,Mumbai,Web,Credit Card,False,In Transit
U420427,P11548,Sports,Fitness,LG,11943.68,47.71,6245.48,4.5,3,18,S2701,4.1,2024-10-15,1,Mumbai,Tablet,UPI,False,Delayed
U400527,P77395,Beauty,Makeup,Puma,3278.33,40.56,1948.72,3.5,8,463,S2097,4.3,2024-09-30,3,Chennai,Web,Debit Card,False,Delivered
U374362,P44326,Home,Kitchen,Sony,13726.3,11.89,12094.23,4.8,6,218,S1876,2.5,2025-06-06,3,Bangalore,Tablet,Credit Card,True,Returned
U598190,P89005,Sports,Outdoor,H&M,10505.42,33.9,6943.56,3.4,38,317,S4562,4.3,2025-09-28,1,Delhi,Web,UPI,False,Delivered
U229323,P29278,Home,Furniture,Zara,7829.96,5.54,7396.26,3.5,15,274,S8479,3.2,2024-04-20,4,Chennai,Tablet,Debit Card,False,Delayed
U546258,P86850,Beauty,Haircare,HP,3602.83,20.16,2876.6,4.3,7,270,S9429,4.7,2024-04-04,5,Chennai,Mobile App,UPI,False,In Transit
U978193,P72828,Home,Kitchen,HP,10594.01,30.85,7326.18,3.7,5,53,S5493,3.1,2024-06-21,5,Mumbai,Web,Credit Card,False,In Transit
U864306,P88409,Beauty,Skincare,Samsung,1928.52,47.38,1014.81,4.2,19,276,S7247,4.5,2025-06-27,4,Delhi,Tablet,Debit Card,False,Delivered
U780208,P39672,Home,Furniture,Adidas,18798.59,12.55,16440.05,4.6,36,303,S8365,3.0,2026-02-11,2,Chennai,Mobile App,Credit Card,False,Delivered
U777454,P96446,Sports,Fitness,Nike,6819.08,36.96,4298.56,2.9,12,281,S9191,2.9,2024-05-24,4,Delhi,Mobile App,Cash on Delivery,True,Returned
U642198,P77460,Clothing,Kids,Adidas,3281.33,37.45,2052.54,3.5,32,473,S1808,3.5,2025-01-07,1,Mumbai,Tablet,Credit Card,False,Delivered
U115626,P34263,Clothing,Men,Samsung,2086.69,48.26,1079.55,4.2,19,117,S3879,2.5,2025-09-28,1,Delhi,Mobile App,UPI,False,Delivered
U497832,P25022,Sports,Outdoor,Puma,1672.65,37.83,1039.92,3.6,12,23,S1488,4.5,2024-11-20,2,Hyderabad,Tablet,Cash on Delivery,False,Delayed
U187672,P48728,Beauty,Skincare,Samsung,4625.45,13.46,4003.08,3.5,21,96,S7105,2.7,2024-06-02,2,Chennai,Web,UPI,False,In Transit
U434836,P95180,Electronics,Laptop,Lenovo,49165.2,16.22,41192.01,5.0,14,124,S2393,4.2,2024-11-06,1,Bangalore,Tablet,UPI,False,In Transit
U304459,P51269,Home,Kitchen,Lenovo,19376.87,13.04,16849.33,4.4,19,158,S7695,2.9,2025-03-13,4,Mumbai,Tablet,Debit Card,False,Delayed
U868957,P12215,Electronics,Mobile,Samsung,20848.7,36.55,13228.79,3.6,12,234,S7623,2.8,2025-09-16,1,Mumbai,Mobile App,UPI,False,In Transit
U497608,P67348,Home,Kitchen,H&M,15155.69,13.84,13058.4,4.5,23,427,S2221,4.8,2024-08-29,4,Chennai,Web,UPI,False,Delayed
U542584,P45215,Electronics,Camera,Boat,23379.23,9.93,21056.56,3.4,34,47,S2209,4.9,2025-03-10,4,Hyderabad,Mobile App,Cash on Delivery,False,In Transit
U838281,P39464,Home,Furniture,H&M,12030.1,47.68,6293.58,4.4,15,144,S1025,4.6,2024-04-02,3,Delhi,Web,Debit Card,False,Delivered
U909947,P91082,Beauty,Haircare,HP,214.3,17.54,176.71,3.7,12,240,S1687,4.5,2025-09-30,4,Bangalore,Tablet,UPI,False,In Transit
U674865,P36516,Sports,Fitness,Boat,10085.04,18.72,8197.57,4.8,17,150,S3307,3.9,2025-02-16,1,Hyderabad,Web,Cash on Delivery,False,Delivered
U653600,P40681,Beauty,Haircare,Puma,268.67,27.05,196.0,2.9,28,276,S8101,3.0,2026-02-23,3,Delhi,Tablet,UPI,True,Returned
U919555,P90526,Beauty,Haircare,Zara,2207.37,36.06,1411.35,3.9,111,37,S6965,3.6,2024-07-07,4,Hyderabad,Mobile App,Debit Card,False,Delayed
U984885,P20162,Beauty,Skincare,LG,2689.03,30.58,1866.64,4.3,42,291,S8446,3.4,2024-07-08,3,Hyderabad,Web,UPI,False,Delayed
U191200,P27393,Sports,Fitness,Nike,8630.12,24.73,6495.67,3.6,15,220,S6873,3.4,2025-08-12,5,Delhi,Web,Credit Card,False,In Transit
U996302,P10766,Electronics,Headphones,Apple,20297.17,11.41,17980.48,4.1,62,389,S7038,2.5,2025-01-16,1,Chennai,Mobile App,UPI,False,In Transit
U223499,P70367,Home,Kitchen,Lenovo,1414.81,36.98,891.59,3.9,6,249,S8486,2.6,2024-12-16,1,Bangalore,Web,UPI,False,Delayed
U731371,P34232,Clothing,Women,Sony,4179.25,48.81,2139.51,4.1,18,401,S2222,4.3,2025-02-15,4,Hyderabad,Mobile App,Credit Card,False,In Transit
U379205,P33203,Electronics,Camera,Nike,67796.43,22.19,52749.32,4.4,5,83,S3308,3.7,2024-06-18,6,Hyderabad,Tablet,Cash on Delivery,False,In Transit
U155988,P44646,Sports,Cycling,Apple,13862.79,25.56,10319.28,4.0,20,369,S7003,4.8,2024-12-21,6,Hyderabad,Web,Credit Card,False,Delivered
U490959,P73714,Sports,Outdoor,Zara,7603.35,30.27,5301.75,3.5,17,426,S1743,3.0,2024-05-18,3,Bangalore,Web,Cash on Delivery,False,Delayed
U232465,P58125,Clothing,Men,HP,4279.59,54.3,1955.95,3.7,56,254,S1000,2.8,2026-03-06,2,Mumbai,Tablet,UPI,False,Delayed
U330222,P54849,Electronics,Mobile,Zara,29436.34,39.11,17923.25,4.2,22,209,S5507,4.4,2025-06-29,2,Hyderabad,Mobile App,Cash on Delivery,False,Delivered
U286253,P75942,Clothing,Men,Sony,956.55,36.04,611.82,3.5,6,83,S6375,4.5,2025-03-18,3,Hyderabad,Tablet,Debit Card,False,Delivered
U783618,P77726,Electronics,Mobile,Puma,23402.15,12.14,20560.13,3.7,85,93,S3636,4.7,2025-03-25,4,Chennai,Tablet,Debit Card,True,Returned
U540071,P19501,Beauty,Skincare,Apple,1737.01,48.84,888.63,3.9,3,199,S9884,2.6,2024-04-25,2,Mumbai,Web,UPI,False,In Transit
U772640,P17733,Electronics,Mobile,LG,48941.17,20.42,38948.89,4.9,9,46,S2903,3.6,2024-06-05,4,Chennai,Tablet,Debit Card,False,Delivered
U955933,P96106,Sports,Fitness,Puma,6208.22,49.95,3107.12,4.3,11,44,S6160,4.8,2024-09-07,1,Delhi,Mobile App,Cash on Delivery,False,Delivered
U155826,P84647,Electronics,Headphones,Adidas,59922.07,29.26,42387.95,3.4,50,69,S4270,4.7,2025-05-30,3,Hyderabad,Mobile App,UPI,False,In Transit
U813540,P11927,Electronics,Camera,HP,29215.91,39.13,17783.73,3.7,87,2,S8927,4.8,2025-12-20,2,Bangalore,Web,UPI,False,Delayed
U833087,P48408,Sports,Outdoor,Lenovo,6675.31,19.69,5360.92,3.5,9,116,S3307,3.0,2025-05-21,1,Bangalore,Tablet,Cash on Delivery,False,In Transit
U999115,P64018,Sports,Cycling,HP,9225.91,25.26,6895.07,3.4,34,176,S3154,4.6,2025-11-27,2,Mumbai,Tablet,Debit Card,False,In Transit
U754736,P77458,Beauty,Skincare,Boat,1204.09,27.99,867.12,3.6,4,473,S3314,4.6,2025-09-24,1,Delhi,Web,Credit Card,False,In Transit
U137247,P43792,Sports,Fitness,Adidas,14516.42,22.56,11241.15,3.4,56,170,S1743,3.2,2025-08-05,4,Delhi,Mobile App,Debit Card,False,Delayed
U172058,P71377,Sports,Outdoor,Adidas,4564.2,44.83,2517.96,3.9,9,456,S5862,2.5,2025-08-11,1,Mumbai,Mobile App,Debit Card,False,In Transit
U258737,P65138,Home,Decor,Adidas,11792.62,28.07,8481.92,2.8,74,271,S1990,2.7,2024-10-24,2,Bangalore,Web,Debit Card,False,Delayed
U569557,P35396,Beauty,Skincare,H&M,658.76,20.66,522.64,2.9,28,301,S9977,4.4,2024-04-20,6,Hyderabad,Mobile App,Debit Card,True,Returned
U673741,P49798,Home,Decor,Lenovo,14098.81,14.63,12036.14,3.8,2,495,S3897,3.0,2024-09-24,5,Mumbai,Web,Credit Card,False,In Transit
U149736,P53364,Home,Kitchen,Nike,4889.69,47.05,2589.19,3.2,14,171,S1869,4.9,2026-01-01,3,Chennai,Web,Cash on Delivery,False,In Transit
U749985,P53982,Electronics,Camera,LG,39023.09,24.07,29630.53,4.1,32,180,S2311,4.6,2025-11-29,3,Hyderabad,Web,Cash on Delivery,False,Delivered
U722924,P14458,Clothing,Kids,Nike,3036.98,57.02,1305.35,4.0,8,276,S6460,3.7,2026-01-01,1,Delhi,Web,UPI,False,Delivered
U866110,P13611,Beauty,Haircare,H&M,2401.92,28.13,1726.22,3.6,37,341,S2666,4.2,2025-02-20,5,Bangalore,Mobile App,UPI,False,Delivered
U199357,P88777,Electronics,Camera,Lenovo,12879.99,9.25,11688.44,4.3,23,351,S1312,4.1,2025-09-05,6,Hyderabad,Mobile App,Debit Card,True,Returned
U156605,P33219,Home,Decor,Puma,14198.97,24.22,10759.57,3.8,3,86,S1389,4.9,2024-04-12,4,Hyderabad,Web,Debit Card,True,Returned
U815745,P33216,Clothing,Women,Sony,3190.2,13.01,2775.27,3.5,19,0,S2354,3.7,2025-08-24,1,Delhi,Tablet,Credit Card,False,Delivered
U162412,P11386,Beauty,Makeup,HP,495.24,9.35,448.94,5.0,34,80,S7843,3.3,2026-02-27,1,Bangalore,Tablet,UPI,False,Delivered
U854423,P33998,Home,Furniture,LG,18610.12,48.85,9518.61,4.1,19,464,S6685,4.8,2025-09-16,5,Mumbai,Tablet,Debit Card,False,In Transit
U396243,P15744,Sports,Outdoor,Samsung,5116.44,27.9,3688.94,3.7,9,489,S9066,3.3,2025-08-19,5,Hyderabad,Mobile App,Cash on Delivery,False,Delayed
U677497,P16490,Clothing,Men,Puma,2289.05,63.74,829.96,3.3,4,476,S6797,3.4,2024-11-29,6,Chennai,Tablet,Debit Card,False,Delayed
U150483,P11274,Electronics,Laptop,Zara,14570.89,19.36,11749.65,5.0,14,201,S5716,3.0,2026-03-09,5,Delhi,Tablet,Credit Card,False,In Transit
U224274,P10393,Electronics,Laptop,H&M,9738.35,11.42,8625.74,3.9,51,142,S6705,3.9,2025-07-20,5,Chennai,Mobile App,UPI,False,Delivered
U832671,P47252,Beauty,Skincare,Lenovo,4588.46,41.07,2703.81,4.6,10,32,S2179,3.5,2025-05-25,2,Chennai,Tablet,Debit Card,False,Delayed
U745266,P90818,Sports,Fitness,Adidas,9335.67,21.52,7326.5,3.3,42,456,S3855,4.3,2025-08-24,3,Bangalore,Tablet,Debit Card,False,In Transit
U457006,P29203,Clothing,Women,Zara,2989.79,60.73,1174.23,4.1,58,23,S6920,2.9,2025-11-17,3,Chennai,Web,UPI,False,Delivered
U705666,P11710,Electronics,Camera,Puma,44991.58,11.73,39712.53,4.0,53,329,S1314,5.0,2024-11-14,5,Chennai,Web,Cash on Delivery,False,Delayed
U851964,P67571,Electronics,Mobile,Lenovo,79851.19,9.34,72390.78,4.4,28,244,S5305,3.1,2024-09-01,2,Hyderabad,Mobile App,Credit Card,False,In Transit
U851468,P38548,Sports,Outdoor,H&M,3242.99,47.59,1699.61,3.2,7,339,S4175,4.4,2026-02-20,1,Mumbai,Tablet,Debit Card,True,Returned
U335959,P12688,Home,Decor,H&M,4505.29,27.56,3263.49,3.4,27,1,S7432,3.6,2024-06-20,3,Bangalore,Web,Cash on Delivery,False,In Transit
U328554,P31060,Clothing,Women,LG,2574.0,28.58,1838.42,4.3,34,324,S6700,4.3,2025-08-12,1,Delhi,Mobile App,UPI,False,In Transit
U236323,P61270,Clothing,Women,LG,1228.44,21.68,962.14,4.7,100,94,S5683,2.8,2025-12-15,2,Bangalore,Mobile App,Cash on Delivery,False,Delayed
U758229,P34480,Home,Furniture,HP,4017.94,48.75,2059.21,3.6,11,338,S3448,4.1,2024-04-04,2,Delhi,Mobile App,Credit Card,False,In Transit
U873040,P14187,Home,Furniture,Apple,6684.71,9.09,6076.83,3.5,5,292,S1652,3.6,2026-01-24,3,Delhi,Tablet,Cash on Delivery,False,Delayed
U768159,P80911,Electronics,Headphones,Adidas,59343.13,26.67,43517.32,5.0,53,284,S7783,3.4,2024-10-01,3,Delhi,Tablet,Debit Card,True,Returned
U192679,P60335,Clothing,Men,Nike,3596.84,38.86,2199.29,4.4,24,201,S8275,3.0,2025-03-17,1,Delhi,Mobile App,Credit Card,False,Delayed
U578715,P53788,Electronics,Headphones,Zara,34103.68,29.19,24149.44,4.1,13,386,S9897,3.8,2025-04-20,6,Bangalore,Web,Debit Card,False,Delayed
U872744,P87803,Clothing,Men,Nike,3853.53,30.31,2685.49,3.5,11,394,S7938,3.1,2025-06-21,1,Chennai,Web,Credit Card,False,In Transit
U803632,P33485,Electronics,Laptop,Adidas,58392.29,23.21,44838.77,3.8,9,408,S1138,4.6,2024-07-31,3,Hyderabad,Tablet,Credit Card,False,In Transit
U181513,P43532,Home,Kitchen,Lenovo,8225.03,30.92,5682.02,3.8,133,236,S8591,2.7,2024-09-27,5,Mumbai,Mobile App,Credit Card,False,Delivered
U982747,P31247,Beauty,Skincare,Apple,4510.38,34.55,2951.97,3.2,18,115,S1100,4.7,2025-07-27,5,Bangalore,Mobile App,Credit Card,False,In Transit
U860801,P96540,Clothing,Men,Zara,2638.35,46.62,1408.44,4.1,6,87,S2106,3.6,2024-07-06,1,Chennai,Web,UPI,False,Delayed
U819737,P57977,Sports,Outdoor,H&M,12360.72,24.82,9292.25,3.0,23,289,S2547,3.8,2024-10-29,4,Delhi,Web,UPI,False,Delivered
U489470,P53557,Sports,Outdoor,Adidas,4969.42,49.47,2510.99,4.4,28,281,S2336,3.7,2025-03-17,5,Chennai,Tablet,Debit Card,False,Delayed
U838174,P22346,Beauty,Haircare,Puma,391.78,32.38,264.93,4.3,14,195,S9466,2.9,2024-11-18,5,Mumbai,Mobile App,UPI,False,In Transit
U999762,P38304,Clothing,Women,Lenovo,2428.13,51.13,1186.59,3.5,19,34,S9970,4.8,2025-10-09,5,Chennai,Web,Credit Card,False,Delayed
U389523,P53476,Sports,Outdoor,Nike,10781.62,31.46,7389.52,3.3,64,492,S6095,4.4,2025-11-27,4,Chennai,Mobile App,UPI,False,Delayed
U270407,P10159,Clothing,Men,H&M,1363.93,47.11,721.43,4.2,1,27,S3910,4.2,2026-01-12,1,Hyderabad,Tablet,Credit Card,False,Delayed
U241841,P96833,Home,Decor,Nike,3418.04,6.15,3207.91,3.5,12,484,S3547,3.7,2024-08-17,1,Mumbai,Mobile App,Debit Card,True,Returned
U392302,P95830,Electronics,Headphones,Sony,76834.0,18.13,62901.35,4.0,12,108,S3157,4.5,2024-12-07,2,Hyderabad,Tablet,UPI,False,Delivered
U845055,P35727,Beauty,Makeup,HP,2665.89,14.45,2280.54,4.2,12,358,S1167,2.7,2026-03-22,3,Chennai,Tablet,Credit Card,False,Delayed
U153170,P46306,Electronics,Laptop,Samsung,60415.57,30.44,42026.69,4.2,8,479,S3445,2.7,2024-05-02,1,Mumbai,Mobile App,Credit Card,True,Returned
U476622,P26671,Clothing,Kids,Puma,2299.78,64.08,826.02,3.5,23,356,S2691,2.6,2025-04-16,1,Hyderabad,Mobile App,Debit Card,False,Delayed
U198080,P64778,Clothing,Men,Nike,4907.49,28.73,3497.58,3.4,38,171,S1770,2.8,2024-07-06,4,Chennai,Web,Debit Card,False,In Transit
U461165,P87970,Clothing,Men,Zara,4659.47,43.59,2628.41,3.0,58,118,S8208,3.3,2024-06-21,5,Delhi,Web,Cash on Delivery,False,In Transit
U663367,P39392,Beauty,Haircare,Apple,2381.13,45.43,1299.33,4.2,3,67,S2163,3.1,2024-04-27,3,Chennai,Tablet,UPI,False,Delayed
U815795,P99887,Clothing,Kids,Apple,3014.6,48.31,1558.12,4.5,109,500,S2212,2.7,2024-08-30,3,Hyderabad,Web,Debit Card,False,In Transit
U885461,P79584,Sports,Fitness,Nike,4483.57,28.95,3185.65,3.8,9,111,S2955,4.0,2025-10-21,3,Chennai,Mobile App,Debit Card,False,Delivered
U505903,P61364,Sports,Outdoor,Apple,7056.33,15.14,5988.22,3.7,6,83,S3471,4.7,2024-12-08,5,Chennai,Tablet,UPI,False,Delivered
U625428,P17323,Electronics,Camera,Puma,29599.88,13.01,25749.18,3.9,11,187,S7649,4.8,2025-10-31,1,Delhi,Tablet,Debit Card,True,Returned
U501777,P40653,Beauty,Makeup,Puma,3938.35,29.46,2778.25,4.1,222,358,S7455,4.5,2025-03-01,1,Delhi,Mobile App,UPI,False,Delayed
U163380,P49740,Sports,Outdoor,LG,6451.03,25.66,4795.83,4.1,12,297,S5701,4.9,2024-06-08,1,Bangalore,Web,Debit Card,False,Delayed
U305884,P99765,Electronics,Camera,Boat,11608.89,30.68,8047.5,3.7,61,156,S4089,3.8,2026-02-08,3,Hyderabad,Tablet,Credit Card,False,Delayed
U778662,P89235,Beauty,Makeup,Samsung,915.67,38.16,566.25,5.0,11,192,S3740,4.0,2025-05-25,4,Bangalore,Web,Credit Card,False,Delivered
U974536,P25397,Clothing,Women,Nike,3647.34,16.0,3063.59,3.6,16,45,S5841,4.6,2025-02-12,2,Hyderabad,Mobile App,Debit Card,False,Delivered
U786341,P82719,Beauty,Haircare,Nike,1651.04,27.0,1205.26,4.1,7,356,S6252,3.4,2024-08-11,4,Bangalore,Web,Credit Card,False,Delivered
U659730,P74617,Sports,Cycling,Zara,12341.82,38.02,7649.34,3.6,8,485,S2607,4.1,2024-08-05,2,Delhi,Tablet,Cash on Delivery,False,Delivered
U789978,P88746,Clothing,Kids,Sony,2607.35,41.67,1520.77,4.6,23,292,S7230,3.9,2024-12-16,1,Delhi,Web,Credit Card,False,Delivered
U855148,P46927,Sports,Outdoor,Adidas,9746.13,34.45,6388.28,4.0,7,484,S8551,4.0,2024-06-22,3,Mumbai,Mobile App,Debit Card,False,Delayed
U335838,P42181,Electronics,Headphones,Lenovo,73163.85,11.65,64640.02,4.5,20,133,S4314,3.6,2026-02-13,1,Mumbai,Mobile App,Credit Card,False,Delivered
U623772,P63171,Electronics,Headphones,Zara,61243.81,7.43,56690.55,5.0,81,14,S7125,3.7,2024-06-17,3,Chennai,Tablet,Debit Card,False,In Transit
U807935,P45201,Beauty,Haircare,Boat,1642.16,30.39,1143.19,4.5,11,255,S6420,4.3,2024-04-04,6,Chennai,Web,Cash on Delivery,False,Delayed
U309052,P57250,Home,Decor,Zara,13685.72,33.32,9125.53,3.2,23,495,S4930,3.2,2024-09-15,5,Bangalore,Web,Debit Card,False,Delayed
U863503,P87941,Beauty,Makeup,Boat,3120.26,41.73,1818.19,4.2,11,397,S9237,4.8,2025-11-06,2,Hyderabad,Web,UPI,False,In Transit
U285685,P54991,Clothing,Women,Nike,3874.68,10.13,3481.99,4.2,3,146,S7061,4.1,2024-11-09,4,Delhi,Mobile App,UPI,False,Delayed
U191790,P54786,Home,Decor,Sony,5498.67,33.65,3648.55,3.5,50,94,S7538,4.2,2025-12-07,6,Chennai,Tablet,Credit Card,False,In Transit
U416761,P68547,Home,Decor,Boat,4406.74,12.77,3843.87,3.7,13,93,S2848,4.7,2025-07-07,4,Hyderabad,Mobile App,UPI,False,In Transit
U914659,P87136,Home,Furniture,Adidas,9517.48,40.7,5644.02,3.0,56,60,S5353,3.9,2024-10-15,6,Bangalore,Mobile App,Cash on Delivery,True,Returned
U782271,P81363,Electronics,Headphones,Samsung,68030.38,30.1,47552.56,3.8,30,298,S4201,2.8,2024-10-31,4,Bangalore,Mobile App,Credit Card,False,In Transit
U323861,P17318,Electronics,Headphones,LG,37276.21,15.96,31328.48,3.8,31,231,S7760,4.6,2025-02-25,6,Bangalore,Mobile App,Cash on Delivery,False,Delivered
U776978,P99949,Electronics,Mobile,Samsung,57921.89,9.81,52240.13,3.8,16,374,S2998,2.8,2025-12-26,4,Chennai,Web,Debit Card,False,Delivered
U865344,P81956,Clothing,Men,Apple,2395.56,58.16,1002.34,3.9,21,228,S2513,3.0,2026-01-26,6,Bangalore,Tablet,Debit Card,False,In Transit
U875028,P33097,Clothing,Men,LG,856.7,16.47,715.58,3.7,14,221,S9281,4.5,2024-10-20,1,Bangalore,Web,Debit Card,False,In Transit
U303419,P94255,Beauty,Skincare,Apple,4358.44,14.59,3722.36,3.4,169,494,S3680,4.9,2026-02-01,3,Hyderabad,Tablet,UPI,False,Delayed
U333375,P68288,Sports,Outdoor,LG,4432.65,26.27,3268.33,4.2,26,236,S8421,4.5,2024-09-12,5,Mumbai,Mobile App,Cash on Delivery,False,In Transit
U590765,P10446,Home,Kitchen,Adidas,2905.64,21.4,2283.81,3.7,6,57,S5565,4.8,2026-03-01,4,Mumbai,Mobile App,UPI,False,Delayed
U165936,P13222,Home,Furniture,Puma,17395.49,36.34,11074.73,4.4,36,474,S7020,3.2,2025-11-13,1,Chennai,Web,UPI,False,Delivered
U864923,P26780,Electronics,Laptop,Puma,47505.68,20.12,37948.86,4.6,164,33,S6065,3.4,2025-02-19,1,Mumbai,Mobile App,Debit Card,False,In Transit
U733565,P49468,Clothing,Men,Boat,4754.89,40.13,2846.97,4.4,26,116,S3022,3.0,2025-01-15,4,Delhi,Mobile App,Cash on Delivery,False,Delayed
U308099,P25941,Electronics,Camera,Nike,52981.55,7.49,49012.46,3.8,71,101,S7194,4.4,2024-05-26,1,Delhi,Tablet,Debit Card,False,In Transit
U855861,P13511,Clothing,Kids,Boat,3202.3,67.95,1026.34,3.1,64,307,S4055,2.6,2024-05-13,3,Mumbai,Tablet,Cash on Delivery,False,Delivered
U745262,P56169,Home,Furniture,H&M,5467.72,36.85,3452.69,3.4,35,423,S4493,4.6,2024-11-04,4,Bangalore,Mobile App,Credit Card,False,Delivered
U337858,P90733,Clothing,Kids,H&M,3473.68,47.84,1811.95,4.1,10,97,S9555,4.1,2024-11-13,1,Hyderabad,Tablet,Credit Card,False,Delivered
U919838,P56404,Home,Kitchen,Puma,9379.09,48.56,4824.39,4.8,9,115,S3116,4.1,2024-11-26,2,Mumbai,Mobile App,Cash on Delivery,False,In Transit
U516385,P22011,Electronics,Headphones,Samsung,26973.48,34.19,17750.83,5.0,10,464,S1802,4.9,2025-11-09,4,Hyderabad,Tablet,Cash on Delivery,False,Delivered
U622016,P25832,Sports,Fitness,Boat,6455.36,45.25,3534.53,3.9,9,391,S9284,3.6,2025-03-14,2,Chennai,Mobile App,Credit Card,False,In Transit
U230737,P30443,Electronics,Mobile,Samsung,51410.47,6.47,48086.47,4.0,20,202,S2634,3.1,2024-06-23,4,Hyderabad,Web,Credit Card,False,Delayed
U616942,P97322,Sports,Cycling,Nike,12605.38,23.43,9652.43,4.3,25,406,S8122,3.8,2024-11-06,3,Delhi,Tablet,Debit Card,False,Delayed
U440065,P68014,Home,Kitchen,Puma,3431.21,28.31,2459.96,2.8,2,385,S5303,3.6,2024-11-15,1,Mumbai,Mobile App,Credit Card,True,Returned
U248514,P31153,Clothing,Men,H&M,1820.95,59.99,728.59,4.4,23,470,S9328,3.6,2026-01-17,5,Mumbai,Mobile App,UPI,False,Delayed
U687426,P97864,Home,Kitchen,Nike,7537.47,7.56,6967.48,3.2,18,439,S3527,4.3,2026-01-28,5,Bangalore,Tablet,Credit Card,False,Delivered
U291931,P90993,Home,Kitchen,Samsung,6872.97,31.14,4732.87,2.9,56,172,S4458,3.2,2026-01-27,1,Hyderabad,Web,UPI,True,Returned
U937537,P42065,Beauty,Skincare,Zara,3640.02,33.11,2434.99,3.7,12,34,S2879,4.1,2025-12-16,1,Hyderabad,Tablet,UPI,False,In Transit
U209619,P40974,Beauty,Haircare,Puma,1499.11,35.75,963.1,4.9,27,3,S8955,4.9,2024-10-03,2,Bangalore,Tablet,Debit Card,False,Delivered
U439695,P29463,Sports,Outdoor,Apple,5830.43,43.87,3272.34,3.8,12,6,S2175,4.6,2025-01-16,1,Chennai,Mobile App,Cash on Delivery,False,Delivered
U922655,P47594,Beauty,Haircare,Samsung,3461.07,28.96,2458.82,3.7,5,339,S7542,4.9,2025-08-15,1,Chennai,Mobile App,Cash on Delivery,False,Delayed
U865982,P46287,Home,Kitchen,Apple,11295.55,8.45,10340.91,4.0,39,404,S8801,2.9,2024-09-15,4,Bangalore,Mobile App,Debit Card,False,In Transit
U756627,P96466,Home,Decor,Apple,16394.72,49.97,8202.7,4.2,37,34,S7034,4.0,2025-08-15,1,Mumbai,Mobile App,Cash on Delivery,False,Delayed
U903657,P98241,Home,Furniture,Apple,15025.6,29.13,10648.47,3.6,9,175,S6405,2.5,2024-04-13,1,Chennai,Web,Debit Card,False,Delivered
U855914,P59279,Sports,Cycling,Apple,14547.94,48.75,7455.18,3.2,94,303,S4465,4.6,2024-12-04,6,Chennai,Tablet,Debit Card,False,In Transit
U163122,P72542,Sports,Outdoor,LG,7738.16,10.65,6914.39,5.0,127,411,S1008,4.1,2025-09-10,4,Mumbai,Mobile App,UPI,False,In Transit
U174575,P91625,Clothing,Women,Nike,1777.39,33.19,1187.52,2.9,14,443,S9128,4.0,2025-04-05,1,Delhi,Mobile App,Credit Card,False,Delayed
U311587,P84917,Electronics,Laptop,Sony,27796.39,12.02,24454.5,4.0,25,124,S8045,4.5,2025-01-15,3,Delhi,Tablet,Cash on Delivery,False,In Transit
U525704,P14762,Sports,Cycling,Zara,4097.37,36.98,2582.29,3.6,84,289,S9572,2.9,2025-10-28,2,Hyderabad,Web,Credit Card,False,Delivered
U342561,P20473,Clothing,Women,Puma,3642.21,42.29,2101.76,4.5,110,408,S4037,2.8,2026-01-17,6,Hyderabad,Mobile App,Cash on Delivery,False,Delayed
U455591,P85599,Beauty,Haircare,Samsung,2435.77,42.55,1399.24,4.1,11,493,S9690,4.3,2026-02-04,4,Hyderabad,Tablet,Cash on Delivery,False,Delayed
U981495,P93545,Sports,Outdoor,LG,13025.28,27.86,9396.83,4.0,89,479,S4407,2.7,2025-05-26,1,Mumbai,Tablet,Debit Card,False,Delivered
U444788,P50470,Electronics,Mobile,Zara,48870.12,25.27,36521.8,4.7,173,96,S1505,2.8,2025-11-17,4,Hyderabad,Tablet,Debit Card,False,Delivered
U266240,P25866,Clothing,Men,Nike,1858.24,13.14,1614.04,3.8,25,300,S2134,3.4,2025-03-30,4,Delhi,Web,UPI,False,In Transit
U690390,P93897,Beauty,Makeup,Sony,567.62,17.01,471.07,3.7,5,233,S5654,2.5,2025-12-14,4,Bangalore,Web,UPI,False,Delayed
U688526,P70852,Electronics,Mobile,Nike,31484.86,36.99,19838.61,4.1,51,202,S6016,3.1,2024-09-30,6,Hyderabad,Web,Cash on Delivery,False,In Transit
U721895,P69000,Beauty,Makeup,HP,3245.11,28.38,2324.07,4.6,33,472,S6071,3.4,2025-12-30,6,Hyderabad,Mobile App,Cash on Delivery,True,Returned
U824174,P14426,Clothing,Women,LG,4341.22,31.46,2975.33,4.9,24,131,S6416,4.3,2024-10-24,5,Hyderabad,Mobile App,UPI,True,Returned
U832987,P38913,Beauty,Skincare,LG,3901.01,15.34,3302.49,4.6,39,240,S4263,2.7,2025-05-10,2,Bangalore,Mobile App,Cash on Delivery,False,In Transit
U586961,P67852,Sports,Outdoor,HP,5675.05,36.53,3602.18,3.7,21,40,S2800,2.8,2024-07-13,1,Mumbai,Tablet,Debit Card,True,Returned
U333559,P52086,Clothing,Kids,H&M,3961.08,24.19,3002.99,3.4,26,105,S1811,3.6,2025-12-02,1,Hyderabad,Tablet,Debit Card,False,Delayed
U485883,P55844,Beauty,Haircare,Samsung,3565.98,6.88,3320.5,3.3,7,56,S3646,2.6,2024-11-30,1,Mumbai,Tablet,Credit Card,False,In Transit
U414268,P40771,Beauty,Haircare,Adidas,2881.82,30.06,2015.58,3.4,49,40,S6144,4.6,2024-12-10,6,Hyderabad,Tablet,Debit Card,False,Delayed
U741439,P61573,Sports,Cycling,HP,12982.53,34.19,8544.25,4.1,81,178,S5615,3.0,2024-05-12,4,Bangalore,Web,Cash on Delivery,False,Delivered
U881534,P39020,Home,Kitchen,Sony,8101.24,44.97,4458.2,3.7,62,157,S5217,4.2,2024-09-19,1,Bangalore,Mobile App,Debit Card,False,Delayed
U717703,P42058,Electronics,Camera,HP,78110.58,20.88,61797.39,4.5,49,385,S4972,2.6,2024-12-06,5,Chennai,Tablet,Debit Card,False,In Transit
U702847,P45342,Sports,Outdoor,Sony,12951.25,30.21,9039.1,3.3,3,449,S7716,3.9,2024-09-27,3,Mumbai,Web,UPI,True,Returned
U279660,P29150,Sports,Cycling,Zara,10112.76,27.61,7320.82,4.4,12,114,S1782,4.5,2024-06-06,5,Chennai,Tablet,Debit Card,False,Delayed
U858693,P38642,Beauty,Skincare,HP,2542.86,10.02,2288.1,3.0,11,294,S9735,4.1,2024-05-20,3,Hyderabad,Tablet,Debit Card,False,Delivered
U897178,P84843,Clothing,Men,Apple,915.67,40.16,547.91,3.4,6,228,S3114,3.4,2024-06-28,1,Delhi,Mobile App,Credit Card,True,Returned
U442699,P49499,Electronics,Camera,Samsung,27442.75,25.77,20371.61,4.4,18,460,S9496,3.4,2025-06-12,2,Hyderabad,Web,Credit Card,False,In Transit
U939230,P86756,Beauty,Makeup,LG,308.67,19.88,247.32,3.4,51,67,S3058,4.1,2025-05-20,6,Hyderabad,Mobile App,Credit Card,False,Delivered
U553862,P49896,Electronics,Headphones,Sony,75623.21,29.27,53489.52,4.9,219,195,S2050,3.1,2024-12-13,6,Chennai,Mobile App,Credit Card,False,Delayed
U211816,P27873,Electronics,Mobile,Nike,13425.29,31.45,9203.12,4.3,12,398,S2880,2.7,2025-11-07,4,Bangalore,Mobile App,Cash on Delivery,False,In Transit
U510628,P34944,Beauty,Makeup,Lenovo,722.44,24.33,546.67,3.4,50,169,S6527,4.0,2025-11-05,6,Chennai,Tablet,Cash on Delivery,False,Delivered
U739090,P38626,Sports,Outdoor,Apple,5478.09,43.39,3100.99,3.1,23,483,S2126,3.4,2025-07-22,5,Chennai,Web,Debit Card,False,Delayed
U515811,P60841,Home,Furniture,Sony,19547.98,30.35,13614.56,4.3,30,113,S2386,4.0,2025-01-18,6,Bangalore,Mobile App,Credit Card,True,Returned
U314647,P48879,Sports,Cycling,LG,13869.14,37.96,8603.97,4.7,19,455,S4007,2.6,2024-12-18,1,Delhi,Mobile App,Cash on Delivery,False,Delivered
U425087,P69967,Clothing,Men,Adidas,4124.92,63.73,1496.22,3.8,41,149,S4000,4.1,2024-05-19,2,Mumbai,Web,Cash on Delivery,True,Returned
U415891,P40407,Clothing,Kids,Apple,2061.45,10.27,1849.76,3.8,2,339,S8385,3.9,2024-05-10,1,Delhi,Tablet,Cash on Delivery,False,Delayed
U678991,P95344,Beauty,Haircare,Samsung,3912.62,43.79,2199.16,4.3,5,160,S3307,4.2,2025-06-22,5,Delhi,Tablet,Debit Card,False,In Transit
U778044,P96856,Sports,Fitness,Nike,5731.38,44.49,3181.67,4.0,8,497,S8983,2.5,2024-05-26,5,Delhi,Web,Debit Card,False,Delivered
U416772,P37241,Beauty,Makeup,Adidas,937.73,29.05,665.31,4.4,22,430,S6218,4.8,2026-02-22,3,Delhi,Mobile App,Credit Card,False,Delivered
U269855,P83280,Sports,Outdoor,Samsung,6504.39,35.61,4188.12,3.4,15,312,S5592,4.3,2026-03-20,4,Mumbai,Web,Cash on Delivery,False,In Transit
U308635,P36350,Clothing,Women,LG,4804.86,12.89,4185.63,4.7,5,68,S9524,2.8,2024-05-10,2,Mumbai,Mobile App,Credit Card,False,Delivered
U520764,P85185,Clothing,Men,Nike,2207.74,39.47,1336.26,3.8,24,55,S4531,3.9,2025-08-25,1,Bangalore,Mobile App,UPI,False,Delivered
U528124,P71400,Electronics,Laptop,Adidas,73240.32,19.51,58948.25,4.5,19,225,S2109,4.6,2025-08-14,3,Bangalore,Tablet,UPI,False,Delayed
U558793,P65950,Beauty,Makeup,LG,308.08,20.73,244.23,4.1,8,72,S8837,3.1,2024-09-14,5,Delhi,Tablet,Debit Card,True,Returned
U281991,P46437,Home,Furniture,H&M,3045.21,19.47,2452.32,4.2,19,328,S7065,4.4,2025-03-25,2,Delhi,Mobile App,UPI,False,Delivered
U683143,P43857,Clothing,Men,H&M,1970.82,29.76,1384.28,3.2,8,417,S8989,4.6,2025-02-06,5,Chennai,Mobile App,Credit Card,False,Delivered
U148933,P26653,Clothing,Women,H&M,3295.37,57.89,1387.71,4.2,61,276,S5849,2.7,2026-01-06,4,Mumbai,Web,UPI,False,Delayed
U271344,P96758,Electronics,Mobile,Puma,23178.23,32.22,15709.27,4.0,24,408,S3169,2.9,2026-02-09,4,Mumbai,Web,UPI,False,In Transit
U971707,P43940,Electronics,Camera,H&M,31547.29,18.29,25777.39,3.9,7,338,S9953,2.6,2025-07-13,4,Hyderabad,Web,UPI,False,In Transit
U211013,P91565,Beauty,Makeup,Sony,3190.97,24.84,2398.35,4.5,5,402,S3996,4.1,2025-02-05,5,Hyderabad,Web,UPI,False,In Transit
U662899,P67764,Home,Decor,Lenovo,17193.37,48.56,8844.63,3.5,47,78,S8686,4.4,2025-01-07,1,Mumbai,Tablet,Credit Card,False,In Transit
U432039,P88485,Sports,Fitness,Nike,11798.68,32.27,7991.32,3.6,8,20,S6623,4.2,2025-12-22,4,Mumbai,Web,Cash on Delivery,False,Delayed
U859910,P29324,Home,Decor,Sony,11685.56,10.55,10452.16,3.5,7,484,S5053,3.2,2026-02-24,5,Chennai,Web,Credit Card,False,Delayed
U933019,P34419,Clothing,Women,HP,4576.22,54.45,2084.6,3.6,33,51,S3129,3.8,2025-01-10,4,Delhi,Mobile App,UPI,False,Delivered
U347155,P55436,Electronics,Camera,Lenovo,10227.85,29.7,7190.53,3.8,10,352,S7814,3.8,2025-02-06,4,Delhi,Tablet,UPI,True,Returned
U405500,P14725,Electronics,Camera,Samsung,53192.99,20.13,42485.61,3.7,46,408,S4695,3.5,2025-12-01,3,Hyderabad,Tablet,Credit Card,False,In Transit
U286859,P88404,Electronics,Headphones,H&M,67875.93,13.02,59038.21,5.0,6,162,S2792,3.8,2026-03-19,6,Bangalore,Web,UPI,True,Returned
U506648,P43361,Clothing,Men,Nike,2206.09,24.84,1658.08,3.6,116,127,S4609,4.5,2024-11-04,5,Hyderabad,Tablet,Cash on Delivery,False,Delivered
U256923,P28919,Clothing,Men,LG,3807.12,61.33,1472.26,4.5,29,57,S7155,2.6,2026-02-14,4,Bangalore,Mobile App,Cash on Delivery,False,Delayed
U777431,P60135,Home,Decor,Sony,17507.37,6.4,16387.55,3.8,55,435,S4151,3.5,2025-04-09,4,Chennai,Mobile App,UPI,False,Delayed
U408729,P49589,Sports,Fitness,Adidas,4209.81,36.72,2663.84,4.1,88,226,S1303,4.9,2025-06-24,5,Bangalore,Web,Cash on Delivery,False,Delayed
U384124,P70899,Sports,Cycling,LG,10480.46,48.7,5376.3,4.2,10,10,S3723,3.0,2025-02-25,3,Delhi,Mobile App,Debit Card,False,Delayed
U174838,P90226,Beauty,Haircare,Zara,359.98,41.78,209.59,4.5,4,392,S6131,3.1,2025-07-01,4,Bangalore,Mobile App,Cash on Delivery,False,In Transit
U516558,P65985,Home,Decor,H&M,5772.39,17.87,4740.6,4.4,69,324,S4427,2.6,2024-12-13,1,Mumbai,Mobile App,Debit Card,True,Returned
U574323,P75274,Beauty,Skincare,Sony,322.66,24.9,242.33,3.4,51,242,S6224,3.5,2025-12-18,2,Mumbai,Mobile App,Credit Card,False,In Transit
U184466,P62345,Sports,Fitness,Samsung,13304.48,46.76,7083.41,3.6,5,178,S9892,4.4,2026-01-29,3,Hyderabad,Mobile App,Credit Card,False,Delayed
U700524,P30665,Clothing,Men,Zara,2323.96,60.16,925.84,4.2,45,77,S5683,3.7,2025-05-16,6,Bangalore,Mobile App,UPI,False,In Transit
U720140,P51647,Beauty,Skincare,Samsung,2427.56,30.43,1688.75,4.3,4,161,S7590,3.3,2024-09-28,2,Mumbai,Mobile App,Cash on Delivery,False,Delivered
U777120,P63556,Beauty,Haircare,H&M,4325.57,5.07,4106.47,3.7,17,88,S5860,2.8,2024-10-18,3,Mumbai,Tablet,Credit Card,False,Delivered
U795463,P43975,Beauty,Makeup,Apple,4229.44,24.69,3185.09,4.9,8,319,S9427,2.7,2024-04-24,3,Bangalore,Mobile App,Debit Card,False,Delivered
U333869,P95813,Clothing,Men,H&M,3413.06,49.02,1739.96,4.1,18,275,S1662,4.5,2024-04-10,3,Delhi,Mobile App,Debit Card,False,Delayed
U167352,P94196,Sports,Fitness,H&M,1264.0,46.43,677.1,3.5,29,42,S3896,3.0,2024-05-29,5,Mumbai,Mobile App,UPI,False,Delivered
U636201,P96867,Electronics,Headphones,H&M,76861.31,13.46,66517.16,4.3,5,466,S2845,3.0,2025-04-12,6,Bangalore,Tablet,Debit Card,True,Returned
U537420,P80226,Sports,Fitness,Boat,9285.07,22.24,7220.1,4.0,8,255,S7577,3.3,2025-01-11,2,Chennai,Web,UPI,False,Delivered
U374877,P82911,Sports,Fitness,Lenovo,4333.28,5.27,4104.92,3.8,5,275,S1958,4.8,2025-07-31,4,Bangalore,Web,Debit Card,False,In Transit
U933211,P60890,Clothing,Kids,Samsung,2987.9,63.56,1088.79,3.9,15,90,S9232,4.2,2025-07-15,5,Delhi,Web,Cash on Delivery,False,Delayed
U646078,P52898,Sports,Outdoor,Adidas,14840.22,12.88,12929.21,4.0,188,397,S7352,4.0,2025-08-16,6,Bangalore,Tablet,Cash on Delivery,False,In Transit
U724734,P67061,Beauty,Haircare,Sony,301.59,16.93,250.54,3.9,10,370,S3118,4.9,2026-01-28,5,Delhi,Mobile App,Debit Card,False,Delayed
U849584,P67162,Clothing,Men,HP,3908.36,33.03,2617.59,3.2,24,414,S3372,4.5,2024-07-28,5,Mumbai,Mobile App,UPI,False,Delivered
U147680,P47266,Clothing,Men,Sony,2898.62,60.26,1152.05,3.8,18,83,S5144,4.9,2025-02-06,2,Delhi,Tablet,Credit Card,False,Delivered
U695960,P24669,Home,Decor,Puma,6776.25,9.26,6148.98,3.5,40,46,S8717,3.2,2024-06-10,2,Chennai,Tablet,Cash on Delivery,True,Returned
U722918,P90342,Clothing,Women,HP,986.31,60.02,394.28,3.1,279,142,S9631,3.5,2025-04-18,2,Chennai,Mobile App,Credit Card,False,Delayed
U120869,P17472,Clothing,Men,H&M,2989.89,15.82,2516.85,2.9,48,112,S8077,5.0,2025-03-22,2,Chennai,Web,Cash on Delivery,False,Delivered
U105644,P55591,Clothing,Kids,Samsung,4566.71,25.79,3388.78,4.9,8,479,S4222,2.6,2025-07-07,2,Delhi,Tablet,Credit Card,False,Delayed
U297711,P22630,Home,Furniture,Lenovo,7455.91,48.71,3823.92,5.0,41,1,S6271,5.0,2024-09-08,4,Hyderabad,Tablet,UPI,False,In Transit
U346355,P82067,Clothing,Women,Adidas,919.68,58.92,377.8,3.4,34,363,S1031,3.7,2025-10-05,1,Chennai,Web,Credit Card,False,In Transit
U904579,P90145,Sports,Fitness,Zara,3102.77,39.32,1882.62,3.4,7,31,S1977,4.9,2024-11-28,3,Chennai,Web,Cash on Delivery,False,Delayed
U355921,P39771,Beauty,Skincare,Puma,1579.74,24.07,1199.43,3.2,48,90,S4388,2.9,2025-09-19,2,Hyderabad,Tablet,Cash on Delivery,False,Delayed
U883269,P20918,Clothing,Men,Puma,2893.58,40.05,1734.67,3.8,21,258,S6508,4.3,2024-04-12,6,Hyderabad,Tablet,UPI,False,Delayed
U576971,P23730,Sports,Outdoor,Nike,8294.03,32.56,5593.47,3.8,6,126,S8111,3.6,2025-08-24,5,Hyderabad,Tablet,Debit Card,False,Delivered
U796069,P76301,Electronics,Mobile,Adidas,74003.66,31.78,50487.96,4.9,44,405,S3569,3.0,2025-10-31,3,Mumbai,Mobile App,Credit Card,True,Returned
U990396,P76597,Sports,Fitness,Apple,4446.89,12.55,3888.72,4.0,14,374,S4666,3.6,2025-06-26,2,Chennai,Web,Credit Card,False,In Transit
U600035,P52646,Sports,Cycling,Apple,620.25,18.74,504.0,4.5,33,362,S1324,2.7,2025-08-31,5,Chennai,Web,Cash on Delivery,False,In Transit
U543014,P92463,Beauty,Skincare,Zara,662.68,48.79,339.35,4.2,22,370,S7065,4.8,2024-06-26,5,Delhi,Tablet,Credit Card,False,Delivered
U359378,P19838,Sports,Cycling,Apple,4984.25,19.69,4002.75,4.2,23,318,S3087,3.3,2025-09-19,6,Bangalore,Web,Cash on Delivery,False,In Transit
U469458,P87780,Electronics,Camera,Lenovo,11722.45,36.41,7454.33,4.2,5,214,S9736,2.6,2026-01-28,2,Delhi,Tablet,Credit Card,False,Delayed
U286851,P98546,Home,Kitchen,Zara,11903.37,35.32,7698.51,4.5,25,8,S3468,2.9,2026-01-07,1,Hyderabad,Tablet,Cash on Delivery,False,In Transit
U503148,P32389,Home,Decor,Boat,4912.71,21.48,3857.61,3.2,71,313,S6798,3.3,2025-04-21,6,Chennai,Tablet,UPI,False,Delivered
U746701,P76483,Home,Kitchen,Adidas,16302.05,36.32,10380.58,2.6,27,303,S3662,4.5,2025-01-20,6,Bangalore,Web,Debit Card,True,Returned
U758793,P93422,Clothing,Kids,Sony,3555.86,28.34,2548.26,3.8,17,4,S8280,3.2,2026-02-03,2,Hyderabad,Tablet,Debit Card,False,Delivered
U381141,P92234,Sports,Cycling,Samsung,8353.07,14.91,7107.39,3.5,57,243,S3338,3.0,2025-07-04,1,Hyderabad,Tablet,Cash on Delivery,False,In Transit
U701981,P91098,Sports,Outdoor,Apple,13647.02,45.43,7447.7,3.7,5,202,S8936,3.8,2025-08-28,4,Hyderabad,Mobile App,UPI,False,Delayed
U367292,P83288,Sports,Outdoor,Sony,9202.21,6.04,8646.05,3.8,3,180,S5656,4.6,2025-04-25,1,Hyderabad,Web,Debit Card,False,Delivered
U988122,P49618,Sports,Fitness,HP,5193.96,46.27,2790.55,3.8,10,57,S7733,2.9,2025-05-06,2,Chennai,Web,Credit Card,False,In Transit
U316277,P62254,Beauty,Haircare,Zara,1310.98,48.98,668.81,4.1,43,375,S9788,4.6,2025-06-03,2,Bangalore,Tablet,UPI,False,In Transit
U378104,P48012,Home,Decor,Lenovo,19997.93,26.93,14612.95,4.1,13,161,S1161,3.3,2024-07-31,2,Delhi,Tablet,Credit Card,False,Delayed
U279203,P25501,Sports,Outdoor,Samsung,8205.83,38.45,5051.04,4.4,14,427,S1514,5.0,2024-08-30,5,Bangalore,Mobile App,Cash on Delivery,False,Delivered
U403959,P82466,Beauty,Skincare,Boat,1440.68,42.89,822.75,4.2,12,308,S2002,4.1,2025-07-01,6,Hyderabad,Mobile App,Credit Card,False,In Transit
U209444,P39024,Sports,Outdoor,LG,13420.38,31.69,9167.48,4.0,20,0,S9841,2.7,2024-08-18,4,Chennai,Tablet,Credit Card,False,Delayed
U799145,P80891,Electronics,Headphones,Puma,42619.18,34.27,28012.62,3.7,5,282,S4882,3.5,2025-05-31,2,Bangalore,Tablet,Cash on Delivery,False,In Transit
U115276,P29579,Electronics,Headphones,Boat,8662.69,34.1,5708.72,4.3,29,473,S8324,3.5,2024-09-23,3,Mumbai,Web,UPI,False,Delivered
U855188,P61167,Electronics,Laptop,Samsung,66087.76,9.71,59673.43,5.0,5,389,S7607,3.4,2024-10-03,5,Bangalore,Mobile App,Debit Card,False,Delayed
U407006,P22725,Clothing,Men,LG,1676.06,54.52,762.24,2.9,7,285,S5277,3.5,2025-10-03,4,Hyderabad,Tablet,Credit Card,False,In Transit
U570627,P84643,Sports,Cycling,Sony,13752.82,31.31,9446.88,3.5,15,26,S9235,3.8,2025-09-18,5,Hyderabad,Web,UPI,False,Delayed
U773960,P14576,Electronics,Camera,Nike,75223.15,11.72,66409.06,4.1,56,15,S2851,4.0,2026-02-14,1,Hyderabad,Tablet,Credit Card,False,In Transit
U342143,P45570,Home,Decor,Apple,5259.43,48.12,2728.68,3.6,283,470,S5843,4.4,2024-07-04,1,Delhi,Web,Debit Card,False,Delivered
U607456,P45947,Sports,Cycling,Samsung,6458.23,40.17,3864.27,4.4,14,340,S6618,3.6,2025-02-08,1,Hyderabad,Web,Cash on Delivery,False,In Transit
U248649,P26521,Clothing,Women,Samsung,1466.94,64.91,514.77,4.8,21,59,S6301,2.9,2024-11-20,2,Hyderabad,Web,Cash on Delivery,True,Returned
U905430,P33364,Beauty,Skincare,LG,1984.24,32.54,1338.47,3.9,57,94,S3962,4.6,2025-11-05,5,Hyderabad,Mobile App,UPI,False,In Transit
U560929,P13853,Clothing,Men,Zara,3314.35,40.59,1969.2,4.1,6,132,S9174,3.1,2026-01-24,4,Bangalore,Web,Cash on Delivery,False,In Transit
U490453,P88287,Home,Decor,Sony,9203.13,16.55,7680.46,3.6,2,114,S8161,4.4,2024-07-28,5,Bangalore,Web,Credit Card,True,Returned
U427721,P10800,Electronics,Laptop,Lenovo,9252.89,6.93,8612.11,4.2,3,250,S2340,3.6,2025-09-18,1,Mumbai,Mobile App,Debit Card,False,In Transit
U835593,P88110,Home,Furniture,Apple,15051.57,47.06,7968.57,3.8,18,28,S1054,3.5,2024-08-02,4,Mumbai,Tablet,Credit Card,False,In Transit
U171292,P71905,Clothing,Kids,Nike,947.42,40.68,562.05,3.2,24,121,S3345,3.7,2024-06-05,1,Delhi,Tablet,Cash on Delivery,False,In Transit
U773749,P81509,Clothing,Women,Sony,2794.03,29.6,1967.05,3.8,65,374,S5036,2.8,2025-03-10,3,Chennai,Tablet,Debit Card,False,Delayed
U681061,P52562,Home,Decor,Zara,12495.11,46.7,6659.91,4.7,11,87,S3964,2.8,2024-06-14,2,Bangalore,Tablet,Debit Card,True,Returned
U847427,P50976,Clothing,Kids,LG,1450.77,43.44,820.52,3.2,14,51,S7653,4.0,2024-11-08,4,Mumbai,Mobile App,Debit Card,False,In Transit
U169793,P17174,Home,Decor,Apple,12369.4,7.59,11431.1,3.7,16,172,S1855,4.0,2024-08-01,3,Hyderabad,Tablet,UPI,False,In Transit
U570010,P69520,Home,Decor,Apple,9135.83,44.27,5091.14,3.6,15,157,S5411,2.7,2024-11-24,6,Bangalore,Web,Credit Card,False,In Transit
U559654,P79327,Clothing,Women,Nike,2278.33,47.14,1204.3,3.7,3,374,S5846,5.0,2024-08-30,6,Bangalore,Mobile App,Cash on Delivery,True,Returned
U836444,P84852,Electronics,Headphones,HP,44201.48,16.52,36900.66,4.4,17,235,S4267,3.4,2025-11-25,5,Bangalore,Web,Debit Card,False,Delayed
U612051,P76918,Clothing,Men,LG,1336.7,56.92,575.88,3.4,36,273,S1496,3.6,2025-07-04,2,Mumbai,Mobile App,Credit Card,True,Returned
U925769,P18997,Electronics,Laptop,Boat,73654.21,38.17,45540.89,4.9,29,352,S4293,4.1,2024-07-14,1,Delhi,Mobile App,Credit Card,False,In Transit
U283587,P82983,Electronics,Camera,Lenovo,64556.15,26.65,47351.79,4.8,24,34,S6777,4.5,2026-01-31,5,Chennai,Mobile App,Cash on Delivery,True,Returned
U399096,P82725,Sports,Outdoor,Adidas,5560.5,30.44,3868.0,3.9,29,222,S4013,2.5,2026-03-11,2,Delhi,Web,UPI,False,In Transit
U528441,P52823,Clothing,Men,Puma,1975.72,52.15,945.38,3.6,78,425,S4484,4.2,2024-10-25,4,Bangalore,Web,Credit Card,False,In Transit
U691947,P24074,Sports,Fitness,Apple,8801.64,39.44,5330.65,4.7,30,182,S7960,4.9,2024-04-06,3,Chennai,Tablet,Cash on Delivery,False,Delivered
U191878,P72808,Home,Kitchen,Boat,17828.82,17.61,14689.55,3.8,22,226,S7207,4.8,2026-01-10,3,Hyderabad,Mobile App,Cash on Delivery,False,Delayed
U953155,P61911,Electronics,Headphones,Adidas,28909.7,7.37,26779.63,5.0,12,69,S5209,3.4,2025-01-02,1,Mumbai,Web,Cash on Delivery,False,In Transit
U703052,P86786,Home,Furniture,HP,12039.18,42.32,6944.06,3.7,29,404,S1475,3.4,2024-11-05,3,Chennai,Tablet,UPI,True,Returned
U681019,P54601,Electronics,Mobile,Lenovo,13856.88,31.37,9509.35,3.7,1,245,S4733,2.7,2025-04-17,6,Chennai,Tablet,UPI,False,Delayed
U271678,P22478,Clothing,Kids,H&M,3802.73,16.16,3188.24,3.1,12,360,S2392,3.3,2024-08-31,1,Bangalore,Tablet,Cash on Delivery,False,Delayed
U782152,P48641,Sports,Outdoor,Sony,10790.04,18.54,8789.36,4.0,31,199,S5537,3.2,2025-03-17,1,Mumbai,Tablet,Debit Card,False,Delayed
U488719,P67414,Sports,Cycling,Puma,4731.64,43.16,2689.3,4.4,6,87,S7077,3.3,2024-12-20,4,Chennai,Web,Debit Card,False,Delayed
U643490,P24570,Sports,Outdoor,Lenovo,12066.99,14.7,10293.59,4.1,132,431,S1841,3.5,2024-05-08,1,Mumbai,Mobile App,Credit Card,False,Delivered
U866643,P80623,Beauty,Haircare,HP,4119.72,15.59,3477.26,4.4,27,311,S2212,4.5,2025-01-13,4,Hyderabad,Mobile App,Debit Card,False,Delayed
U573802,P20741,Sports,Fitness,Zara,9443.07,35.5,6090.84,4.5,33,236,S1235,3.5,2024-08-31,1,Chennai,Web,Debit Card,False,In Transit
U546120,P75056,Home,Furniture,Sony,4234.84,21.37,3329.75,3.4,3,389,S3619,4.3,2025-01-11,3,Mumbai,Tablet,Cash on Delivery,False,Delayed
U769196,P13890,Electronics,Mobile,Nike,33918.88,8.85,30917.88,3.7,28,107,S9653,3.0,2025-12-10,3,Mumbai,Tablet,Debit Card,False,In Transit
U357699,P89921,Sports,Fitness,Apple,14698.91,8.33,13474.6,4.3,9,251,S9827,4.4,2025-09-06,5,Chennai,Mobile App,Debit Card,True,Returned
U873732,P90897,Home,Decor,Samsung,11733.08,31.7,8014.14,4.1,127,336,S3734,4.0,2025-11-17,1,Delhi,Mobile App,Cash on Delivery,False,In Transit
U254986,P83436,Sports,Fitness,LG,4866.7,6.73,4539.19,4.4,4,441,S7966,4.1,2026-01-07,5,Bangalore,Web,Credit Card,False,Delivered
U880679,P76137,Home,Furniture,Zara,19992.37,9.73,18047.07,4.0,18,275,S1338,3.1,2025-12-31,4,Bangalore,Tablet,Cash on Delivery,False,Delayed
U806042,P61716,Electronics,Headphones,Adidas,29293.99,13.23,25416.95,4.8,15,10,S2991,2.7,2026-02-06,5,Mumbai,Mobile App,Credit Card,False,Delayed
U231753,P85170,Electronics,Mobile,Adidas,25115.03,23.25,19274.68,4.9,44,242,S6036,4.8,2025-11-22,5,Chennai,Mobile App,Debit Card,False,In Transit
U144315,P85231,Electronics,Laptop,H&M,52000.73,34.0,34321.48,4.4,3,30,S9701,4.8,2025-05-21,5,Hyderabad,Web,UPI,False,Delayed
U163959,P27777,Electronics,Mobile,Sony,12839.32,10.25,11523.6,3.7,227,153,S4476,3.4,2025-01-17,5,Bangalore,Tablet,Cash on Delivery,False,Delivered
U620292,P36953,Beauty,Skincare,LG,4995.86,23.25,3834.42,4.0,49,194,S7587,4.4,2024-08-11,4,Chennai,Mobile App,Cash on Delivery,False,Delivered
U855629,P88588,Clothing,Kids,LG,3396.83,68.27,1077.94,3.5,27,205,S5019,3.2,2024-06-25,1,Chennai,Mobile App,Debit Card,False,Delivered
U757070,P53760,Sports,Fitness,H&M,8101.62,22.2,6303.34,4.0,9,278,S6271,4.7,2025-06-01,5,Delhi,Web,UPI,False,In Transit
U190123,P95283,Home,Kitchen,Zara,14792.61,12.08,13006.34,3.3,93,171,S7321,3.8,2025-11-12,4,Mumbai,Web,Credit Card,True,Returned
U474413,P55444,Sports,Outdoor,HP,9110.46,17.75,7492.91,3.5,30,404,S2895,3.2,2024-10-06,2,Mumbai,Mobile App,Cash on Delivery,False,In Transit
U144656,P96510,Clothing,Women,Zara,1083.93,45.52,590.49,4.4,7,68,S9324,3.5,2026-02-21,2,Chennai,Mobile App,Cash on Delivery,False,In Transit
U671161,P87922,Clothing,Women,Samsung,2611.72,15.75,2200.32,4.1,16,215,S7196,4.5,2026-03-09,1,Mumbai,Web,UPI,False,In Transit
U186200,P59507,Clothing,Women,Nike,4049.23,23.76,3087.12,4.7,28,413,S5176,2.6,2024-04-06,6,Chennai,Web,UPI,False,Delayed
U753736,P70532,Beauty,Skincare,Samsung,2428.98,44.58,1346.23,4.0,24,490,S6297,3.6,2025-06-10,2,Delhi,Tablet,Credit Card,False,In Transit
U968467,P44812,Sports,Cycling,Sony,11853.0,23.65,9049.26,4.9,20,21,S7116,2.6,2025-07-05,6,Hyderabad,Mobile App,UPI,True,Returned
U101281,P27743,Clothing,Kids,Lenovo,4680.22,32.35,3166.36,3.1,202,251,S4506,3.2,2026-02-10,4,Chennai,Mobile App,Debit Card,False,Delivered
U240845,P76730,Beauty,Makeup,Adidas,3533.49,45.56,1923.5,4.2,8,446,S2678,3.7,2025-12-06,2,Hyderabad,Web,Debit Card,False,Delayed
U891651,P85892,Home,Kitchen,Apple,7835.08,48.4,4043.22,4.2,34,117,S6193,2.9,2024-07-29,2,Chennai,Mobile App,UPI,False,Delayed
U619356,P62708,Beauty,Haircare,Samsung,388.08,30.44,269.95,3.8,8,133,S1058,3.1,2025-10-10,2,Hyderabad,Tablet,Credit Card,False,Delivered
U633879,P69551,Sports,Cycling,Sony,10610.48,16.6,8848.73,3.8,2,391,S5417,2.8,2025-11-18,2,Chennai,Web,Debit Card,False,Delivered
U242380,P74351,Clothing,Women,Lenovo,1482.01,20.62,1176.44,4.4,35,63,S8430,2.6,2026-02-16,1,Hyderabad,Web,Credit Card,False,Delivered
U927154,P23848,Beauty,Haircare,Lenovo,4790.84,42.14,2771.9,3.8,5,387,S7287,3.7,2024-10-31,1,Delhi,Web,UPI,False,Delivered
U896924,P78513,Home,Furniture,HP,13879.17,38.36,8554.49,3.8,28,461,S2065,3.5,2024-10-01,4,Chennai,Tablet,Cash on Delivery,False,Delivered
U636838,P39156,Sports,Outdoor,Puma,2361.07,5.33,2235.22,3.8,17,374,S4834,3.5,2026-01-19,4,Bangalore,Mobile App,Cash on Delivery,False,In Transit
U198873,P40480,Beauty,Makeup,Samsung,1902.81,43.2,1080.8,2.9,3,367,S1138,2.6,2025-10-31,1,Bangalore,Tablet,UPI,False,Delayed
U966023,P93481,Electronics,Headphones,Adidas,17811.51,20.49,14162.76,3.7,13,447,S7867,4.8,2025-06-10,4,Chennai,Mobile App,Credit Card,False,Delayed
U377356,P31870,Clothing,Women,Nike,3773.76,42.46,2171.55,4.0,29,496,S1647,4.0,2025-04-24,3,Bangalore,Web,UPI,False,Delayed
U136543,P95507,Clothing,Men,Apple,4284.13,61.7,1640.99,3.2,105,182,S8376,3.7,2024-05-12,6,Chennai,Web,Credit Card,True,Returned
U120636,P17418,Electronics,Headphones,Sony,55813.29,7.0,51907.47,4.2,16,362,S9105,4.8,2025-01-24,4,Delhi,Tablet,Debit Card,False,Delivered
U489264,P41483,Sports,Fitness,Nike,6915.27,36.59,4385.32,4.4,144,430,S2233,3.2,2025-08-10,2,Bangalore,Mobile App,Cash on Delivery,False,Delayed
U251202,P46313,Sports,Outdoor,Apple,4013.08,35.24,2598.76,4.6,5,278,S8628,3.4,2024-11-08,4,Mumbai,Mobile App,Cash on Delivery,False,Delivered
U314628,P34029,Beauty,Makeup,HP,4418.04,9.13,4014.75,3.6,6,90,S7114,3.5,2025-02-04,3,Hyderabad,Mobile App,Cash on Delivery,False,In Transit
U377888,P94631,Clothing,Men,Sony,1750.69,39.53,1058.73,3.9,11,344,S4505,3.2,2024-07-09,1,Delhi,Mobile App,Cash on Delivery,False,Delivered
U420317,P60144,Electronics,Mobile,Samsung,68577.98,33.74,45439.21,4.3,7,269,S8071,4.1,2024-10-30,1,Mumbai,Mobile App,Cash on Delivery,False,Delivered
U672685,P62344,Electronics,Camera,Samsung,11827.98,8.83,10783.91,4.2,32,229,S3782,2.5,2024-06-20,1,Mumbai,Mobile App,Credit Card,False,Delivered
U941574,P64277,Electronics,Headphones,Adidas,46276.44,26.31,34099.88,3.7,15,369,S3220,4.5,2024-12-01,4,Hyderabad,Mobile App,Debit Card,True,Returned
U132691,P11307,Clothing,Women,Lenovo,3455.73,26.82,2528.76,4.3,20,173,S8616,2.9,2026-02-08,3,Chennai,Web,Debit Card,False,Delivered
U243195,P53717,Electronics,Mobile,Puma,31241.14,24.66,23538.31,4.5,20,489,S1201,4.5,2024-04-13,1,Mumbai,Mobile App,Cash on Delivery,False,Delivered
U889195,P14536,Sports,Outdoor,Apple,13565.14,34.89,8832.38,4.6,6,335,S8396,3.0,2026-03-05,1,Mumbai,Mobile App,Credit Card,False,Delivered
U693883,P15407,Electronics,Laptop,Lenovo,31771.37,31.79,21672.54,3.4,33,380,S9344,4.6,2025-01-24,2,Hyderabad,Web,UPI,False,Delayed
U225777,P13270,Beauty,Makeup,Nike,4140.9,13.91,3564.9,4.4,27,411,S5159,2.7,2025-05-31,5,Mumbai,Web,Debit Card,False,Delayed
U697142,P31913,Beauty,Skincare,Puma,1649.27,24.16,1250.84,3.7,60,280,S2120,3.7,2025-02-14,3,Delhi,Web,UPI,False,In Transit
U156406,P28966,Home,Kitchen,Adidas,12967.04,8.66,11844.24,3.6,66,422,S4695,2.9,2025-03-28,4,Hyderabad,Web,Debit Card,False,Delivered
U779420,P62076,Clothing,Women,Nike,2439.19,33.58,1620.18,3.9,24,7,S3360,4.6,2026-01-23,1,Delhi,Web,Credit Card,False,Delivered
U868153,P97073,Sports,Outdoor,Apple,6324.45,30.15,4417.79,4.2,30,373,S1278,3.3,2025-04-28,4,Mumbai,Tablet,Debit Card,True,Returned
U289052,P59260,Home,Decor,Puma,8556.8,36.66,5419.68,4.2,10,315,S1370,4.6,2025-01-08,4,Hyderabad,Mobile App,Credit Card,False,In Transit
U236891,P71646,Home,Kitchen,Apple,3555.54,12.0,3128.95,3.5,24,209,S2292,4.2,2024-09-08,4,Mumbai,Tablet,Cash on Delivery,True,Returned
U125277,P98752,Sports,Outdoor,H&M,7776.39,36.43,4943.16,3.1,15,68,S5429,4.5,2025-05-11,1,Chennai,Web,Debit Card,False,Delayed
U138855,P27224,Sports,Outdoor,Apple,8912.5,20.32,7101.75,5.0,32,54,S2741,4.0,2026-01-03,4,Hyderabad,Tablet,UPI,False,In Transit
U944547,P66343,Sports,Cycling,Apple,14489.69,20.59,11505.91,3.9,19,276,S7629,4.6,2024-10-05,1,Mumbai,Tablet,Debit Card,False,Delayed
U602235,P82876,Sports,Cycling,Boat,10086.25,6.37,9443.39,4.1,39,219,S9416,3.7,2024-05-09,3,Bangalore,Tablet,Cash on Delivery,False,Delivered
U110141,P75562,Clothing,Women,Boat,1634.27,64.66,577.55,3.9,2,269,S5411,2.7,2024-08-19,1,Delhi,Web,Cash on Delivery,False,In Transit
U192873,P83997,Electronics,Laptop,Puma,25606.65,27.06,18676.24,4.7,38,56,S1532,4.9,2024-12-25,5,Chennai,Web,Debit Card,False,Delayed
U415386,P15716,Sports,Fitness,Apple,4756.31,20.03,3803.65,4.6,7,25,S7613,3.6,2026-01-22,1,Hyderabad,Tablet,Credit Card,False,In Transit
U974098,P35871,Sports,Cycling,Zara,3594.68,29.13,2547.57,4.4,50,402,S6341,3.5,2025-04-01,3,Mumbai,Mobile App,Debit Card,True,Returned
U383554,P68857,Sports,Outdoor,Lenovo,6251.36,8.34,5729.98,3.7,5,483,S1640,3.7,2025-08-23,6,Hyderabad,Tablet,Credit Card,False,Delivered
U434035,P45955,Clothing,Kids,Lenovo,2161.71,46.83,1149.43,4.7,18,221,S4071,2.5,2025-09-18,2,Hyderabad,Mobile App,UPI,False,Delivered
U819657,P29449,Electronics,Laptop,Adidas,74351.82,9.62,67200.61,4.3,15,443,S1238,3.1,2026-03-27,5,Hyderabad,Web,Debit Card,True,Returned
U163920,P12702,Electronics,Laptop,Adidas,63114.19,32.36,42687.93,4.6,35,9,S9987,4.0,2025-10-09,4,Delhi,Tablet,Cash on Delivery,False,Delivered
U575463,P41361,Home,Decor,H&M,17202.34,46.63,9180.76,4.0,27,303,S2822,3.8,2024-10-08,2,Hyderabad,Tablet,UPI,False,Delivered
U194352,P25901,Sports,Cycling,HP,14664.1,49.79,7362.79,4.2,24,129,S2951,4.4,2025-08-20,4,Chennai,Web,UPI,False,Delivered
U889544,P92283,Sports,Fitness,Boat,3308.0,22.99,2547.59,3.1,19,77,S4851,4.0,2025-06-05,4,Chennai,Mobile App,Cash on Delivery,False,Delivered
U910899,P85650,Beauty,Haircare,HP,2993.02,16.86,2488.25,4.4,67,372,S8533,3.2,2024-11-15,5,Chennai,Tablet,UPI,False,In Transit
U983577,P20774,Electronics,Headphones,Sony,49439.68,10.41,44291.65,4.3,10,482,S9972,4.1,2025-07-02,6,Chennai,Web,Cash on Delivery,False,In Transit
U124177,P88213,Beauty,Skincare,Samsung,2099.42,29.44,1481.29,3.7,6,417,S9438,4.2,2025-12-07,3,Delhi,Web,Credit Card,False,Delivered
U567318,P20811,Beauty,Skincare,Apple,386.57,12.48,338.33,3.1,14,475,S2574,4.2,2024-09-25,3,Mumbai,Tablet,UPI,False,In Transit
U445742,P75699,Electronics,Headphones,H&M,76244.37,25.25,56996.38,4.6,9,72,S6063,3.9,2024-12-14,1,Bangalore,Mobile App,UPI,False,Delivered
U480652,P36667,Home,Decor,Samsung,15262.21,14.79,13004.54,4.2,5,165,S4918,3.6,2024-05-23,5,Delhi,Web,Cash on Delivery,False,In Transit
U702673,P89588,Electronics,Camera,LG,57419.95,5.4,54321.68,4.7,24,305,S5102,2.9,2024-07-27,5,Hyderabad,Web,Debit Card,False,In Transit
U200129,P17675,Beauty,Makeup,Nike,2926.76,8.11,2689.5,3.8,70,281,S3260,4.9,2024-08-01,1,Delhi,Web,UPI,False,Delivered
U259601,P28058,Sports,Fitness,H&M,1131.07,5.61,1067.67,3.5,16,334,S4645,2.7,2025-07-05,6,Chennai,Tablet,Cash on Delivery,False,Delayed
U247574,P14414,Home,Furniture,Nike,3545.83,47.29,1869.0,3.8,1,271,S6679,3.7,2025-06-06,5,Hyderabad,Tablet,UPI,False,In Transit
U590281,P39805,Home,Decor,LG,8116.12,27.18,5910.08,4.5,48,404,S6873,2.7,2024-08-06,1,Mumbai,Tablet,Credit Card,False,In Transit
U576508,P12280,Home,Furniture,Adidas,18239.39,31.44,12504.35,3.5,3,4,S5827,3.6,2026-01-16,1,Bangalore,Mobile App,Credit Card,False,Delayed
U212389,P81952,Electronics,Laptop,Lenovo,14394.57,28.59,10279.03,4.1,37,59,S7859,2.5,2024-07-15,1,Bangalore,Mobile App,Credit Card,False,Delayed
U400799,P97236,Home,Kitchen,HP,7010.64,8.63,6405.96,3.6,77,443,S7513,4.7,2025-04-27,1,Delhi,Mobile App,UPI,False,Delivered
U158071,P44668,Beauty,Haircare,Nike,3911.18,5.77,3685.61,3.6,8,218,S7691,3.2,2025-07-26,4,Mumbai,Mobile App,UPI,False,Delivered
U250286,P70067,Clothing,Kids,Adidas,3675.95,16.51,3069.23,4.1,22,44,S1485,3.5,2024-08-15,6,Chennai,Mobile App,Credit Card,False,Delivered
U171978,P55986,Clothing,Kids,H&M,3446.98,59.91,1381.94,4.3,5,45,S3049,2.8,2025-10-15,5,Hyderabad,Mobile App,Debit Card,True,Returned
U621937,P66280,Sports,Cycling,LG,7581.36,11.4,6717.41,3.7,44,222,S6326,5.0,2024-04-01,3,Delhi,Mobile App,Debit Card,False,In Transit
U786913,P33292,Beauty,Haircare,Samsung,4778.46,31.87,3255.53,3.6,22,457,S3364,4.9,2025-02-11,5,Bangalore,Web,Cash on Delivery,False,Delivered
U752255,P21549,Home,Kitchen,Samsung,7954.9,32.23,5390.66,3.8,14,170,S4876,3.9,2025-11-02,2,Delhi,Mobile App,Debit Card,False,In Transit
U986407,P29516,Clothing,Kids,Sony,3804.78,10.72,3396.9,3.9,12,132,S4848,4.7,2024-04-09,1,Hyderabad,Web,Cash on Delivery,False,Delivered
U271108,P51661,Beauty,Makeup,Lenovo,2036.09,38.18,1258.73,3.9,2,387,S2663,2.9,2025-09-15,5,Mumbai,Tablet,Credit Card,False,In Transit
U634131,P61378,Clothing,Women,Puma,649.58,60.58,256.05,4.4,13,433,S7853,4.2,2024-05-23,5,Delhi,Tablet,Cash on Delivery,False,In Transit
U180308,P91448,Beauty,Skincare,Nike,320.76,8.19,294.48,3.4,25,450,S8240,4.9,2025-06-27,2,Bangalore,Web,Cash on Delivery,False,Delayed
U589770,P20553,Home,Decor,Sony,1355.8,23.19,1041.43,3.8,49,339,S3615,2.8,2025-11-30,4,Hyderabad,Tablet,UPI,False,Delayed
U532832,P24267,Clothing,Women,Samsung,1598.15,67.32,522.23,4.6,29,412,S9360,2.6,2024-06-16,1,Delhi,Web,Cash on Delivery,False,In Transit
U385081,P37456,Clothing,Men,Adidas,2843.95,42.48,1635.85,4.0,2,157,S1878,4.2,2026-01-25,2,Bangalore,Web,Cash on Delivery,False,Delayed
U258141,P21387,Beauty,Haircare,Nike,405.61,33.99,267.74,3.5,61,172,S8091,4.6,2026-02-15,2,Delhi,Web,Debit Card,False,Delivered
U118027,P62385,Home,Kitchen,HP,17538.71,49.09,8929.43,4.4,100,337,S5528,3.2,2025-10-05,1,Mumbai,Web,UPI,False,Delivered
U677168,P20526,Electronics,Camera,Adidas,77077.77,29.22,54552.44,4.7,14,271,S3404,3.8,2025-04-16,1,Chennai,Web,Credit Card,False,Delivered
U453750,P98757,Beauty,Skincare,Sony,651.87,37.19,409.43,3.3,34,300,S5710,4.0,2024-07-30,4,Mumbai,Tablet,Credit Card,False,Delayed
U662917,P13040,Electronics,Headphones,HP,16507.38,37.27,10355.42,4.0,11,207,S7638,2.8,2025-04-01,5,Hyderabad,Web,UPI,False,In Transit
U195533,P31102,Electronics,Mobile,Samsung,8074.68,25.33,6029.67,3.9,82,417,S7079,4.7,2025-11-23,4,Mumbai,Web,Credit Card,False,Delayed
U359139,P13841,Home,Furniture,H&M,3431.27,20.66,2722.53,3.7,41,60,S7577,4.1,2025-04-15,4,Mumbai,Mobile App,Debit Card,False,Delayed
U620797,P28648,Sports,Outdoor,Samsung,9180.81,37.58,5730.52,3.6,41,51,S9277,3.2,2024-12-08,1,Mumbai,Web,UPI,False,Delivered
U210136,P87945,Clothing,Men,Samsung,932.24,22.93,718.48,3.4,28,228,S1810,3.8,2025-07-18,5,Mumbai,Mobile App,UPI,False,In Transit
U597909,P25306,Electronics,Mobile,Adidas,41626.18,29.37,29399.56,3.9,17,123,S2752,4.3,2024-04-19,6,Bangalore,Tablet,Cash on Delivery,False,Delayed
U535097,P15975,Electronics,Camera,Zara,49987.56,23.99,37996.28,4.7,19,399,S2719,3.9,2024-11-24,2,Chennai,Tablet,Cash on Delivery,False,Delivered
U887748,P16675,Home,Decor,H&M,5469.0,37.23,3433.04,4.0,12,369,S9312,4.2,2025-04-14,4,Chennai,Web,UPI,False,Delayed
U444621,P57796,Home,Decor,Puma,12712.36,16.64,10596.48,5.0,28,471,S1154,4.8,2024-08-02,3,Chennai,Tablet,UPI,False,Delivered
U454101,P79482,Clothing,Women,LG,2896.4,63.08,1069.22,4.9,20,84,S2955,4.5,2025-10-13,3,Mumbai,Mobile App,Cash on Delivery,False,Delivered
U647971,P10453,Sports,Cycling,Zara,12375.16,38.34,7630.38,4.4,4,241,S3254,4.5,2024-04-02,6,Hyderabad,Web,UPI,False,Delayed
U210922,P65935,Clothing,Women,Apple,1565.56,28.61,1117.66,4.7,17,14,S9388,3.9,2024-04-16,3,Hyderabad,Mobile App,Cash on Delivery,True,Returned
U894996,P87080,Clothing,Men,Adidas,1743.71,37.15,1095.92,3.4,57,324,S7294,3.6,2025-03-22,1,Chennai,Web,Cash on Delivery,False,In Transit
U978183,P39712,Electronics,Laptop,Puma,58010.17,32.76,39008.13,4.6,10,20,S8330,4.3,2024-06-18,1,Bangalore,Web,UPI,False,Delivered
U806463,P81963,Clothing,Women,Lenovo,1743.77,32.59,1175.41,4.7,24,187,S6765,4.9,2025-09-08,3,Delhi,Web,UPI,False,Delivered
U303585,P27688,Clothing,Kids,Sony,3461.28,36.09,2212.15,3.7,20,109,S7475,3.7,2026-02-09,2,Bangalore,Mobile App,Credit Card,True,Returned
U927685,P60390,Electronics,Camera,HP,60500.56,7.03,56245.32,4.3,11,308,S7265,5.0,2025-07-17,1,Delhi,Tablet,Debit Card,False,In Transit
U120890,P60978,Home,Kitchen,Zara,7252.52,45.41,3959.22,3.1,11,410,S8249,4.6,2024-11-08,3,Hyderabad,Tablet,Debit Card,False,Delivered
U357853,P85768,Beauty,Haircare,H&M,480.28,23.65,366.7,3.2,3,435,S6974,3.4,2024-09-11,2,Delhi,Tablet,Credit Card,False,Delivered
U979471,P63290,Home,Furniture,H&M,13957.76,6.33,13074.51,4.1,12,458,S5885,2.6,2025-10-12,4,Delhi,Mobile App,Cash on Delivery,False,Delivered
U307224,P57707,Electronics,Camera,Samsung,27180.52,28.19,19517.37,4.3,10,23,S9563,3.7,2025-12-08,1,Mumbai,Web,Credit Card,False,In Transit
U750120,P80542,Clothing,Kids,H&M,3644.33,48.1,1891.44,3.6,7,443,S4639,4.6,2024-05-24,5,Delhi,Tablet,Credit Card,False,In Transit
U331096,P13091,Sports,Outdoor,Lenovo,9491.65,23.17,7292.59,4.3,10,5,S5938,4.4,2026-03-02,1,Delhi,Mobile App,Cash on Delivery,False,Delayed
U149126,P29314,Electronics,Mobile,LG,13735.54,14.86,11694.68,4.2,13,51,S7034,3.9,2025-11-16,4,Mumbai,Mobile App,Cash on Delivery,False,In Transit
U832205,P48115,Home,Decor,Lenovo,18236.52,42.07,10564.02,4.1,15,206,S5015,3.7,2025-11-11,4,Hyderabad,Mobile App,Debit Card,False,Delivered
U103292,P52710,Home,Decor,Apple,5228.69,14.43,4474.27,3.8,9,8,S2941,4.9,2025-08-06,1,Delhi,Web,Cash on Delivery,False,In Transit
U960107,P86704,Home,Furniture,Puma,10426.67,20.68,8270.62,5.0,57,403,S7954,4.6,2024-06-17,1,Chennai,Mobile App,Debit Card,False,In Transit
U880622,P24570,Clothing,Kids,LG,2230.22,15.55,1883.47,3.4,130,70,S9945,4.0,2026-02-18,3,Bangalore,Mobile App,Cash on Delivery,False,In Transit
U721045,P58773,Home,Furniture,Nike,11644.85,31.71,7952.3,4.1,10,391,S9155,4.5,2025-07-30,2,Mumbai,Tablet,UPI,False,In Transit
U995569,P93819,Home,Kitchen,Nike,15878.99,6.18,14897.61,4.1,1,23,S8567,2.9,2024-10-06,2,Hyderabad,Mobile App,Credit Card,False,Delayed
U924985,P48367,Beauty,Skincare,Nike,3889.24,41.92,2258.9,4.6,11,222,S7058,4.6,2024-11-08,5,Bangalore,Web,Cash on Delivery,False,In Transit
U167798,P67873,Beauty,Skincare,Samsung,1497.72,44.42,832.42,3.9,28,52,S1447,2.7,2025-08-22,5,Bangalore,Web,Credit Card,False,Delivered
U502940,P44547,Sports,Outdoor,Apple,10919.7,6.09,10255.23,4.6,6,386,S8875,2.9,2026-01-13,6,Bangalore,Tablet,Credit Card,False,In Transit
U433499,P50225,Electronics,Laptop,Apple,36240.04,29.17,25670.1,5.0,55,116,S9684,2.7,2026-03-29,5,Hyderabad,Mobile App,Credit Card,False,In Transit
U987804,P52508,Home,Furniture,Sony,10247.62,16.12,8596.0,3.4,23,361,S8520,3.7,2025-09-27,5,Chennai,Tablet,Credit Card,False,In Transit
U448474,P44021,Electronics,Laptop,HP,74699.34,35.17,48431.14,3.9,21,394,S7462,4.9,2025-07-23,1,Mumbai,Tablet,Cash on Delivery,False,Delivered
U974413,P49355,Beauty,Skincare,Lenovo,4520.68,13.82,3895.95,3.3,14,23,S8351,4.4,2025-05-12,5,Chennai,Web,Cash on Delivery,False,In Transit
U816379,P37115,Clothing,Men,Puma,2029.8,27.96,1462.28,4.3,27,73,S8835,2.7,2026-02-14,2,Hyderabad,Mobile App,Credit Card,False,In Transit
U599004,P64731,Clothing,Kids,Lenovo,4900.85,16.14,4110.07,4.6,30,354,S3266,3.9,2024-09-29,2,Hyderabad,Web,Credit Card,False,Delivered
U976500,P72283,Sports,Outdoor,H&M,10484.47,43.27,5947.93,4.1,18,310,S1853,4.7,2024-10-26,6,Chennai,Web,UPI,True,Returned
U720045,P99053,Home,Decor,Lenovo,5723.29,15.03,4862.9,4.5,31,119,S3889,2.7,2026-03-18,4,Hyderabad,Mobile App,Debit Card,False,In Transit
U926494,P13329,Clothing,Women,Samsung,1649.05,33.69,1093.56,3.4,51,351,S9598,3.3,2026-01-18,1,Bangalore,Tablet,Credit Card,True,Returned
U878256,P20984,Beauty,Skincare,HP,3928.39,31.12,2705.94,3.6,3,489,S6363,4.7,2026-01-08,2,Hyderabad,Tablet,Cash on Delivery,False,In Transit
U814931,P96014,Home,Furniture,LG,16353.19,29.2,11578.54,2.6,11,377,S6270,4.0,2024-10-31,3,Mumbai,Web,Cash on Delivery,True,Returned
U585882,P75511,Electronics,Camera,Lenovo,58472.01,27.7,42273.05,4.1,81,363,S6554,3.3,2024-06-19,6,Chennai,Web,Debit Card,False,Delivered
U352958,P79070,Beauty,Skincare,HP,4163.58,41.66,2429.18,4.2,3,132,S3411,4.5,2024-10-30,1,Delhi,Mobile App,Cash on Delivery,False,Delivered
U864037,P37032,Beauty,Haircare,Nike,1312.99,14.98,1116.36,3.7,32,92,S1977,3.4,2024-07-30,2,Hyderabad,Tablet,Credit Card,False,Delivered
U898571,P19831,Clothing,Women,Apple,2316.95,31.94,1577.02,4.4,57,427,S8615,4.0,2024-09-08,4,Delhi,Web,Cash on Delivery,False,In Transit
U543478,P31545,Sports,Fitness,Puma,14807.77,28.59,10573.72,4.4,10,29,S5825,3.3,2024-08-16,3,Delhi,Mobile App,Debit Card,False,Delivered
U705158,P82542,Home,Kitchen,Lenovo,19979.74,5.46,18889.28,3.6,94,119,S1530,3.4,2024-09-27,5,Hyderabad,Web,Credit Card,False,Delivered
U712907,P33484,Beauty,Haircare,Samsung,684.35,28.99,485.97,3.8,23,95,S1484,4.7,2024-05-17,5,Mumbai,Mobile App,Cash on Delivery,False,Delayed
U293341,P98946,Sports,Fitness,Apple,7608.53,5.24,7209.59,3.5,11,203,S5401,2.9,2024-07-21,3,Bangalore,Web,UPI,False,Delivered
U572464,P70889,Beauty,Haircare,Samsung,2235.8,28.3,1603.09,3.0,51,452,S1316,3.8,2025-06-07,2,Delhi,Mobile App,UPI,False,In Transit
U818537,P11412,Clothing,Women,Samsung,2800.42,29.7,1968.62,4.3,74,481,S1539,3.2,2025-01-01,2,Bangalore,Web,Credit Card,False,Delivered
U366134,P46655,Clothing,Women,Puma,1446.81,60.43,572.57,3.6,24,192,S4667,4.8,2025-10-31,1,Mumbai,Mobile App,Cash on Delivery,False,Delivered
U353405,P82772,Sports,Outdoor,Puma,13412.02,30.85,9273.8,2.3,6,2,S9846,3.9,2025-07-27,1,Hyderabad,Mobile App,UPI,True,Returned
U263864,P55848,Beauty,Makeup,Sony,2011.67,11.47,1780.89,4.7,33,315,S6325,3.6,2024-10-04,1,Delhi,Mobile App,Credit Card,False,Delayed
U834752,P30709,Sports,Fitness,Nike,6737.81,5.3,6380.94,3.7,24,388,S9081,3.4,2024-08-05,3,Hyderabad,Mobile App,UPI,False,Delivered
U464969,P95487,Sports,Fitness,Boat,9397.29,15.63,7928.22,3.9,13,24,S5890,2.8,2024-12-09,5,Mumbai,Tablet,Cash on Delivery,True,Returned
U574546,P61790,Electronics,Laptop,Boat,78240.46,12.48,68476.37,4.3,28,330,S6425,2.8,2025-05-01,3,Hyderabad,Mobile App,Cash on Delivery,False,Delivered
U315386,P87085,Sports,Cycling,Sony,7741.7,41.12,4557.97,3.4,7,250,S5338,2.6,2026-03-27,5,Bangalore,Tablet,Debit Card,False,Delivered
U672660,P66996,Beauty,Haircare,Samsung,1321.78,18.37,1079.0,3.3,9,154,S1045,3.0,2024-05-20,4,Chennai,Web,Cash on Delivery,False,In Transit
U672145,P11340,Beauty,Skincare,Nike,4534.3,14.2,3890.62,4.5,12,340,S2692,2.8,2025-04-21,2,Delhi,Tablet,Credit Card,False,Delayed
U489444,P49228,Electronics,Laptop,Nike,52333.76,17.03,43421.53,4.0,5,451,S4902,3.8,2025-02-23,3,Delhi,Tablet,UPI,False,In Transit
U713187,P39513,Home,Decor,HP,5930.27,5.49,5604.97,3.5,14,88,S3570,5.0,2024-06-15,1,Delhi,Web,Credit Card,False,Delivered
U356564,P56860,Clothing,Men,Samsung,1380.45,48.59,709.74,4.1,13,34,S1667,3.1,2024-07-01,3,Mumbai,Mobile App,Debit Card,False,Delayed
U748221,P39654,Home,Kitchen,Samsung,12983.3,14.44,11109.09,2.9,169,172,S5647,2.7,2024-07-31,5,Delhi,Web,UPI,False,Delivered
U947811,P83434,Beauty,Haircare,Lenovo,1967.5,8.34,1803.46,3.1,6,145,S4410,4.8,2024-06-23,6,Chennai,Tablet,Credit Card,False,Delivered
U513258,P31392,Clothing,Men,Sony,4214.46,35.0,2739.57,4.0,6,303,S7991,3.8,2024-12-25,3,Mumbai,Mobile App,UPI,False,Delayed
U776446,P40210,Electronics,Headphones,HP,30166.11,36.14,19264.12,4.4,9,62,S3069,3.3,2024-04-08,3,Chennai,Web,Debit Card,False,Delivered
U917968,P53691,Clothing,Kids,Samsung,920.58,21.9,719.0,4.6,5,384,S7435,3.4,2026-03-01,6,Hyderabad,Web,Credit Card,False,Delivered
U520991,P35963,Electronics,Laptop,Adidas,31314.97,24.7,23580.0,3.6,14,38,S8882,4.6,2025-09-07,3,Hyderabad,Web,Debit Card,False,Delayed
U115610,P60322,Home,Kitchen,Nike,6265.71,29.84,4395.9,3.5,8,93,S5394,4.2,2025-05-23,1,Delhi,Tablet,UPI,False,Delayed
U935536,P22817,Clothing,Women,LG,4140.95,62.57,1549.9,3.5,4,300,S3169,2.5,2024-10-11,6,Chennai,Mobile App,Cash on Delivery,False,In Transit
U490465,P40424,Electronics,Laptop,Apple,49627.31,28.69,35390.65,3.5,22,369,S7566,4.8,2026-03-24,2,Hyderabad,Mobile App,Cash on Delivery,False,In Transit
U760136,P62250,Beauty,Makeup,Nike,3280.23,12.15,2881.67,4.3,24,128,S7276,4.7,2024-06-13,3,Chennai,Mobile App,Credit Card,False,Delayed
U947932,P39958,Electronics,Camera,Apple,42598.38,29.32,30109.55,3.8,3,13,S1073,3.2,2024-04-18,5,Hyderabad,Tablet,Credit Card,False,Delayed
U383621,P18006,Sports,Outdoor,LG,14741.93,13.52,12748.33,4.4,4,97,S3723,3.5,2024-12-12,5,Mumbai,Tablet,UPI,False,Delivered
U471852,P11301,Home,Decor,Adidas,5577.71,17.69,4590.85,4.4,41,162,S2541,4.0,2024-10-04,6,Bangalore,Web,Credit Card,True,Returned
U414061,P41164,Clothing,Men,HP,2649.43,26.47,1948.02,3.5,6,341,S1808,4.9,2025-03-23,1,Delhi,Tablet,Cash on Delivery,False,In Transit
U373603,P71097,Sports,Outdoor,Zara,5661.13,25.03,4243.95,3.9,32,309,S3078,2.6,2024-12-13,1,Mumbai,Web,Debit Card,False,Delivered
U347743,P43341,Clothing,Men,Lenovo,2006.79,39.24,1219.31,3.5,16,321,S6264,3.9,2026-03-13,3,Chennai,Tablet,UPI,False,Delayed
U909144,P81136,Clothing,Kids,Samsung,1861.35,12.52,1628.36,4.2,11,247,S9071,3.1,2026-03-29,3,Bangalore,Mobile App,Cash on Delivery,False,In Transit
U345868,P32302,Beauty,Haircare,Adidas,667.36,28.62,476.36,4.1,14,301,S8045,3.4,2025-06-19,4,Mumbai,Web,UPI,False,In Transit
U589968,P81159,Sports,Fitness,Nike,1060.91,27.0,774.46,4.2,6,340,S5748,4.7,2024-06-20,2,Bangalore,Web,Debit Card,False,Delivered
U923771,P57091,Sports,Outdoor,Zara,6576.64,32.01,4471.51,4.1,29,376,S9639,3.1,2025-07-19,2,Chennai,Tablet,Credit Card,False,Delayed
U845119,P72629,Sports,Fitness,LG,9027.62,31.06,6223.78,3.0,40,69,S7627,3.6,2025-07-12,2,Hyderabad,Mobile App,UPI,False,Delayed
U231417,P96305,Sports,Outdoor,Boat,5300.39,23.81,4038.52,3.5,16,299,S3757,3.0,2025-04-25,5,Hyderabad,Web,Debit Card,False,Delivered
U923903,P86756,Home,Decor,LG,16708.49,37.85,10383.73,4.5,44,200,S3765,3.1,2025-11-10,4,Delhi,Tablet,Credit Card,False,Delivered
U659188,P34032,Clothing,Women,Samsung,1143.16,26.41,841.29,3.2,6,180,S7647,3.6,2024-07-18,2,Delhi,Mobile App,Debit Card,False,In Transit
U717592,P43023,Clothing,Kids,Boat,1781.15,54.46,811.14,4.0,4,450,S3953,3.8,2026-03-15,4,Mumbai,Tablet,UPI,False,Delivered
U191424,P47679,Clothing,Men,Adidas,1010.15,22.16,786.28,3.8,84,291,S3867,3.8,2024-05-20,6,Bangalore,Tablet,UPI,False,Delivered
U513578,P32313,Sports,Cycling,Zara,6340.59,24.69,4775.14,4.0,36,425,S8264,3.3,2025-02-25,1,Hyderabad,Mobile App,Credit Card,False,In Transit
U968253,P16896,Beauty,Skincare,Sony,3840.91,27.9,2769.32,4.7,35,492,S6919,3.5,2025-06-27,4,Bangalore,Web,Credit Card,False,Delivered
U119674,P40356,Electronics,Camera,Sony,42713.26,27.3,31054.17,4.0,17,314,S2226,4.6,2025-07-02,4,Delhi,Mobile App,UPI,False,Delayed
U664913,P91158,Clothing,Men,LG,1297.04,43.48,733.05,5.0,19,90,S3203,4.3,2025-04-06,4,Mumbai,Mobile App,Debit Card,True,Returned
U332986,P60111,Beauty,Skincare,Apple,4912.61,23.59,3753.67,3.4,26,436,S1094,3.0,2025-01-04,6,Chennai,Tablet,UPI,False,In Transit
U791091,P14885,Electronics,Laptop,Puma,28393.16,12.43,24864.86,3.9,65,164,S7553,4.7,2024-12-09,6,Hyderabad,Web,Cash on Delivery,False,Delivered
U236104,P61238,Beauty,Skincare,Puma,3306.28,33.99,2182.35,4.3,12,144,S4578,2.9,2026-01-23,1,Hyderabad,Tablet,Debit Card,False,Delivered
U281890,P36199,Electronics,Headphones,Adidas,54364.21,32.52,36684.09,4.6,6,138,S7941,2.7,2025-02-17,4,Hyderabad,Mobile App,Cash on Delivery,False,In Transit
U315572,P35982,Clothing,Men,Zara,1110.89,42.57,637.96,3.1,78,402,S7723,2.9,2024-06-16,3,Delhi,Mobile App,UPI,True,Returned
U556416,P49278,Sports,Outdoor,Sony,7468.11,41.31,4382.95,4.5,14,70,S4277,4.3,2025-07-28,5,Delhi,Tablet,UPI,False,In Transit
U885242,P35772,Home,Kitchen,Sony,12480.18,9.8,11256.86,4.0,18,235,S3927,4.6,2026-01-12,1,Delhi,Web,Cash on Delivery,False,Delayed
U540636,P14147,Beauty,Haircare,LG,1636.74,8.46,1498.22,3.0,38,216,S4414,2.7,2025-05-12,3,Hyderabad,Web,Debit Card,False,Delivered
U948142,P19104,Sports,Fitness,Sony,13812.58,40.36,8238.42,4.2,12,242,S6370,3.8,2025-10-27,3,Hyderabad,Web,UPI,False,Delayed
U976497,P74803,Sports,Outdoor,Samsung,2705.37,21.41,2126.06,3.6,32,317,S4093,2.6,2025-05-26,1,Delhi,Mobile App,Debit Card,False,Delayed
U687582,P38730,Clothing,Men,Nike,2086.38,49.93,1044.7,3.5,22,227,S6040,4.1,2024-10-25,2,Bangalore,Web,Debit Card,False,Delivered
U462126,P66151,Beauty,Skincare,Adidas,3994.29,12.46,3496.55,3.3,10,399,S6492,2.7,2024-12-17,4,Bangalore,Mobile App,Cash on Delivery,False,Delayed
U273547,P57046,Home,Kitchen,HP,3541.54,44.23,1975.12,4.2,21,447,S5807,2.9,2024-12-15,3,Delhi,Tablet,Debit Card,False,Delayed
U686585,P84425,Clothing,Women,Nike,3997.22,53.73,1849.37,4.5,6,21,S5601,4.2,2025-12-14,2,Hyderabad,Tablet,Cash on Delivery,False,Delivered
U166290,P95568,Clothing,Kids,Boat,4878.72,56.15,2139.41,4.3,37,6,S1052,3.6,2026-03-20,1,Bangalore,Tablet,Debit Card,False,Delivered
U605108,P45116,Sports,Outdoor,Zara,14643.04,37.16,9201.59,4.0,9,89,S2497,3.0,2024-12-20,2,Bangalore,Web,Debit Card,False,Delivered
U975801,P14260,Home,Decor,HP,10609.78,13.65,9161.21,4.0,9,297,S4610,3.4,2025-01-17,2,Delhi,Web,UPI,True,Returned
U419527,P74058,Home,Decor,Boat,11039.29,19.1,8931.01,3.8,10,433,S7726,3.6,2024-04-13,4,Delhi,Tablet,UPI,False,In Transit
U374647,P46150,Clothing,Women,Lenovo,1474.76,20.84,1167.48,3.3,5,108,S8488,3.2,2024-09-07,3,Chennai,Mobile App,Cash on Delivery,False,Delayed
U984202,P95436,Beauty,Skincare,Lenovo,3180.74,38.24,1964.29,4.3,39,493,S6757,4.4,2024-09-16,1,Hyderabad,Web,Debit Card,False,In Transit
U891694,P40649,Beauty,Skincare,Zara,1994.89,30.08,1394.76,3.9,50,206,S2100,4.2,2025-06-18,1,Hyderabad,Web,Debit Card,False,Delayed
U699002,P14398,Electronics,Headphones,Lenovo,53649.91,39.25,32591.25,4.3,10,480,S1979,4.0,2026-03-10,3,Chennai,Mobile App,Cash on Delivery,False,In Transit
U914817,P77767,Clothing,Kids,Apple,1676.53,44.36,932.84,2.7,8,157,S6480,4.6,2025-02-11,4,Delhi,Mobile App,Cash on Delivery,False,Delayed
U347660,P57623,Sports,Outdoor,Samsung,7034.4,22.21,5472.09,3.8,24,210,S8018,4.2,2025-10-28,4,Bangalore,Mobile App,Debit Card,False,Delivered
U379979,P65680,Clothing,Kids,Adidas,1046.23,43.77,588.3,3.6,28,303,S9342,2.6,2024-07-25,3,Hyderabad,Mobile App,Credit Card,False,Delivered
U798217,P37654,Beauty,Makeup,Zara,369.82,33.76,244.96,4.1,12,11,S7628,4.0,2025-09-10,6,Hyderabad,Web,UPI,False,Delayed
U541062,P63780,Clothing,Men,H&M,856.05,46.9,454.55,3.7,30,454,S8788,4.9,2025-09-19,1,Mumbai,Tablet,Debit Card,False,Delivered
U632765,P94809,Sports,Fitness,Lenovo,14751.65,33.84,9759.2,3.8,62,259,S8059,4.7,2024-09-11,2,Hyderabad,Web,Credit Card,False,Delayed
U506019,P71699,Home,Decor,HP,3461.0,27.81,2498.43,3.6,125,384,S4362,3.2,2025-12-29,1,Delhi,Tablet,Cash on Delivery,False,Delivered
U827291,P90991,Home,Decor,Nike,7282.85,8.11,6691.86,3.5,31,444,S9252,4.4,2024-11-23,2,Chennai,Web,Cash on Delivery,False,Delivered
U984832,P97915,Home,Decor,LG,13893.85,34.08,9158.16,4.3,7,326,S5959,5.0,2025-12-02,4,Delhi,Tablet,Credit Card,False,Delivered
U779384,P83535,Electronics,Camera,Samsung,60870.16,8.86,55477.62,4.5,30,216,S2273,3.7,2024-11-07,1,Bangalore,Tablet,Cash on Delivery,False,Delayed
U315936,P34486,Beauty,Skincare,Boat,3967.09,12.84,3457.67,3.2,8,429,S2002,4.4,2025-09-26,6,Hyderabad,Mobile App,Cash on Delivery,False,Delivered
U300967,P86050,Sports,Cycling,Samsung,1286.91,11.87,1134.18,4.7,5,297,S3905,3.8,2025-05-15,5,Hyderabad,Tablet,UPI,False,Delayed
U225827,P83643,Sports,Cycling,Nike,10721.8,34.37,7036.63,3.4,11,78,S7859,3.9,2025-04-23,3,Hyderabad,Tablet,Debit Card,False,Delivered
U873364,P10796,Clothing,Women,Apple,938.55,37.84,583.4,4.1,89,273,S7928,4.5,2025-05-09,5,Hyderabad,Web,Debit Card,False,Delivered
U131674,P37033,Beauty,Haircare,Sony,600.78,33.08,402.02,4.8,58,367,S9774,4.9,2024-04-04,3,Mumbai,Tablet,Credit Card,False,Delivered
U825959,P12526,Clothing,Women,Sony,4803.49,59.01,1968.77,3.9,9,57,S5624,3.9,2025-11-07,5,Chennai,Web,Cash on Delivery,False,In Transit
U166594,P90862,Electronics,Camera,HP,29261.05,18.17,23945.02,3.7,2,174,S9824,2.5,2025-11-27,2,Mumbai,Web,Credit Card,False,Delivered
U270295,P45593,Home,Kitchen,HP,11489.39,43.68,6471.03,4.1,18,118,S9398,2.7,2025-05-30,3,Chennai,Tablet,Debit Card,False,Delayed
U920835,P98905,Clothing,Men,H&M,1345.29,49.64,677.54,3.7,18,420,S2234,4.7,2025-05-17,1,Mumbai,Web,UPI,False,In Transit
U764815,P59401,Beauty,Haircare,Samsung,4837.17,8.33,4434.03,4.3,16,488,S5441,3.1,2024-04-02,4,Hyderabad,Tablet,Credit Card,False,Delayed
U708067,P16790,Electronics,Headphones,Zara,60340.88,17.1,50021.53,5.0,11,52,S7219,3.9,2026-02-20,3,Chennai,Tablet,Debit Card,False,Delayed
U444528,P10193,Clothing,Kids,Lenovo,2178.63,34.94,1417.4,4.0,20,102,S8352,4.9,2026-01-22,5,Delhi,Mobile App,UPI,False,In Transit
U144597,P68493,Electronics,Laptop,Boat,13084.66,6.38,12249.3,3.7,8,450,S1785,3.9,2025-08-15,5,Bangalore,Mobile App,UPI,False,Delayed
U576327,P30884,Sports,Fitness,Lenovo,7000.46,38.6,4298.25,4.9,57,205,S3461,3.5,2024-04-30,1,Delhi,Tablet,Credit Card,False,Delayed
U973383,P49209,Beauty,Haircare,Nike,2900.15,39.23,1762.34,3.8,168,431,S9627,3.9,2025-05-25,3,Bangalore,Web,UPI,False,Delayed
U632301,P96477,Electronics,Camera,Nike,50499.65,23.2,38782.08,3.8,10,296,S6552,4.7,2026-02-20,4,Chennai,Tablet,Credit Card,False,Delayed
U178917,P64912,Beauty,Haircare,Sony,2347.14,48.67,1204.82,3.6,34,276,S1035,3.0,2024-05-14,5,Delhi,Web,UPI,False,Delayed
U938660,P71898,Sports,Outdoor,Apple,8758.78,44.01,4903.82,5.0,25,207,S7421,3.5,2024-07-19,5,Mumbai,Mobile App,UPI,True,Returned
U981508,P12194,Sports,Fitness,Lenovo,5681.95,41.72,3311.27,2.8,22,122,S2966,4.2,2025-06-08,3,Mumbai,Web,UPI,True,Returned
U394241,P45300,Clothing,Women,Adidas,589.44,66.32,198.55,3.4,9,111,S6342,2.9,2024-11-04,2,Bangalore,Tablet,Cash on Delivery,False,Delayed
U647273,P99190,Clothing,Kids,Sony,2986.77,35.03,1940.37,4.2,10,420,S8938,4.7,2026-03-13,5,Bangalore,Mobile App,UPI,False,Delivered
U412744,P31273,Electronics,Headphones,Zara,54535.21,10.37,48878.76,4.4,44,336,S7126,3.5,2025-05-18,1,Mumbai,Mobile App,Cash on Delivery,False,Delayed
U580802,P57740,Electronics,Mobile,Nike,36401.94,37.48,22759.08,4.1,8,127,S1146,2.9,2024-12-24,3,Mumbai,Mobile App,Debit Card,False,Delayed
U362065,P89959,Beauty,Makeup,H&M,4745.96,35.92,3041.32,3.0,10,192,S8354,4.7,2024-06-05,5,Delhi,Mobile App,Credit Card,False,In Transit
U985482,P50414,Clothing,Women,LG,1607.99,25.89,1191.68,4.4,11,21,S6766,2.8,2025-02-03,2,Mumbai,Web,Credit Card,False,Delayed
U833911,P79833,Beauty,Makeup,Lenovo,3408.63,11.5,3016.67,3.2,112,417,S8202,3.3,2025-04-19,4,Delhi,Web,Debit Card,False,Delayed
U981223,P76849,Electronics,Laptop,Boat,16024.93,28.92,11389.84,3.7,33,279,S3406,3.3,2024-06-10,4,Bangalore,Mobile App,Debit Card,False,Delayed
U642921,P58423,Sports,Outdoor,Puma,7075.35,39.14,4305.94,3.2,14,141,S7554,2.6,2026-01-25,1,Mumbai,Web,Credit Card,False,Delivered
U499674,P62852,Clothing,Men,Boat,3540.97,38.5,2177.77,3.0,6,413,S8595,3.8,2024-11-19,5,Delhi,Tablet,Cash on Delivery,False,In Transit
U709722,P50686,Sports,Fitness,Nike,7231.06,32.35,4891.62,3.5,11,290,S8939,3.8,2025-05-15,5,Bangalore,Tablet,Credit Card,False,Delivered
U649909,P60718,Electronics,Headphones,Nike,16252.98,26.57,11934.03,3.8,18,94,S3716,3.6,2026-03-02,1,Chennai,Web,Credit Card,False,Delivered
U575744,P84605,Beauty,Makeup,Boat,2507.21,34.12,1651.78,3.1,22,298,S7687,2.6,2025-08-17,1,Delhi,Mobile App,Credit Card,False,In Transit
U789233,P30227,Beauty,Haircare,HP,1631.8,40.45,971.69,2.4,16,301,S9981,3.6,2024-09-01,4,Chennai,Mobile App,Credit Card,False,In Transit
U682985,P77471,Sports,Cycling,Puma,10429.21,20.22,8320.07,3.5,22,237,S9117,4.8,2024-05-07,6,Hyderabad,Web,Credit Card,False,In Transit
U359060,P43398,Beauty,Skincare,Sony,1104.61,43.69,622.03,3.3,39,268,S3828,2.5,2025-12-20,5,Delhi,Mobile App,Debit Card,False,Delayed
U732419,P79190,Clothing,Men,LG,1050.92,39.56,635.16,4.2,2,381,S4106,4.7,2025-04-08,3,Mumbai,Tablet,UPI,False,Delivered
U104633,P18716,Clothing,Women,Samsung,4804.83,64.74,1694.05,4.2,83,148,S5874,3.9,2025-10-24,4,Delhi,Mobile App,Cash on Delivery,False,In Transit
U930901,P49971,Clothing,Kids,H&M,1702.2,50.09,849.61,2.8,3,379,S4716,4.3,2024-12-21,2,Delhi,Mobile App,Debit Card,True,Returned
U223950,P12186,Sports,Fitness,Adidas,11204.65,20.06,8957.13,4.4,106,104,S9463,4.6,2024-07-19,2,Bangalore,Tablet,Cash on Delivery,False,In Transit
U238826,P14347,Clothing,Kids,Lenovo,2755.61,10.48,2466.86,3.9,71,302,S9849,3.9,2025-10-24,3,Hyderabad,Web,Debit Card,False,Delayed
U411271,P11488,Beauty,Makeup,Nike,524.34,24.23,397.31,3.9,13,168,S3479,4.7,2025-04-03,4,Mumbai,Mobile App,Credit Card,False,Delivered
U608013,P65918,Home,Furniture,Samsung,3206.42,48.48,1651.99,4.9,86,219,S2676,3.8,2024-10-07,1,Chennai,Tablet,Debit Card,False,Delayed
U967469,P81460,Sports,Outdoor,Nike,12186.98,9.46,11034.48,2.8,4,471,S1556,4.5,2026-03-04,5,Chennai,Tablet,Debit Card,False,In Transit
U596876,P96360,Sports,Fitness,Samsung,5740.28,45.76,3113.3,3.9,20,186,S5030,3.9,2026-02-22,1,Delhi,Tablet,UPI,False,In Transit
U651752,P66441,Sports,Outdoor,Boat,4282.18,22.78,3306.83,4.0,57,292,S6459,4.1,2025-10-17,3,Delhi,Web,Credit Card,False,Delayed
U934040,P50285,Home,Furniture,Sony,11280.9,7.27,10460.41,3.3,14,251,S5220,2.9,2026-03-31,3,Mumbai,Mobile App,Credit Card,False,In Transit
U605583,P96569,Clothing,Men,Zara,532.46,24.38,402.64,3.8,15,316,S6173,2.9,2025-06-03,5,Mumbai,Web,UPI,False,Delivered
U305992,P94195,Electronics,Camera,Puma,36892.47,5.9,34715.31,4.1,21,86,S2200,3.1,2025-09-16,4,Hyderabad,Web,Debit Card,False,Delivered
U898800,P96932,Clothing,Women,Apple,3207.67,31.75,2189.09,3.5,28,91,S1737,3.8,2025-12-22,2,Chennai,Mobile App,Debit Card,False,Delayed
U719484,P35988,Sports,Cycling,H&M,4165.63,28.08,2996.06,3.3,63,264,S8934,3.7,2024-04-01,2,Delhi,Mobile App,Credit Card,False,In Transit
U949729,P48525,Electronics,Laptop,Sony,66398.16,13.63,57348.84,4.6,4,436,S6087,2.7,2025-10-06,4,Mumbai,Web,Cash on Delivery,True,Returned
U917606,P45511,Home,Decor,HP,12484.38,37.8,7765.69,3.0,43,252,S8065,3.2,2026-01-19,5,Delhi,Mobile App,Cash on Delivery,False,Delayed
U430525,P18609,Sports,Outdoor,Nike,2610.18,26.64,1914.71,3.8,107,472,S1084,2.8,2025-04-20,1,Mumbai,Tablet,Cash on Delivery,False,In Transit
U924629,P71763,Home,Furniture,HP,7286.62,43.63,4107.45,3.6,9,322,S1558,4.5,2024-07-24,2,Delhi,Tablet,Debit Card,False,Delivered
U664357,P87737,Beauty,Haircare,Adidas,4285.76,18.96,3473.1,3.9,156,177,S2285,4.8,2026-02-03,1,Mumbai,Web,Debit Card,False,In Transit
U953481,P19617,Clothing,Women,Samsung,3497.11,35.95,2239.77,4.2,41,285,S6800,4.2,2024-12-15,3,Chennai,Tablet,UPI,False,In Transit
U864327,P22509,Home,Decor,H&M,16594.65,27.22,12077.5,4.1,256,164,S8403,3.5,2026-01-15,1,Delhi,Web,Debit Card,True,Returned
U360965,P88941,Sports,Outdoor,Zara,4520.7,15.8,3806.24,3.3,6,341,S2916,4.9,2024-07-26,4,Bangalore,Web,UPI,False,Delayed
U398903,P11482,Beauty,Makeup,Samsung,1948.75,9.42,1765.26,4.8,61,300,S5027,4.8,2024-11-05,4,Delhi,Mobile App,Debit Card,False,In Transit
U119267,P42590,Home,Furniture,Lenovo,6631.56,49.06,3377.91,3.5,15,309,S9944,3.3,2025-02-06,6,Bangalore,Mobile App,Credit Card,False,Delivered
U717156,P60150,Sports,Fitness,Zara,12372.08,20.37,9851.87,3.5,14,201,S3626,3.8,2025-02-28,1,Mumbai,Tablet,UPI,False,Delivered
U518738,P99717,Sports,Outdoor,Lenovo,11458.12,26.14,8462.94,3.7,115,485,S5566,4.4,2024-12-12,6,Chennai,Tablet,UPI,False,Delayed
U258913,P61346,Beauty,Haircare,Lenovo,3574.63,19.87,2864.47,4.0,3,164,S3579,3.0,2024-07-10,3,Delhi,Tablet,Debit Card,False,Delivered
U843748,P88684,Beauty,Makeup,H&M,4093.52,32.66,2756.38,3.7,41,105,S4337,4.7,2025-01-23,6,Hyderabad,Tablet,Credit Card,False,In Transit
U299096,P89285,Beauty,Skincare,Adidas,2721.24,17.72,2239.05,3.6,9,239,S5914,3.3,2024-11-08,3,Delhi,Web,UPI,False,Delayed
U144639,P76268,Sports,Fitness,Boat,1960.2,41.58,1145.11,5.0,7,368,S8912,2.6,2024-08-01,5,Hyderabad,Mobile App,Credit Card,False,Delivered
U333159,P20336,Electronics,Mobile,Lenovo,42764.95,27.41,31044.08,4.4,10,47,S4271,3.2,2024-06-11,6,Bangalore,Tablet,Credit Card,False,In Transit
U663204,P46133,Beauty,Skincare,Apple,4618.51,40.09,2766.84,3.8,27,283,S6546,3.5,2026-03-21,2,Bangalore,Tablet,UPI,False,In Transit
U790109,P25637,Clothing,Women,Adidas,2324.2,48.72,1191.89,4.3,5,57,S7607,4.8,2024-08-27,4,Mumbai,Mobile App,Debit Card,False,In Transit
U336863,P88724,Clothing,Men,Samsung,3734.73,53.28,1744.71,4.1,4,463,S8706,4.4,2025-09-16,1,Bangalore,Tablet,UPI,False,In Transit
U410657,P72947,Beauty,Makeup,LG,1195.8,25.84,886.77,3.8,23,371,S1929,5.0,2024-04-12,3,Bangalore,Tablet,Credit Card,False,Delayed
U403327,P61170,Clothing,Men,Puma,3815.28,66.29,1286.15,4.0,7,381,S2203,2.8,2024-06-21,1,Delhi,Tablet,Debit Card,False,Delayed
U931177,P73690,Clothing,Kids,Sony,720.15,10.96,641.22,3.8,10,411,S7348,3.4,2025-06-22,4,Hyderabad,Web,Credit Card,False,In Transit
U494187,P10363,Clothing,Men,LG,3534.51,50.02,1766.39,4.9,18,186,S4802,3.2,2025-10-14,4,Chennai,Mobile App,Credit Card,False,Delayed
U415838,P12155,Beauty,Skincare,H&M,429.21,16.12,360.02,2.9,8,66,S7127,4.0,2024-05-06,4,Chennai,Web,Cash on Delivery,False,Delivered
U150770,P53338,Clothing,Women,Lenovo,2293.22,13.09,1993.13,3.8,40,475,S1849,3.9,2025-06-28,5,Hyderabad,Web,Credit Card,False,Delivered
U969515,P11096,Beauty,Makeup,Adidas,2471.53,28.27,1772.75,4.1,59,189,S1721,4.0,2024-07-01,2,Hyderabad,Mobile App,UPI,False,Delayed
U671493,P87039,Beauty,Makeup,Samsung,2750.52,32.69,1851.41,3.5,20,61,S1179,4.6,2025-01-14,1,Chennai,Mobile App,UPI,False,Delayed
U770139,P13776,Electronics,Laptop,Samsung,59774.63,21.59,46869.1,4.4,22,73,S6977,3.8,2024-05-15,1,Mumbai,Mobile App,UPI,False,Delayed
U904669,P70302,Home,Kitchen,Nike,18499.36,42.81,10580.25,4.2,36,387,S7078,3.5,2024-12-10,5,Mumbai,Tablet,Cash on Delivery,False,Delayed
U702383,P95100,Sports,Outdoor,Adidas,10387.24,13.3,9006.1,3.2,4,422,S4058,3.2,2026-03-15,1,Delhi,Web,UPI,False,Delivered
U145086,P27438,Sports,Cycling,Lenovo,4526.81,36.52,2873.59,3.0,8,441,S8593,4.2,2024-05-07,6,Hyderabad,Web,Cash on Delivery,False,In Transit
U243720,P15746,Home,Kitchen,Sony,19113.72,13.26,16578.99,4.3,3,163,S5683,3.2,2024-05-02,4,Chennai,Tablet,Debit Card,False,Delayed
U194962,P26299,Home,Kitchen,Adidas,10416.09,16.84,8662.42,3.3,3,285,S1266,2.8,2026-01-15,1,Chennai,Tablet,UPI,False,Delayed
U759816,P55926,Sports,Cycling,Boat,6966.43,10.71,6220.61,3.4,3,271,S4462,5.0,2024-04-18,6,Bangalore,Web,Debit Card,False,In Transit
U726123,P99892,Beauty,Makeup,Nike,1428.37,36.75,903.42,3.7,6,189,S3447,3.4,2025-08-29,4,Mumbai,Mobile App,Cash on Delivery,False,Delayed
U498339,P11582,Beauty,Skincare,LG,4427.94,22.94,3411.97,3.9,22,120,S7691,3.2,2024-11-22,5,Hyderabad,Mobile App,Cash on Delivery,False,Delivered
U569389,P11374,Home,Decor,Boat,16142.65,29.52,11377.76,4.7,16,151,S8354,4.3,2026-03-10,1,Delhi,Tablet,Credit Card,False,In Transit
U470482,P18242,Beauty,Skincare,Nike,1806.5,13.2,1568.0,4.0,18,187,S9257,2.7,2026-01-17,4,Mumbai,Web,UPI,False,Delivered
U171147,P67831,Home,Furniture,Zara,9435.91,41.78,5493.98,4.0,48,117,S2477,2.8,2026-01-26,1,Delhi,Web,Cash on Delivery,False,Delivered
U652137,P67676,Home,Kitchen,Samsung,11024.59,45.11,6051.7,3.5,34,292,S2013,4.4,2025-02-19,2,Bangalore,Web,Credit Card,False,Delivered
U357210,P87428,Home,Kitchen,Apple,1548.27,25.56,1152.52,3.4,2,167,S6039,4.5,2024-08-16,3,Mumbai,Web,Debit Card,True,Returned
U324179,P22723,Electronics,Camera,Sony,54975.66,11.09,48878.04,4.3,18,348,S6240,3.7,2025-12-26,5,Bangalore,Tablet,Cash on Delivery,False,Delayed
U229088,P85060,Electronics,Headphones,H&M,9824.4,29.13,6962.7,4.2,5,477,S2309,3.9,2024-06-25,5,Hyderabad,Tablet,Cash on Delivery,True,Returned
U708946,P38155,Beauty,Haircare,Sony,4286.98,14.74,3654.88,4.4,15,219,S6408,4.3,2025-07-02,6,Hyderabad,Web,UPI,True,Returned
U848141,P89596,Sports,Fitness,Adidas,10366.35,43.4,5867.39,3.7,3,253,S5322,2.9,2025-06-20,3,Bangalore,Tablet,Cash on Delivery,False,In Transit
U151564,P34344,Sports,Fitness,LG,4279.69,26.02,3166.08,3.6,31,496,S4979,2.7,2025-02-19,5,Hyderabad,Tablet,Cash on Delivery,False,In Transit
U944848,P94199,Electronics,Headphones,Adidas,33177.14,8.59,30328.59,5.0,54,51,S4041,4.3,2024-09-16,4,Delhi,Mobile App,UPI,False,Delayed
U327555,P34858,Home,Kitchen,Puma,14051.52,45.3,7685.73,4.5,12,435,S3353,4.2,2024-12-28,5,Mumbai,Tablet,Cash on Delivery,False,Delivered
U403138,P43957,Clothing,Men,HP,4781.24,56.05,2101.16,3.1,17,20,S4048,3.2,2025-05-13,1,Hyderabad,Tablet,Credit Card,True,Returned
U942944,P70317,Home,Furniture,Nike,13781.56,43.86,7737.35,3.5,12,192,S4061,4.1,2025-01-07,3,Hyderabad,Web,Credit Card,False,In Transit
U334707,P80112,Beauty,Skincare,HP,2599.14,23.57,1986.54,4.1,39,444,S6540,4.1,2024-07-20,4,Mumbai,Tablet,Credit Card,False,Delivered
U122744,P85396,Clothing,Men,Zara,2576.94,47.59,1350.62,4.1,28,48,S5118,2.7,2025-03-28,5,Mumbai,Tablet,UPI,False,Delivered
U898118,P32962,Beauty,Haircare,Adidas,406.56,17.38,335.9,3.9,21,264,S5569,2.8,2025-05-23,2,Mumbai,Web,Credit Card,False,Delivered
U734021,P87462,Home,Kitchen,Zara,18660.3,34.36,12248.46,3.7,3,268,S3446,4.4,2025-09-28,3,Delhi,Tablet,UPI,False,Delayed
U444201,P45222,Beauty,Makeup,LG,3784.95,45.61,2058.64,4.2,9,353,S6604,3.9,2024-07-01,1,Delhi,Mobile App,Cash on Delivery,False,Delivered
U823230,P89868,Beauty,Makeup,Boat,4231.9,30.67,2933.8,3.7,15,318,S2137,2.6,2024-05-29,2,Chennai,Mobile App,Credit Card,False,Delivered
U926909,P47269,Electronics,Mobile,H&M,61557.74,10.92,54833.75,4.1,25,125,S4497,3.4,2025-10-21,2,Hyderabad,Tablet,Credit Card,False,Delivered
U234512,P74587,Beauty,Haircare,H&M,3200.34,45.95,1729.77,3.4,18,230,S8658,4.4,2025-02-22,5,Mumbai,Web,Credit Card,False,Delivered
U833839,P14426,Electronics,Camera,H&M,28202.93,37.88,17520.83,4.3,15,488,S7527,4.8,2025-07-05,2,Chennai,Web,Debit Card,False,Delayed
U317406,P83205,Beauty,Skincare,Puma,4763.68,23.85,3627.57,3.4,58,185,S1857,4.6,2024-06-23,1,Delhi,Mobile App,Cash on Delivery,False,Delivered
U754211,P75984,Home,Decor,LG,11951.45,20.72,9474.67,3.8,3,407,S5984,2.5,2025-08-17,1,Mumbai,Mobile App,Debit Card,False,Delivered
U863284,P17031,Electronics,Camera,H&M,44851.31,35.12,29100.3,4.4,27,67,S9127,4.0,2026-02-20,6,Bangalore,Web,UPI,False,Delayed
U275116,P66102,Beauty,Makeup,LG,1862.21,35.32,1204.43,4.4,24,232,S7885,4.5,2024-07-15,4,Chennai,Mobile App,Debit Card,True,Returned
U114463,P15244,Sports,Fitness,Boat,1367.22,21.0,1080.1,4.1,76,125,S7632,3.4,2025-03-09,5,Mumbai,Mobile App,Debit Card,False,Delayed
U396458,P85192,Beauty,Makeup,Boat,2377.26,37.24,1491.99,4.4,11,229,S5378,4.8,2025-12-06,5,Delhi,Web,Cash on Delivery,False,Delayed
U328158,P86949,Sports,Fitness,Apple,12795.64,12.84,11152.8,4.4,33,357,S8936,3.5,2024-06-01,6,Chennai,Tablet,Debit Card,True,Returned
U840363,P76333,Sports,Fitness,Sony,705.37,23.15,542.05,3.7,21,218,S1563,2.7,2026-01-29,1,Chennai,Tablet,Debit Card,False,In Transit
U249865,P64649,Electronics,Headphones,HP,41391.07,6.62,38648.93,4.4,116,396,S8151,2.6,2025-07-16,1,Mumbai,Web,Credit Card,False,Delivered
U369756,P59939,Clothing,Kids,Adidas,1729.13,30.76,1197.17,3.7,36,51,S3142,4.2,2026-01-16,3,Chennai,Mobile App,Credit Card,False,Delayed
U944713,P95316,Sports,Cycling,H&M,9890.82,49.63,4982.29,4.0,17,38,S2709,2.8,2025-07-03,3,Chennai,Web,Debit Card,False,Delayed
U104282,P19598,Home,Furniture,Sony,9227.2,15.51,7795.64,4.3,14,93,S8379,3.2,2024-07-23,2,Delhi,Web,Credit Card,False,Delivered
U621884,P49344,Clothing,Kids,Lenovo,2581.2,42.35,1488.01,3.0,15,88,S3647,2.5,2025-03-29,5,Bangalore,Web,Cash on Delivery,False,Delayed
U167333,P77291,Beauty,Haircare,Lenovo,2889.85,11.96,2544.1,3.5,48,396,S9211,2.9,2025-04-19,6,Hyderabad,Tablet,Credit Card,False,Delivered
U780454,P73318,Clothing,Women,Lenovo,4535.53,34.9,2952.76,4.5,16,29,S6403,3.3,2025-07-16,5,Chennai,Tablet,Debit Card,False,Delivered
U831411,P20097,Beauty,Haircare,Samsung,4994.32,16.15,4187.75,4.5,32,374,S4275,2.9,2024-08-23,2,Hyderabad,Tablet,Debit Card,False,Delayed
U883908,P85360,Home,Kitchen,Sony,16252.07,49.69,8176.34,3.7,4,306,S9789,3.2,2024-11-11,2,Hyderabad,Web,Cash on Delivery,True,Returned
U820055,P68172,Electronics,Headphones,Lenovo,72932.94,17.68,60036.3,3.9,8,319,S5412,2.7,2024-06-13,6,Hyderabad,Tablet,Cash on Delivery,False,Delivered
U999762,P68297,Sports,Fitness,Samsung,13410.18,30.14,9367.88,3.9,45,78,S4298,3.7,2024-09-23,6,Chennai,Web,UPI,False,Delivered
U537445,P20967,Sports,Fitness,HP,2563.36,28.98,1820.47,3.2,30,196,S7566,2.8,2024-07-28,1,Mumbai,Mobile App,UPI,False,Delivered
U868034,P68932,Beauty,Makeup,LG,1059.09,12.19,929.98,3.4,15,350,S9299,4.4,2024-05-23,4,Bangalore,Web,Debit Card,False,In Transit
U438138,P52962,Beauty,Haircare,Lenovo,2814.59,24.61,2121.89,3.9,66,384,S6873,3.6,2025-09-30,1,Hyderabad,Web,Debit Card,False,Delivered
U387936,P10749,Clothing,Women,Puma,1036.9,31.42,711.12,3.3,9,3,S1856,4.9,2025-02-19,5,Hyderabad,Web,Cash on Delivery,False,In Transit
U405314,P99560,Sports,Outdoor,Lenovo,13223.57,43.77,7436.11,4.9,7,29,S6855,4.5,2024-12-01,5,Mumbai,Mobile App,Cash on Delivery,False,In Transit
U261382,P32953,Home,Kitchen,LG,8017.27,32.78,5389.36,4.6,14,456,S5205,2.8,2025-07-02,1,Delhi,Web,Debit Card,True,Returned
U250701,P36439,Electronics,Camera,Sony,53162.3,12.61,46460.02,4.5,8,103,S9671,4.3,2025-02-19,2,Delhi,Web,Cash on Delivery,False,Delivered
U143931,P18326,Sports,Fitness,LG,7636.9,45.29,4178.3,3.7,40,231,S1325,4.1,2025-04-11,5,Hyderabad,Mobile App,Cash on Delivery,False,Delivered
U322466,P77199,Electronics,Headphones,Sony,62238.42,28.48,44510.19,4.1,17,329,S7737,3.7,2026-03-31,1,Mumbai,Mobile App,Credit Card,False,Delivered
U741165,P80080,Home,Decor,Samsung,3991.35,46.98,2116.39,4.5,23,114,S1498,2.9,2025-06-18,3,Chennai,Tablet,Debit Card,False,Delayed
U112704,P86530,Electronics,Laptop,Sony,16201.5,8.5,14823.81,4.3,16,394,S8098,3.6,2025-11-15,3,Chennai,Tablet,UPI,False,Delayed
U610634,P27685,Beauty,Haircare,Puma,3724.43,17.17,3084.82,3.4,218,430,S5468,4.3,2025-06-18,5,Chennai,Web,Credit Card,False,Delayed
U508148,P89874,Home,Furniture,Adidas,3326.27,24.8,2501.23,4.6,25,138,S9628,4.6,2024-10-20,6,Bangalore,Mobile App,Debit Card,False,In Transit
U890113,P59498,Electronics,Camera,Adidas,60262.07,14.99,51228.42,3.7,7,384,S9063,4.1,2025-02-13,4,Bangalore,Web,UPI,False,Delayed
U700873,P42927,Home,Kitchen,Zara,9467.82,28.26,6791.87,4.2,2,346,S1308,3.7,2025-05-17,4,Mumbai,Web,UPI,False,Delivered
U363166,P45424,Beauty,Skincare,Nike,4474.38,41.05,2637.56,4.3,20,75,S1725,4.8,2024-11-13,5,Chennai,Mobile App,UPI,False,In Transit
U645872,P46748,Sports,Cycling,Nike,8421.68,8.6,7697.75,4.0,29,312,S1287,4.2,2025-12-14,2,Bangalore,Web,Credit Card,False,In Transit
U690894,P67674,Clothing,Men,Adidas,3556.84,27.11,2592.43,3.8,80,340,S8533,3.7,2025-09-07,5,Delhi,Web,Debit Card,True,Returned
U739277,P57880,Sports,Outdoor,Puma,6576.54,9.66,5940.99,4.5,15,489,S2862,3.8,2025-10-31,1,Bangalore,Tablet,Debit Card,False,Delivered
U820094,P78508,Sports,Outdoor,H&M,8776.23,8.99,7986.94,4.0,16,369,S3604,2.7,2026-03-11,2,Bangalore,Mobile App,UPI,False,Delayed
U435544,P94067,Sports,Cycling,Nike,14135.75,39.5,8552.56,4.8,17,266,S7495,3.7,2025-04-21,4,Chennai,Tablet,Debit Card,False,Delivered
U778117,P38807,Sports,Outdoor,Nike,14846.02,27.33,10788.59,3.8,27,86,S8034,3.6,2025-11-03,2,Mumbai,Mobile App,Debit Card,False,Delayed
U893503,P46693,Sports,Outdoor,H&M,12730.39,46.91,6758.62,4.4,32,84,S8524,4.8,2024-09-30,2,Chennai,Web,Cash on Delivery,False,In Transit
U301819,P10326,Sports,Fitness,Apple,10072.32,33.12,6736.72,4.1,5,196,S7600,4.8,2025-06-29,2,Hyderabad,Mobile App,Credit Card,False,Delayed
U937003,P21839,Electronics,Headphones,Apple,45416.26,32.9,30472.1,4.6,104,239,S9861,3.2,2024-08-15,4,Chennai,Tablet,Credit Card,False,In Transit
U690480,P50948,Clothing,Women,LG,3837.99,30.94,2650.61,4.5,28,212,S9990,3.1,2024-04-29,6,Bangalore,Tablet,UPI,False,In Transit
U860147,P28928,Clothing,Men,Nike,931.36,33.86,615.96,3.3,6,112,S8762,2.9,2026-01-16,2,Hyderabad,Mobile App,Cash on Delivery,False,Delayed
U279582,P39884,Sports,Cycling,Samsung,1591.15,28.76,1133.61,3.6,40,241,S1927,2.9,2025-07-07,2,Mumbai,Mobile App,Cash on Delivery,False,In Transit
U158331,P97962,Home,Decor,Lenovo,6906.12,22.2,5372.8,4.2,4,454,S5596,4.8,2024-08-08,4,Hyderabad,Web,Cash on Delivery,False,Delayed
U757582,P68349,Home,Decor,Sony,15315.16,11.65,13530.25,4.0,141,215,S9133,2.5,2025-11-08,1,Delhi,Web,Debit Card,False,Delivered
U667056,P91830,Sports,Cycling,Apple,8090.14,38.5,4975.04,4.0,18,350,S1651,4.5,2025-04-05,6,Chennai,Web,Credit Card,False,In Transit
U167949,P51996,Sports,Fitness,LG,14123.02,49.02,7200.41,4.5,9,252,S1951,3.6,2025-02-19,3,Chennai,Tablet,Debit Card,False,In Transit
U275791,P63082,Sports,Cycling,H&M,8146.3,40.09,4880.58,3.6,4,423,S4442,3.8,2025-06-15,2,Hyderabad,Tablet,Debit Card,False,Delayed
U650632,P12995,Sports,Outdoor,Boat,10215.69,12.62,8926.21,4.3,9,440,S3548,3.1,2024-12-21,5,Mumbai,Mobile App,Cash on Delivery,False,In Transit
U518537,P99293,Electronics,Laptop,Adidas,10918.4,30.54,7583.57,3.4,8,55,S3955,3.2,2024-07-21,6,Chennai,Mobile App,UPI,False,Delayed
U946494,P81673,Home,Decor,Apple,19973.21,35.77,12828.64,3.7,15,51,S3534,3.4,2025-05-06,6,Chennai,Tablet,Cash on Delivery,True,Returned
U107384,P62663,Electronics,Laptop,Samsung,40002.94,39.43,24228.44,3.8,19,198,S1600,3.0,2025-06-23,6,Hyderabad,Mobile App,UPI,False,In Transit
U917192,P29232,Sports,Fitness,Adidas,10771.47,43.64,6071.28,4.4,34,301,S3358,3.7,2026-03-15,6,Hyderabad,Web,Credit Card,False,Delivered
U793478,P49818,Home,Decor,Lenovo,14447.5,13.12,12552.34,3.6,35,311,S8440,2.8,2025-02-19,5,Hyderabad,Mobile App,Credit Card,False,Delayed
U443831,P70324,Home,Furniture,Boat,16038.35,43.0,9141.22,4.0,37,261,S7779,4.7,2024-08-04,4,Hyderabad,Tablet,Credit Card,False,Delivered
U113914,P73810,Home,Kitchen,H&M,9456.0,6.2,8870.01,3.8,5,226,S4868,2.9,2024-11-02,4,Hyderabad,Tablet,UPI,False,Delivered
U456792,P92853,Clothing,Men,LG,4409.05,15.48,3726.63,2.9,37,21,S6214,2.9,2024-07-15,1,Bangalore,Web,UPI,True,Returned
U650290,P72710,Home,Furniture,Zara,6972.18,41.25,4095.98,3.7,9,316,S4647,2.6,2025-05-27,2,Delhi,Tablet,Debit Card,False,Delayed
U485503,P76728,Home,Kitchen,Samsung,16413.72,36.19,10474.12,3.9,3,275,S4428,4.4,2026-02-20,2,Bangalore,Mobile App,UPI,True,Returned
U153903,P95380,Home,Furniture,Sony,6250.45,17.13,5179.92,3.7,1,470,S2677,3.5,2025-06-26,3,Hyderabad,Mobile App,Credit Card,False,Delayed
U661778,P68191,Home,Furniture,Adidas,9762.48,6.91,9087.61,3.5,5,58,S6313,2.7,2025-04-27,3,Hyderabad,Tablet,Cash on Delivery,True,Returned
U711088,P93737,Sports,Cycling,Apple,5469.65,10.94,4871.5,2.9,48,224,S8378,3.3,2025-05-03,4,Delhi,Tablet,Cash on Delivery,False,Delayed
U943366,P92255,Electronics,Laptop,Adidas,27021.9,10.17,24274.32,3.3,33,136,S6851,2.7,2025-03-21,4,Bangalore,Web,Debit Card,False,In Transit
U125941,P40395,Beauty,Makeup,HP,3101.92,34.26,2039.1,3.6,86,419,S7934,3.5,2025-07-19,5,Bangalore,Tablet,Cash on Delivery,False,In Transit
U241256,P90367,Electronics,Mobile,Boat,7729.22,23.72,5896.17,3.8,17,163,S8860,3.9,2025-06-11,5,Mumbai,Mobile App,Cash on Delivery,False,Delayed
U622420,P57979,Clothing,Men,LG,1402.29,47.18,740.7,4.1,53,231,S3624,3.5,2025-02-08,3,Chennai,Tablet,Credit Card,False,Delayed
U512617,P83342,Beauty,Skincare,Apple,3611.45,39.65,2179.55,4.2,68,396,S4414,3.7,2024-10-26,2,Chennai,Tablet,UPI,False,Delivered
U486178,P96755,Sports,Fitness,LG,8430.27,47.91,4391.38,3.9,16,155,S3681,4.6,2025-08-19,3,Chennai,Mobile App,Credit Card,False,Delivered
U172322,P82088,Home,Furniture,Boat,16608.56,8.99,15115.67,3.8,12,177,S5166,3.1,2025-04-12,6,Bangalore,Tablet,Credit Card,False,Delayed
U317373,P49307,Beauty,Makeup,Samsung,3311.75,33.14,2214.1,4.7,52,149,S7296,4.3,2025-05-01,4,Hyderabad,Web,Debit Card,False,In Transit
U879102,P92862,Clothing,Kids,Apple,755.04,31.33,518.46,3.6,13,293,S6844,3.0,2025-12-18,4,Bangalore,Tablet,Debit Card,False,Delayed
U220486,P65665,Electronics,Camera,Sony,77340.22,36.44,49159.34,4.2,75,32,S8240,3.1,2024-04-05,2,Chennai,Mobile App,Debit Card,False,Delivered
U796678,P22326,Clothing,Men,Apple,1683.66,34.84,1097.08,4.2,39,207,S2176,4.4,2025-04-27,4,Chennai,Tablet,Debit Card,True,Returned
U800077,P72850,Electronics,Laptop,Sony,33029.6,14.36,28285.34,3.5,6,197,S1959,2.8,2024-09-13,5,Bangalore,Tablet,Debit Card,False,Delayed
U401781,P13385,Clothing,Kids,Puma,898.49,47.59,470.88,3.7,6,376,S3104,3.9,2024-11-19,4,Hyderabad,Tablet,Credit Card,False,Delayed
U311059,P13758,Beauty,Makeup,Zara,3664.6,18.45,2988.35,4.1,3,415,S3483,3.3,2025-04-09,4,Mumbai,Web,Debit Card,False,Delayed
U222237,P83115,Electronics,Camera,H&M,73382.38,24.13,55673.53,5.0,11,456,S4090,3.0,2024-08-20,1,Mumbai,Web,Cash on Delivery,False,In Transit
U535670,P64245,Beauty,Skincare,HP,4559.67,16.43,3810.34,3.5,41,222,S2277,3.4,2025-12-19,4,Hyderabad,Mobile App,Credit Card,False,In Transit
U950717,P14203,Beauty,Skincare,Sony,4964.3,35.61,3196.44,4.0,4,68,S3097,4.3,2024-10-02,4,Mumbai,Mobile App,Credit Card,False,In Transit
U175885,P37362,Sports,Cycling,Lenovo,9909.74,22.72,7658.72,3.9,150,371,S8171,3.9,2026-02-20,2,Delhi,Web,Credit Card,False,In Transit
U198343,P72174,Beauty,Makeup,HP,2185.6,31.96,1487.03,3.2,11,442,S8411,5.0,2024-07-24,1,Delhi,Tablet,UPI,False,In Transit
U953805,P62901,Clothing,Kids,Sony,3585.74,18.35,2927.88,4.1,394,61,S5494,4.6,2024-07-13,1,Bangalore,Web,UPI,True,Returned
U914601,P55935,Sports,Fitness,Adidas,1628.44,20.51,1294.45,3.8,82,32,S8502,4.6,2025-09-05,3,Mumbai,Web,Cash on Delivery,False,In Transit
U953075,P16887,Beauty,Makeup,Nike,851.17,35.6,548.14,3.5,80,56,S7287,4.4,2024-08-20,5,Hyderabad,Mobile App,Cash on Delivery,True,Returned
U695183,P86618,Clothing,Women,Adidas,4123.55,55.9,1818.33,4.4,98,400,S6844,3.6,2025-03-02,5,Delhi,Tablet,Cash on Delivery,False,Delayed
U770416,P33947,Home,Kitchen,HP,17069.93,30.8,11812.16,3.6,107,248,S8187,4.2,2025-04-13,5,Mumbai,Web,Debit Card,False,Delivered
U326840,P81771,Home,Decor,Samsung,17702.5,6.14,16615.03,3.6,14,165,S1040,4.3,2024-08-27,1,Delhi,Mobile App,Debit Card,False,In Transit
U816540,P43530,Electronics,Laptop,Sony,40015.8,20.76,31708.66,4.4,66,448,S7542,4.6,2025-05-04,1,Bangalore,Web,Credit Card,False,Delivered
U100832,P49412,Sports,Cycling,Adidas,11109.64,17.92,9118.7,3.5,15,240,S4951,4.3,2026-02-04,1,Chennai,Mobile App,UPI,False,In Transit
U491948,P99998,Home,Kitchen,Boat,16409.27,15.93,13794.61,3.0,10,246,S5790,4.9,2025-06-17,5,Delhi,Tablet,Credit Card,False,Delivered
U830524,P87117,Home,Furniture,Apple,8213.87,41.97,4766.46,4.5,35,234,S9617,3.2,2025-11-12,4,Bangalore,Tablet,Cash on Delivery,False,Delayed
U821633,P11058,Home,Furniture,Apple,6504.79,30.85,4498.07,3.6,40,148,S1228,4.4,2025-06-29,1,Mumbai,Tablet,Debit Card,False,In Transit
U545567,P22420,Clothing,Women,Puma,630.36,33.98,416.19,4.3,2,263,S4183,3.3,2026-03-07,1,Hyderabad,Mobile App,Debit Card,False,Delayed
U603760,P41877,Electronics,Mobile,Apple,17253.17,9.96,15534.33,3.3,6,43,S6112,2.9,2026-03-18,2,Chennai,Mobile App,UPI,False,In Transit
U554174,P73095,Electronics,Mobile,Sony,22678.48,33.78,15017.6,3.7,29,273,S7759,3.4,2025-08-12,3,Mumbai,Mobile App,UPI,False,Delivered
U578263,P22755,Beauty,Haircare,Apple,1018.48,37.21,639.5,3.6,10,23,S7641,3.6,2024-12-06,2,Chennai,Tablet,Debit Card,False,In Transit
U979702,P16930,Home,Furniture,LG,17363.73,8.24,15933.73,4.2,8,208,S9977,3.2,2026-02-24,2,Hyderabad,Tablet,UPI,False,Delivered
U356262,P19450,Beauty,Haircare,Zara,2638.58,15.44,2231.14,3.5,3,190,S5313,4.6,2024-07-02,3,Mumbai,Mobile App,Credit Card,False,Delivered
U304721,P17108,Beauty,Skincare,Samsung,4390.33,20.42,3493.72,3.5,42,94,S9228,3.2,2026-01-29,4,Mumbai,Web,Debit Card,False,Delayed
U971306,P28101,Home,Decor,Samsung,15582.56,7.28,14448.31,3.8,18,86,S5723,2.8,2024-05-09,3,Bangalore,Tablet,UPI,True,Returned
U523326,P63589,Electronics,Headphones,Nike,10720.55,35.88,6874.21,4.5,32,245,S1600,2.6,2025-12-05,5,Delhi,Mobile App,Debit Card,False,Delivered
U693902,P28568,Home,Kitchen,H&M,8146.95,9.26,7392.72,3.3,39,9,S2563,4.1,2024-12-13,2,Chennai,Web,Cash on Delivery,False,Delivered
U234977,P27784,Clothing,Kids,Lenovo,841.92,35.24,545.23,3.9,17,436,S3238,2.6,2024-09-06,3,Mumbai,Web,UPI,False,Delivered
U293136,P97141,Home,Furniture,HP,8928.83,24.32,6757.43,4.2,19,90,S1773,4.1,2024-08-18,2,Mumbai,Web,Cash on Delivery,False,Delivered
U894305,P16076,Electronics,Mobile,Zara,74464.32,30.78,51547.14,5.0,34,435,S2237,4.3,2024-12-12,4,Chennai,Mobile App,Credit Card,False,In Transit
U703849,P23242,Sports,Outdoor,Adidas,13303.03,18.33,10864.5,4.5,8,98,S4732,4.6,2024-04-27,5,Mumbai,Tablet,Credit Card,False,In Transit
U935303,P38138,Clothing,Kids,Boat,4841.52,32.67,3259.88,3.9,196,81,S4985,4.6,2025-09-10,1,Delhi,Tablet,Debit Card,False,In Transit
U232372,P38387,Beauty,Haircare,Sony,2633.44,6.91,2451.57,4.2,7,155,S4042,3.5,2025-02-25,6,Bangalore,Tablet,Cash on Delivery,False,In Transit
U931574,P10652,Home,Decor,Puma,15379.29,42.49,8845.01,4.3,34,88,S5320,4.2,2025-05-24,3,Hyderabad,Tablet,Cash on Delivery,False,In Transit
U865127,P86459,Clothing,Women,Nike,3637.43,20.13,2905.11,3.8,29,486,S6842,4.6,2024-09-23,3,Delhi,Mobile App,Cash on Delivery,False,In Transit
U794022,P85084,Beauty,Haircare,Adidas,2346.74,49.74,1179.51,4.2,5,281,S6906,4.7,2025-05-14,4,Bangalore,Mobile App,Cash on Delivery,False,Delivered
U821795,P33273,Home,Kitchen,Apple,16179.81,13.25,14035.99,3.8,12,196,S7623,3.7,2025-11-30,2,Bangalore,Web,Debit Card,False,Delayed
U265366,P58461,Electronics,Headphones,Puma,21636.47,10.87,19284.54,3.7,19,403,S5035,3.3,2026-02-21,1,Hyderabad,Tablet,UPI,False,Delayed
U379551,P71961,Beauty,Makeup,Sony,3342.38,48.26,1729.21,3.2,12,400,S7053,2.8,2024-10-19,1,Delhi,Mobile App,Credit Card,False,In Transit
U402559,P67872,Sports,Cycling,LG,1849.27,47.48,971.3,3.4,60,398,S5436,3.4,2026-02-17,5,Mumbai,Web,Cash on Delivery,False,Delayed
U318500,P83556,Home,Decor,Adidas,14924.2,27.92,10756.85,3.5,10,297,S7680,4.8,2025-10-18,5,Bangalore,Mobile App,Debit Card,False,Delayed
U841420,P60889,Clothing,Men,Sony,1932.23,59.34,785.7,3.6,7,252,S3469,4.9,2024-08-02,1,Mumbai,Web,UPI,False,In Transit
U776186,P64833,Beauty,Skincare,Nike,3922.38,22.18,3052.31,3.8,5,486,S4219,5.0,2025-07-27,2,Hyderabad,Tablet,Credit Card,False,In Transit
U530780,P81896,Home,Furniture,Zara,12853.78,10.83,11461.85,3.9,79,168,S9195,4.4,2024-05-17,2,Bangalore,Tablet,Cash on Delivery,False,Delivered
U512401,P80569,Sports,Fitness,Boat,5975.95,23.86,4549.91,3.9,10,75,S5850,3.8,2024-09-06,3,Delhi,Tablet,Cash on Delivery,False,Delayed
U925573,P96150,Clothing,Kids,HP,3377.76,16.79,2810.66,5.0,6,39,S7803,4.1,2024-04-01,6,Chennai,Mobile App,Debit Card,False,Delivered
U919579,P77537,Sports,Fitness,Apple,3654.38,19.03,2958.83,4.4,26,335,S4223,4.0,2024-04-02,2,Hyderabad,Tablet,Cash on Delivery,False,Delivered
U945574,P37291,Electronics,Laptop,Samsung,44619.59,16.61,37206.79,2.9,2,242,S3143,2.9,2024-06-28,3,Hyderabad,Web,UPI,False,In Transit
U662357,P90418,Clothing,Men,Apple,1181.79,41.84,687.28,3.6,23,216,S8896,3.2,2024-09-18,3,Bangalore,Tablet,UPI,False,Delayed
U701715,P37263,Clothing,Women,H&M,890.04,24.96,667.92,4.0,22,60,S3159,4.7,2025-11-12,6,Bangalore,Mobile App,Debit Card,True,Returned
U921032,P67936,Beauty,Skincare,HP,698.18,35.91,447.43,4.1,54,203,S4013,4.8,2024-11-01,6,Bangalore,Web,Debit Card,False,Delivered
U983370,P48867,Sports,Cycling,Nike,4296.35,40.05,2575.83,3.8,54,176,S7643,4.3,2024-12-16,5,Hyderabad,Mobile App,Credit Card,False,Delayed
U945703,P87153,Electronics,Camera,Nike,77355.94,24.49,58414.21,4.1,59,322,S5924,4.4,2024-10-16,6,Chennai,Mobile App,Credit Card,False,In Transit
U800207,P24396,Sports,Outdoor,Lenovo,6397.26,21.91,4995.53,3.3,80,92,S7776,3.1,2024-08-08,3,Delhi,Tablet,Cash on Delivery,False,Delayed
U750559,P63739,Home,Decor,Puma,4913.14,32.17,3332.74,3.9,25,231,S1419,4.0,2024-10-06,2,Delhi,Web,Credit Card,False,Delivered
U134457,P23746,Home,Furniture,HP,16190.73,44.87,8925.55,3.7,12,489,S7383,5.0,2024-04-11,4,Delhi,Mobile App,Credit Card,False,In Transit
U913769,P42361,Sports,Fitness,Apple,13508.35,19.25,10908.36,4.2,15,290,S5458,2.9,2025-09-14,6,Hyderabad,Tablet,UPI,False,Delivered
U385104,P38238,Clothing,Men,Adidas,3762.38,67.41,1226.0,3.3,21,243,S7869,2.7,2026-03-09,5,Bangalore,Web,Credit Card,True,Returned
U147805,P83839,Home,Decor,Apple,3235.42,40.06,1939.23,3.7,52,279,S5346,3.0,2026-02-24,6,Bangalore,Mobile App,UPI,False,Delivered
U139528,P19687,Beauty,Makeup,HP,1131.49,23.25,868.46,3.9,2,128,S9919,2.9,2025-01-31,1,Mumbai,Mobile App,UPI,False,In Transit
U795118,P96205,Electronics,Headphones,HP,56008.26,5.25,53068.13,3.6,12,42,S1408,3.2,2024-05-10,5,Chennai,Mobile App,Debit Card,False,Delayed
U689112,P64687,Clothing,Men,Nike,1624.25,49.59,818.78,2.8,89,436,S7832,3.9,2026-03-30,6,Chennai,Mobile App,Cash on Delivery,False,Delayed
U141476,P42302,Electronics,Mobile,HP,49235.13,31.46,33746.05,4.0,6,149,S3365,3.3,2024-06-12,2,Chennai,Mobile App,Credit Card,False,In Transit
U680404,P44227,Sports,Cycling,LG,6057.78,23.91,4609.56,3.6,15,454,S3554,2.8,2025-07-15,4,Bangalore,Mobile App,Credit Card,False,In Transit
U829136,P72659,Clothing,Men,Boat,3573.95,58.36,1488.24,4.0,33,289,S2575,4.9,2024-09-18,5,Delhi,Web,UPI,False,Delivered
U439660,P72986,Sports,Outdoor,Samsung,1909.19,39.45,1156.1,3.2,12,50,S2415,4.8,2024-12-13,1,Delhi,Web,UPI,False,Delivered
U814966,P50558,Clothing,Kids,Apple,3813.92,23.04,2935.27,3.6,118,474,S1265,2.5,2025-09-12,6,Chennai,Mobile App,Debit Card,False,In Transit
U942010,P95878,Electronics,Laptop,Lenovo,21796.74,37.11,13708.69,4.1,29,45,S5740,4.2,2024-07-09,5,Chennai,Mobile App,UPI,False,Delivered
U432517,P27919,Sports,Outdoor,Zara,11917.16,36.06,7620.42,3.8,53,465,S8939,3.0,2024-05-15,1,Bangalore,Tablet,UPI,True,Returned
U990380,P76856,Sports,Fitness,Boat,10039.8,12.96,8738.32,4.2,21,188,S9042,4.4,2025-08-11,4,Hyderabad,Web,Debit Card,False,In Transit
U681024,P20445,Clothing,Kids,Apple,2143.26,40.28,1279.93,4.2,23,19,S9180,2.8,2025-02-04,4,Mumbai,Web,UPI,False,Delayed
U277544,P42702,Beauty,Skincare,HP,2155.31,28.67,1537.38,3.4,209,328,S3486,3.4,2026-02-23,6,Bangalore,Mobile App,Debit Card,False,In Transit
U186403,P53976,Electronics,Mobile,H&M,42003.74,36.88,26513.72,3.8,34,111,S6431,4.6,2025-01-02,3,Mumbai,Mobile App,Cash on Delivery,False,Delayed
U169656,P63283,Beauty,Haircare,Nike,2605.68,19.26,2103.81,4.8,23,280,S5149,4.5,2025-11-02,1,Hyderabad,Web,Debit Card,False,Delivered
U875520,P50879,Home,Furniture,Zara,9042.82,9.48,8185.2,5.0,43,457,S2229,3.3,2025-09-22,3,Hyderabad,Mobile App,Credit Card,False,Delayed
U841958,P71150,Home,Kitchen,Puma,3887.1,10.85,3465.49,4.0,16,298,S9893,2.5,2025-10-07,1,Delhi,Tablet,Debit Card,True,Returned
U509392,P89234,Sports,Cycling,LG,5338.09,22.56,4133.98,4.0,3,144,S9301,2.7,2024-06-17,6,Hyderabad,Tablet,Credit Card,False,Delivered
U759206,P54660,Electronics,Headphones,Apple,65173.86,5.15,61816.02,4.5,26,221,S8396,4.1,2024-11-06,1,Chennai,Web,Cash on Delivery,False,Delivered
U252719,P34147,Home,Kitchen,Lenovo,11546.2,25.75,8572.82,3.3,7,229,S2415,2.9,2024-04-17,6,Bangalore,Web,Credit Card,False,In Transit
U524771,P58097,Beauty,Skincare,Zara,4693.74,34.0,3098.07,3.7,12,13,S5243,4.2,2024-04-20,6,Bangalore,Web,UPI,True,Returned
U187035,P48543,Beauty,Skincare,Zara,3273.43,22.34,2542.18,3.5,25,439,S5496,4.6,2025-06-02,1,Delhi,Mobile App,Credit Card,False,Delivered
U288777,P44167,Beauty,Haircare,Zara,1068.12,22.69,825.77,3.8,11,20,S9387,2.7,2024-05-16,6,Hyderabad,Web,UPI,False,Delivered
U728626,P17732,Electronics,Camera,Boat,46010.42,8.1,42284.4,3.8,40,344,S5455,4.1,2024-05-19,5,Chennai,Mobile App,Cash on Delivery,False,Delivered
U527445,P32085,Sports,Fitness,Samsung,6343.73,7.74,5853.03,3.4,11,98,S9216,3.9,2025-04-22,5,Hyderabad,Tablet,UPI,False,Delivered
U340510,P28720,Home,Decor,Nike,11614.89,24.81,8733.45,3.6,53,282,S3426,2.7,2025-08-03,5,Mumbai,Mobile App,Credit Card,False,Delayed
U391208,P71740,Clothing,Women,Samsung,2762.78,23.94,2101.34,3.3,9,167,S3548,4.7,2025-04-22,4,Chennai,Tablet,Credit Card,False,In Transit
U133501,P10168,Sports,Cycling,HP,1976.38,29.67,1389.95,3.3,30,139,S2511,4.7,2026-02-05,4,Bangalore,Mobile App,Debit Card,False,In Transit
U919729,P23340,Sports,Fitness,Adidas,7534.36,20.89,5960.75,4.5,36,360,S2891,3.8,2024-04-08,4,Bangalore,Mobile App,Debit Card,False,Delayed
U917646,P68064,Electronics,Headphones,Adidas,32515.97,20.01,26010.99,4.7,24,474,S3385,3.4,2025-02-23,2,Bangalore,Mobile App,Credit Card,False,Delivered
U613146,P82944,Beauty,Makeup,Apple,3587.49,9.21,3257.19,4.0,12,20,S8608,3.1,2024-10-20,1,Bangalore,Tablet,Credit Card,True,Returned
U992849,P19540,Electronics,Laptop,Lenovo,8685.84,20.85,6874.98,3.7,10,12,S5916,3.9,2024-05-12,1,Delhi,Mobile App,Debit Card,False,Delayed
U743054,P53636,Home,Furniture,Sony,2960.7,27.68,2141.07,3.3,5,446,S3068,3.2,2026-03-10,5,Delhi,Tablet,UPI,False,Delayed
U529906,P69524,Home,Kitchen,Puma,3582.44,35.42,2313.68,4.3,16,147,S3111,3.5,2025-05-10,6,Chennai,Tablet,UPI,False,Delivered
U332797,P55135,Electronics,Laptop,Samsung,59631.32,6.17,55953.91,4.5,13,254,S1408,4.0,2024-11-15,6,Hyderabad,Tablet,Credit Card,True,Returned
U800065,P29124,Beauty,Haircare,HP,2408.89,12.71,2102.83,3.8,10,49,S4635,3.7,2024-12-03,3,Delhi,Tablet,Cash on Delivery,False,In Transit
U703674,P11801,Clothing,Kids,Boat,1725.02,42.62,989.89,4.4,12,163,S6438,2.7,2025-10-05,3,Chennai,Tablet,Debit Card,False,In Transit
U420928,P12733,Beauty,Makeup,HP,3553.88,23.53,2717.58,4.4,3,278,S5558,3.9,2026-02-10,1,Chennai,Mobile App,UPI,False,In Transit
U822962,P49064,Sports,Outdoor,HP,3261.74,17.49,2691.32,4.2,10,183,S3510,2.9,2026-03-29,1,Delhi,Tablet,Cash on Delivery,False,Delivered
U507379,P53458,Beauty,Skincare,H&M,374.85,10.1,336.99,3.2,7,215,S8531,3.5,2025-12-26,3,Delhi,Mobile App,Credit Card,True,Returned
U145331,P20878,Beauty,Makeup,LG,692.77,6.49,647.83,3.4,10,204,S6215,3.5,2026-02-06,4,Hyderabad,Mobile App,Cash on Delivery,False,In Transit
U172469,P49169,Electronics,Laptop,Boat,37102.33,26.62,27224.47,3.5,13,300,S1959,3.9,2025-11-27,4,Chennai,Mobile App,Debit Card,False,Delivered
U858000,P62228,Electronics,Headphones,Adidas,40073.1,26.31,29529.65,3.0,43,315,S3633,4.0,2024-10-24,6,Hyderabad,Tablet,Cash on Delivery,False,In Transit
U289110,P52350,Home,Kitchen,Puma,14306.45,13.63,12356.82,3.9,6,410,S1149,4.1,2025-03-26,3,Hyderabad,Tablet,Debit Card,False,Delayed
U362702,P32820,Clothing,Men,H&M,3051.38,39.99,1831.14,4.2,9,108,S5939,2.6,2024-06-10,4,Mumbai,Tablet,UPI,False,Delivered
U422766,P24497,Home,Furniture,Puma,10519.6,30.07,7356.82,3.0,52,368,S6423,4.1,2024-08-24,3,Mumbai,Web,Credit Card,False,In Transit
U454457,P51330,Sports,Fitness,LG,6177.46,25.84,4581.12,3.8,38,234,S5616,3.6,2025-03-25,6,Chennai,Tablet,UPI,False,In Transit
U115672,P31253,Clothing,Women,HP,500.66,24.1,380.02,3.1,4,142,S3695,3.5,2026-03-11,4,Hyderabad,Web,Cash on Delivery,False,Delivered
U750728,P54294,Clothing,Men,Adidas,1395.19,23.37,1069.16,4.2,9,345,S5769,3.3,2024-09-26,1,Mumbai,Web,Credit Card,False,Delivered
U949797,P28258,Electronics,Headphones,Zara,34638.28,35.57,22316.36,4.4,37,268,S7338,4.0,2025-05-17,1,Chennai,Mobile App,UPI,False,In Transit
U511366,P34093,Electronics,Laptop,HP,42680.03,18.63,34728.64,5.0,6,463,S2485,4.9,2025-02-17,4,Hyderabad,Web,Credit Card,False,Delivered
U245578,P27173,Beauty,Makeup,Nike,4614.77,24.92,3464.57,4.0,10,13,S5948,3.2,2024-07-15,4,Chennai,Mobile App,Cash on Delivery,False,In Transit
U817747,P41554,Sports,Fitness,Apple,10577.74,48.34,5464.97,3.3,74,302,S3885,4.1,2024-12-02,4,Bangalore,Web,Cash on Delivery,False,Delayed
U332040,P26541,Clothing,Women,Samsung,1017.92,20.33,811.02,4.0,62,419,S6815,3.9,2025-07-17,1,Hyderabad,Mobile App,Credit Card,False,Delivered
U147351,P49592,Clothing,Kids,Nike,4855.22,49.49,2452.28,3.4,22,272,S6870,3.7,2025-11-15,3,Chennai,Mobile App,Credit Card,False,Delivered
U151116,P23925,Electronics,Camera,Apple,10256.71,15.76,8640.55,4.4,47,295,S4921,3.8,2025-09-16,2,Chennai,Tablet,Credit Card,False,Delivered
U733544,P73860,Home,Decor,Adidas,5631.75,25.31,4206.61,3.6,10,43,S2012,4.8,2025-04-20,5,Hyderabad,Mobile App,UPI,True,Returned
U779509,P54773,Electronics,Laptop,H&M,56457.2,18.48,46023.56,3.9,79,220,S2629,2.9,2024-11-16,2,Chennai,Web,Credit Card,False,Delivered
U834017,P74517,Home,Kitchen,H&M,5871.84,22.05,4577.26,3.8,4,32,S9423,4.4,2025-03-12,4,Bangalore,Tablet,Debit Card,False,In Transit
U707510,P91480,Sports,Outdoor,Samsung,3816.18,30.26,2661.26,3.8,18,415,S3336,4.6,2024-04-06,3,Hyderabad,Mobile App,UPI,False,In Transit
U878986,P40714,Home,Decor,Adidas,16602.87,45.98,8968.56,3.5,53,42,S7308,2.7,2026-02-09,1,Mumbai,Tablet,Cash on Delivery,False,In Transit
U495150,P47961,Sports,Fitness,Sony,9241.51,45.53,5034.04,3.9,10,225,S5717,4.0,2025-12-04,4,Bangalore,Mobile App,Cash on Delivery,True,Returned
U893705,P56234,Electronics,Mobile,HP,60622.47,20.89,47956.96,4.3,14,100,S2710,3.7,2026-03-02,3,Bangalore,Mobile App,Cash on Delivery,False,In Transit
U456496,P17656,Beauty,Makeup,H&M,3175.87,49.43,1606.12,4.2,24,176,S3896,4.1,2025-05-07,1,Hyderabad,Tablet,Cash on Delivery,False,Delayed
U921825,P85431,Beauty,Skincare,Nike,3327.0,46.09,1793.52,4.1,7,81,S2417,3.3,2024-09-12,4,Delhi,Tablet,Debit Card,False,In Transit
U935876,P91913,Sports,Fitness,Boat,12421.0,40.53,7386.43,3.7,35,30,S3553,3.7,2025-11-26,4,Delhi,Mobile App,Credit Card,False,Delivered
U812772,P67907,Electronics,Camera,Puma,60658.35,26.03,44868.7,4.7,123,12,S7330,3.1,2025-11-15,4,Chennai,Tablet,Cash on Delivery,False,Delayed
U242064,P29813,Beauty,Skincare,LG,568.01,22.17,442.1,3.4,40,101,S8967,2.8,2024-08-10,5,Mumbai,Mobile App,Debit Card,False,Delayed
U958506,P93330,Clothing,Men,Nike,3661.18,27.25,2663.46,4.3,12,264,S5660,4.2,2024-04-17,4,Hyderabad,Tablet,Debit Card,False,In Transit
U399962,P29952,Clothing,Women,Apple,4695.59,14.69,4005.74,4.2,24,310,S6104,4.6,2025-07-07,3,Delhi,Mobile App,UPI,False,Delivered
U910453,P42198,Electronics,Laptop,Puma,73681.38,33.17,49243.79,5.0,36,291,S9812,2.9,2025-03-16,6,Bangalore,Tablet,Credit Card,False,Delivered
U558598,P55164,Electronics,Laptop,Nike,69901.27,10.14,62813.63,4.5,12,306,S9228,3.7,2024-04-21,5,Bangalore,Web,Cash on Delivery,False,Delayed
U848269,P43797,Clothing,Men,Puma,3557.87,17.42,2938.08,4.3,7,52,S9042,4.7,2024-06-12,6,Chennai,Tablet,Credit Card,False,Delayed
U175055,P54672,Beauty,Makeup,LG,2820.15,38.37,1737.99,4.0,6,458,S4445,4.4,2024-08-01,4,Chennai,Tablet,Credit Card,True,Returned
U799713,P13975,Electronics,Mobile,Apple,45100.6,36.19,28776.85,3.2,30,417,S7354,4.6,2025-08-16,3,Bangalore,Web,Credit Card,False,Delayed
U552022,P68342,Beauty,Makeup,Sony,837.1,27.92,603.34,4.5,6,443,S4609,2.7,2025-11-15,2,Mumbai,Web,UPI,False,Delivered
U462205,P38915,Beauty,Skincare,Sony,2149.27,34.82,1400.86,4.5,8,492,S5078,3.0,2026-01-30,3,Bangalore,Web,Debit Card,True,Returned
U592056,P63835,Beauty,Makeup,Boat,2218.89,5.83,2089.58,3.5,40,133,S9666,3.5,2024-09-21,4,Chennai,Web,Debit Card,True,Returned
U392219,P85727,Sports,Outdoor,Nike,1398.43,18.74,1136.4,4.0,24,147,S7022,4.6,2024-07-20,4,Mumbai,Mobile App,UPI,False,In Transit
U106095,P64168,Beauty,Haircare,Nike,3982.24,28.02,2866.36,2.6,44,296,S3123,4.1,2024-10-12,6,Bangalore,Tablet,Cash on Delivery,True,Returned
U215193,P28742,Home,Kitchen,Lenovo,19224.13,25.81,14261.5,4.7,8,419,S1888,4.9,2025-06-06,5,Bangalore,Web,Credit Card,False,In Transit
U726290,P40332,Beauty,Haircare,Puma,1543.59,8.24,1416.39,4.0,34,378,S6235,2.5,2024-10-25,1,Mumbai,Tablet,UPI,True,Returned
U369904,P99760,Sports,Outdoor,HP,11693.41,21.98,9123.09,4.1,12,449,S5412,3.8,2026-03-16,1,Mumbai,Mobile App,UPI,False,Delivered
U920595,P96080,Sports,Fitness,Sony,3158.21,26.63,2317.12,3.8,34,190,S1071,2.8,2025-03-31,5,Hyderabad,Mobile App,Credit Card,False,Delivered
U998661,P97573,Home,Kitchen,Puma,11877.07,43.89,6664.65,4.8,25,373,S1102,2.8,2025-09-07,6,Chennai,Web,Debit Card,False,In Transit
U221862,P78124,Sports,Outdoor,Nike,12196.03,18.63,9924.1,3.7,8,149,S1850,4.8,2024-08-12,4,Bangalore,Web,UPI,False,Delivered
U240461,P22269,Clothing,Kids,HP,4184.87,12.6,3657.75,3.5,33,149,S8418,4.1,2024-08-27,5,Chennai,Tablet,Credit Card,False,Delivered
U827098,P17353,Clothing,Women,Zara,784.66,45.05,431.2,3.3,30,474,S5419,3.2,2024-10-20,1,Mumbai,Web,UPI,False,Delayed
U112321,P61829,Beauty,Makeup,Boat,3272.53,15.36,2770.0,4.2,15,100,S7668,3.7,2024-12-29,2,Hyderabad,Tablet,Credit Card,False,Delayed
U104555,P24788,Clothing,Kids,Boat,3193.02,35.52,2058.75,3.2,62,34,S3266,4.3,2025-10-14,1,Mumbai,Mobile App,UPI,False,Delivered
U232645,P60816,Sports,Outdoor,Lenovo,5387.03,42.79,3081.78,4.5,74,418,S5147,4.6,2026-03-28,2,Bangalore,Tablet,Credit Card,False,Delivered
U499534,P13006,Clothing,Women,Puma,1481.98,29.35,1047.02,4.4,14,484,S9347,5.0,2025-03-14,4,Chennai,Mobile App,Cash on Delivery,False,In Transit
U993199,P53983,Electronics,Laptop,Boat,63554.46,17.66,52330.95,5.0,6,327,S5148,3.5,2025-07-17,1,Delhi,Tablet,Debit Card,False,In Transit
U488467,P64959,Sports,Fitness,Samsung,3483.36,22.61,2695.82,3.4,8,143,S1851,5.0,2025-12-15,3,Chennai,Mobile App,Credit Card,False,Delivered
U691318,P38200,Home,Decor,LG,17548.74,6.23,16455.29,3.7,24,191,S1817,4.0,2024-10-16,4,Delhi,Tablet,UPI,False,Delivered
U215054,P72284,Electronics,Headphones,Sony,50468.6,25.19,37757.61,4.7,47,176,S9693,3.9,2024-12-31,6,Hyderabad,Tablet,UPI,False,Delayed
U705109,P93744,Electronics,Laptop,Lenovo,15051.42,10.73,13436.17,4.1,37,387,S1585,4.9,2026-03-17,3,Chennai,Web,Debit Card,False,Delayed
U385148,P41718,Electronics,Mobile,Sony,42639.62,6.75,39759.36,3.4,20,32,S6710,3.3,2024-07-30,3,Delhi,Web,Cash on Delivery,False,Delayed
U974132,P53276,Home,Furniture,Zara,16840.14,45.74,9138.15,3.9,22,97,S9559,3.3,2025-07-26,3,Mumbai,Tablet,UPI,True,Returned
U600497,P50670,Home,Decor,Zara,17176.83,23.49,13141.15,2.8,31,234,S6238,4.1,2025-01-01,4,Mumbai,Web,UPI,False,Delivered
U641400,P51649,Electronics,Mobile,Apple,43592.22,9.69,39369.22,4.4,23,195,S5617,3.5,2025-06-13,5,Hyderabad,Web,UPI,False,In Transit
U195641,P89717,Beauty,Haircare,Sony,1109.26,20.14,885.8,4.0,105,19,S3535,3.0,2024-05-23,1,Delhi,Web,UPI,False,In Transit
U777210,P36765,Sports,Cycling,H&M,13049.99,41.86,7587.24,3.6,13,247,S2684,4.9,2024-06-27,3,Chennai,Web,UPI,True,Returned
U544903,P77811,Electronics,Headphones,Lenovo,19026.36,6.87,17718.85,4.3,20,500,S7920,3.4,2025-10-02,4,Hyderabad,Mobile App,UPI,False,Delayed
U473552,P85909,Sports,Outdoor,Boat,5551.98,36.63,3518.52,4.3,77,376,S9541,3.8,2025-05-08,5,Hyderabad,Mobile App,Credit Card,False,Delivered
U854363,P52054,Beauty,Skincare,Puma,1304.22,20.1,1042.01,3.1,14,442,S1460,2.8,2024-12-07,1,Delhi,Web,Credit Card,False,In Transit
U170227,P87078,Clothing,Women,LG,1058.15,59.1,432.79,4.9,35,178,S7913,2.9,2025-10-06,1,Chennai,Web,Cash on Delivery,False,Delayed
U482463,P41380,Clothing,Kids,LG,3865.05,38.18,2389.54,3.4,6,126,S9342,4.2,2024-12-11,1,Mumbai,Mobile App,Debit Card,False,Delivered
U198843,P71358,Beauty,Makeup,Zara,3329.72,30.81,2303.8,3.0,6,463,S8896,4.4,2025-07-23,1,Mumbai,Web,UPI,False,Delivered
U548535,P81834,Home,Decor,Sony,7046.24,19.38,5680.75,4.4,3,248,S4408,4.7,2025-05-13,4,Hyderabad,Mobile App,Credit Card,False,Delivered
U265245,P70558,Clothing,Kids,LG,2482.95,54.54,1128.63,3.7,9,91,S8847,3.0,2025-07-22,5,Mumbai,Web,Cash on Delivery,False,Delayed
U432037,P19126,Sports,Cycling,Adidas,1856.09,41.9,1078.42,3.6,134,326,S7078,2.7,2024-09-12,5,Bangalore,Tablet,UPI,False,Delivered
U414388,P65898,Home,Furniture,Lenovo,5852.4,11.12,5201.49,4.5,18,54,S4908,4.7,2025-08-31,1,Bangalore,Mobile App,Cash on Delivery,False,Delivered
U769944,P69857,Electronics,Camera,Nike,43594.38,26.33,32115.39,4.5,33,391,S4666,3.7,2025-04-29,1,Delhi,Tablet,Credit Card,False,In Transit
U226741,P75701,Beauty,Makeup,Puma,3523.6,35.67,2266.84,4.2,18,149,S3297,4.4,2024-04-26,4,Delhi,Web,Credit Card,False,Delayed
U308057,P10143,Beauty,Haircare,Lenovo,3911.56,39.46,2368.0,3.9,19,399,S2007,4.8,2025-11-22,5,Hyderabad,Mobile App,Cash on Delivery,False,Delivered
U851124,P46524,Clothing,Men,Samsung,4165.55,25.05,3121.97,5.0,30,72,S4169,4.4,2026-02-25,2,Mumbai,Web,Debit Card,True,Returned
U465742,P96330,Beauty,Skincare,Zara,1991.04,43.8,1118.89,3.2,14,247,S8324,3.0,2026-01-04,1,Delhi,Web,UPI,False,Delayed
U710862,P92692,Beauty,Skincare,Zara,2273.55,8.96,2069.9,3.4,125,243,S2774,3.1,2025-02-20,3,Chennai,Web,Debit Card,False,Delayed
U522194,P69671,Sports,Outdoor,LG,8974.22,45.79,4864.74,4.0,257,208,S5849,2.8,2024-07-03,3,Hyderabad,Mobile App,Cash on Delivery,False,Delayed
U116858,P12289,Clothing,Men,Sony,4622.14,34.91,3008.76,3.1,39,314,S7007,4.7,2025-09-06,4,Bangalore,Mobile App,Credit Card,False,In Transit
U305810,P70148,Clothing,Kids,Boat,3358.12,55.74,1486.35,2.8,12,319,S4281,3.5,2025-05-08,6,Bangalore,Tablet,Credit Card,True,Returned
U897168,P43865,Clothing,Men,HP,4834.01,43.99,2707.69,3.7,13,124,S1217,2.7,2025-01-03,2,Delhi,Web,UPI,False,In Transit
U541800,P16562,Home,Kitchen,Zara,17030.59,18.62,13859.06,3.6,69,390,S2868,2.6,2026-03-08,2,Mumbai,Web,Cash on Delivery,False,Delayed
U138946,P22606,Sports,Fitness,Apple,2284.9,27.31,1660.94,3.4,30,22,S2134,4.2,2025-10-26,6,Bangalore,Web,Credit Card,False,In Transit
U241086,P62602,Electronics,Mobile,Lenovo,37066.92,14.86,31560.59,3.3,6,178,S4423,3.5,2024-04-07,5,Delhi,Tablet,Debit Card,False,In Transit
U995369,P36647,Home,Decor,Puma,9015.04,34.14,5937.5,4.0,23,112,S6220,4.3,2024-07-11,1,Chennai,Web,Credit Card,False,In Transit
U213033,P47183,Beauty,Skincare,HP,4582.65,10.37,4107.47,2.7,12,292,S7601,4.8,2025-06-27,1,Mumbai,Web,UPI,True,Returned
U533237,P93043,Home,Kitchen,Adidas,17901.83,8.57,16368.27,4.0,33,198,S5647,3.8,2025-06-03,2,Chennai,Tablet,Credit Card,False,Delivered
U826320,P28180,Electronics,Laptop,Apple,7644.73,10.9,6811.73,3.9,19,418,S7679,2.8,2025-04-03,1,Hyderabad,Web,Debit Card,False,Delivered
U664895,P53656,Sports,Fitness,Sony,14012.13,9.86,12631.06,3.5,22,135,S3727,3.8,2026-01-17,4,Hyderabad,Tablet,Cash on Delivery,False,Delayed
U950231,P14506,Clothing,Women,Samsung,1551.86,56.52,674.8,4.7,216,352,S3314,3.2,2026-02-13,3,Delhi,Mobile App,Cash on Delivery,False,Delayed
U928281,P12289,Electronics,Mobile,Sony,56455.08,37.57,35242.69,4.1,3,163,S2409,4.0,2025-02-20,2,Hyderabad,Tablet,UPI,False,Delayed
U619577,P25013,Home,Kitchen,Adidas,11573.2,43.0,6596.22,3.9,10,205,S4324,4.6,2026-01-30,5,Mumbai,Tablet,UPI,False,Delayed
U986063,P95911,Clothing,Men,LG,4972.87,69.36,1523.68,4.5,9,465,S4556,4.1,2025-06-30,4,Hyderabad,Web,Credit Card,False,Delivered
U717960,P16870,Electronics,Mobile,Samsung,44358.51,8.39,40635.52,3.7,30,269,S4846,5.0,2024-05-16,1,Delhi,Mobile App,Cash on Delivery,False,Delayed
U147033,P32739,Electronics,Mobile,Sony,48497.66,31.69,33129.47,4.9,9,269,S4778,3.3,2025-08-13,1,Chennai,Web,Debit Card,False,Delivered
U755352,P99514,Home,Decor,HP,14683.36,25.67,10913.59,4.4,15,25,S4770,2.7,2026-01-19,1,Mumbai,Mobile App,Debit Card,False,Delayed
U545327,P21602,Clothing,Kids,Puma,3582.48,31.7,2446.89,3.8,13,124,S7840,3.2,2024-05-16,5,Hyderabad,Web,Credit Card,True,Returned
U927189,P20793,Sports,Cycling,Samsung,6153.84,37.52,3845.18,4.4,36,71,S3246,3.5,2024-12-11,2,Chennai,Tablet,Cash on Delivery,False,Delayed
U917689,P70144,Electronics,Headphones,HP,73458.03,25.78,54518.62,5.0,28,457,S5201,2.8,2024-06-28,5,Bangalore,Web,UPI,False,In Transit
U465797,P99244,Clothing,Men,Apple,2169.72,19.92,1737.43,3.6,4,280,S4474,4.0,2024-12-04,1,Delhi,Tablet,Credit Card,False,Delivered
U734032,P68702,Sports,Outdoor,Puma,10723.37,34.59,7014.49,4.2,8,316,S9254,4.8,2025-02-02,4,Mumbai,Web,Credit Card,False,Delivered
U246728,P97459,Sports,Cycling,Apple,4529.07,37.29,2840.28,3.5,14,216,S4813,4.8,2025-09-27,1,Bangalore,Web,Cash on Delivery,False,Delayed
U525235,P73677,Home,Decor,Samsung,4669.11,35.67,3003.59,4.0,41,218,S8846,4.1,2024-09-18,2,Delhi,Tablet,UPI,False,Delayed
U790174,P79569,Beauty,Makeup,Boat,886.89,36.76,560.89,3.5,22,277,S4551,3.3,2025-01-29,1,Mumbai,Web,Credit Card,False,In Transit
U125768,P21505,Sports,Cycling,Zara,8243.14,33.46,5485.02,3.9,45,373,S7496,4.6,2025-02-16,6,Bangalore,Tablet,Credit Card,False,In Transit
U293017,P65720,Beauty,Skincare,HP,1171.34,8.22,1075.02,3.5,14,221,S8126,3.9,2025-10-14,2,Mumbai,Web,UPI,False,Delayed
U189784,P61796,Clothing,Women,Zara,681.41,62.6,254.87,4.1,2,418,S6322,4.2,2025-10-16,2,Hyderabad,Mobile App,Credit Card,False,Delayed
U738788,P10088,Sports,Cycling,H&M,7404.32,46.38,3970.12,3.5,19,237,S5774,2.7,2025-02-17,2,Chennai,Tablet,Credit Card,False,In Transit
U439171,P54747,Sports,Cycling,Apple,10400.58,23.3,7977.61,3.2,29,318,S8808,3.2,2024-07-03,4,Mumbai,Web,Cash on Delivery,False,Delivered
U498649,P48847,Beauty,Makeup,HP,4802.86,28.83,3418.33,4.2,29,12,S9995,4.8,2024-09-16,5,Hyderabad,Mobile App,Debit Card,False,Delayed
U175958,P48129,Sports,Fitness,LG,8541.23,10.72,7625.45,4.5,31,63,S8222,3.1,2025-08-01,4,Delhi,Mobile App,Cash on Delivery,False,In Transit
U699425,P19171,Beauty,Haircare,HP,4155.46,13.86,3579.6,4.0,60,488,S3278,4.5,2024-10-27,1,Mumbai,Tablet,Debit Card,False,In Transit
U562842,P20522,Home,Furniture,Lenovo,14714.84,12.63,12857.0,4.4,12,331,S2870,4.6,2024-06-10,3,Chennai,Web,Cash on Delivery,True,Returned
U911459,P15713,Electronics,Mobile,Zara,33281.89,24.83,25019.63,4.3,45,2,S4008,3.0,2026-03-25,6,Bangalore,Web,Debit Card,False,Delayed
U975844,P74392,Clothing,Kids,Puma,1856.9,26.19,1370.58,4.2,14,178,S8586,3.2,2025-01-08,6,Chennai,Mobile App,Credit Card,False,Delayed
U118893,P26186,Electronics,Laptop,HP,75133.17,10.41,67312.69,5.0,39,52,S3456,3.4,2025-06-19,5,Mumbai,Web,UPI,False,Delivered
U617375,P46075,Sports,Outdoor,Zara,10750.33,8.7,9815.02,4.7,55,87,S1376,5.0,2024-12-05,5,Delhi,Web,Debit Card,False,Delivered
U527896,P89262,Clothing,Men,Adidas,4389.57,21.89,3428.85,4.1,4,107,S2950,4.5,2025-05-15,1,Mumbai,Tablet,UPI,False,In Transit
U769975,P35633,Clothing,Men,Samsung,4992.56,61.91,1901.65,3.9,15,10,S3229,2.5,2024-10-15,3,Hyderabad,Web,Credit Card,False,In Transit
U573151,P57642,Beauty,Skincare,Sony,2092.31,34.65,1367.37,3.5,7,122,S8693,3.4,2024-08-22,3,Chennai,Tablet,Debit Card,False,Delivered
U945948,P94148,Home,Kitchen,H&M,14492.27,39.66,8745.11,3.5,3,390,S5539,2.8,2025-10-01,3,Delhi,Web,Cash on Delivery,False,Delayed
U368133,P16514,Sports,Outdoor,Boat,10645.63,26.26,7850.61,3.8,46,368,S7232,3.8,2025-02-22,5,Hyderabad,Tablet,Cash on Delivery,False,Delivered
U490780,P38687,Home,Decor,Sony,16590.62,41.89,9640.86,4.2,10,130,S6411,2.8,2025-04-01,2,Bangalore,Tablet,UPI,False,In Transit
U662518,P96856,Beauty,Haircare,Boat,3169.03,40.91,1872.49,4.4,7,421,S7862,4.8,2025-07-28,6,Chennai,Web,Credit Card,True,Returned
U688842,P39968,Home,Decor,Adidas,5815.26,15.45,4916.62,4.0,30,338,S6786,2.7,2025-03-25,5,Bangalore,Tablet,Cash on Delivery,False,Delayed
U555267,P61332,Clothing,Women,Puma,2859.6,24.75,2151.99,3.7,23,424,S5910,3.2,2024-07-06,1,Mumbai,Tablet,Debit Card,False,Delivered
